Time(s),CHAN1(V),CHAN2(V)
-0.025000,-0.750219,-0.009799
-0.024997,-0.730118,-0.009799
-0.024994,-0.750219,-0.009799
-0.024990,-0.750219,-0.029900
-0.024987,-0.750219,-0.009799
-0.024984,-0.750219,-0.009799
-0.024981,-0.750219,-0.029900
-0.024978,-0.750219,-0.009799
-0.024974,-0.750219,-0.029900
-0.024971,-0.750219,-0.029900
-0.024968,-0.730118,-0.029900
-0.024965,-0.750219,-0.050000
-0.024962,-0.750219,-0.050000
-0.024958,-0.730118,-0.050000
-0.024955,-0.750219,-0.050000
-0.024952,-0.730118,-0.050000
-0.024949,-0.750219,-0.050000
-0.024946,-0.730118,-0.029900
-0.024942,-0.750219,-0.029900
-0.024939,-0.730118,-0.029900
-0.024936,-0.730118,-0.009799
-0.024933,-0.730118,-0.029900
-0.024930,-0.750219,-0.029900
-0.024926,-0.730118,-0.029900
-0.024923,-0.750219,-0.009799
-0.024920,-0.750219,-0.029900
-0.024917,-0.750219,-0.029900
-0.024914,-0.730118,-0.029900
-0.024910,-0.730118,-0.029900
-0.024907,-0.730118,-0.029900
-0.024904,-0.730118,-0.029900
-0.024901,-0.730118,-0.029900
-0.024898,-0.750219,-0.029900
-0.024894,-0.730118,-0.029900
-0.024891,-0.730118,-0.029900
-0.024888,-0.750219,-0.029900
-0.024885,-0.730118,-0.029900
-0.024882,-0.730118,-0.029900
-0.024878,-0.730118,-0.029900
-0.024875,-0.730118,-0.029900
-0.024872,-0.750219,-0.029900
-0.024869,-0.730118,-0.029900
-0.024866,-0.730118,-0.009799
-0.024862,-0.730118,-0.029900
-0.024859,-0.750219,-0.009799
-0.024856,-0.730118,-0.029900
-0.024853,-0.730118,-0.009799
-0.024850,-0.730118,-0.029900
-0.024846,-0.730118,-0.029900
-0.024843,-0.730118,-0.029900
-0.024840,-0.730118,-0.029900
-0.024837,-0.750219,-0.029900
-0.024834,-0.730118,-0.009799
-0.024830,-0.750219,-0.029900
-0.024827,-0.730118,-0.029900
-0.024824,-0.730118,-0.029900
-0.024821,-0.730118,-0.050000
-0.024818,-0.730118,-0.029900
-0.024814,-0.730118,-0.029900
-0.024811,-0.730118,-0.029900
-0.024808,-0.730118,-0.029900
-0.024805,-0.730118,-0.029900
-0.024802,-0.730118,-0.029900
-0.024798,-0.730118,-0.029900
-0.024795,-0.730118,-0.029900
-0.024792,-0.730118,-0.050000
-0.024789,-0.730118,-0.029900
-0.024786,-0.730118,-0.029900
-0.024782,-0.730118,-0.070101
-0.024779,-0.730118,-0.050000
-0.024776,-0.730118,-0.050000
-0.024773,-0.730118,-0.029900
-0.024770,-0.730118,-0.050000
-0.024766,-0.730118,-0.050000
-0.024763,-0.730118,-0.050000
-0.024760,-0.730118,-0.050000
-0.024757,-0.730118,-0.050000
-0.024754,-0.730118,-0.050000
-0.024750,-0.730118,-0.050000
-0.024747,-0.730118,-0.070101
-0.024744,-0.730118,-0.050000
-0.024741,-0.730118,-0.050000
-0.024738,-0.730118,-0.070101
-0.024734,-0.730118,-0.070101
-0.024731,-0.730118,-0.050000
-0.024728,-0.710017,-0.050000
-0.024725,-0.730118,-0.050000
-0.024722,-0.730118,-0.050000
-0.024718,-0.710017,-0.050000
-0.024715,-0.730118,-0.050000
-0.024712,-0.730118,-0.050000
-0.024709,-0.710017,-0.070101
-0.024706,-0.730118,-0.050000
-0.024702,-0.730118,-0.070101
-0.024699,-0.730118,-0.050000
-0.024696,-0.710017,-0.070101
-0.024693,-0.730118,-0.050000
-0.024690,-0.710017,-0.050000
-0.024686,-0.710017,-0.050000
-0.024683,-0.710017,-0.050000
-0.024680,-0.710017,-0.050000
-0.024677,-0.710017,-0.050000
-0.024674,-0.710017,-0.029900
-0.024670,-0.730118,-0.050000
-0.024667,-0.730118,-0.050000
-0.024664,-0.730118,-0.050000
-0.024661,-0.710017,-0.050000
-0.024658,-0.710017,-0.050000
-0.024654,-0.710017,-0.050000
-0.024651,-0.730118,-0.050000
-0.024648,-0.710017,-0.050000
-0.024645,-0.710017,-0.029900
-0.024642,-0.710017,-0.050000
-0.024638,-0.730118,-0.050000
-0.024635,-0.710017,-0.029900
-0.024632,-0.710017,-0.029900
-0.024629,-0.710017,-0.029900
-0.024626,-0.730118,-0.029900
-0.024622,-0.710017,-0.050000
-0.024619,-0.710017,-0.029900
-0.024616,-0.710017,-0.029900
-0.024613,-0.710017,-0.029900
-0.024610,-0.710017,-0.009799
-0.024606,-0.710017,-0.029900
-0.024603,-0.710017,-0.029900
-0.024600,-0.730118,-0.029900
-0.024597,-0.710017,-0.029900
-0.024594,-0.710017,-0.050000
-0.024590,-0.710017,-0.029900
-0.024587,-0.689917,-0.029900
-0.024584,-0.710017,-0.029900
-0.024581,-0.689917,-0.029900
-0.024578,-0.710017,-0.009799
-0.024574,-0.710017,-0.050000
-0.024571,-0.710017,-0.029900
-0.024568,-0.710017,-0.029900
-0.024565,-0.710017,-0.050000
-0.024562,-0.710017,-0.029900
-0.024558,-0.710017,-0.029900
-0.024555,-0.710017,-0.050000
-0.024552,-0.710017,-0.029900
-0.024549,-0.710017,-0.029900
-0.024546,-0.689917,-0.029900
-0.024542,-0.710017,-0.029900
-0.024539,-0.710017,-0.029900
-0.024536,-0.689917,-0.029900
-0.024533,-0.689917,-0.029900
-0.024530,-0.710017,-0.029900
-0.024526,-0.710017,-0.029900
-0.024523,-0.710017,-0.009799
-0.024520,-0.710017,-0.009799
-0.024517,-0.710017,-0.029900
-0.024514,-0.689917,-0.029900
-0.024510,-0.689917,-0.029900
-0.024507,-0.689917,-0.050000
-0.024504,-0.710017,-0.029900
-0.024501,-0.710017,-0.029900
-0.024498,-0.710017,-0.009799
-0.024494,-0.689917,-0.029900
-0.024491,-0.689917,-0.029900
-0.024488,-0.710017,-0.029900
-0.024485,-0.710017,-0.050000
-0.024482,-0.689917,-0.029900
-0.024478,-0.689917,-0.029900
-0.024475,-0.689917,-0.050000
-0.024472,-0.710017,-0.029900
-0.024469,-0.689917,-0.029900
-0.024466,-0.689917,-0.029900
-0.024462,-0.710017,-0.029900
-0.024459,-0.689917,-0.029900
-0.024456,-0.689917,-0.029900
-0.024453,-0.689917,-0.029900
-0.024450,-0.689917,-0.029900
-0.024446,-0.689917,-0.029900
-0.024443,-0.689917,-0.029900
-0.024440,-0.710017,-0.029900
-0.024437,-0.689917,-0.029900
-0.024434,-0.689917,-0.029900
-0.024430,-0.689917,-0.029900
-0.024427,-0.689917,-0.029900
-0.024424,-0.689917,-0.029900
-0.024421,-0.689917,-0.029900
-0.024418,-0.689917,-0.029900
-0.024414,-0.689917,-0.009799
-0.024411,-0.689917,-0.029900
-0.024408,-0.689917,-0.029900
-0.024405,-0.689917,-0.029900
-0.024402,-0.689917,-0.050000
-0.024398,-0.689917,-0.029900
-0.024395,-0.689917,-0.029900
-0.024392,-0.689917,-0.029900
-0.024389,-0.689917,-0.009799
-0.024386,-0.689917,-0.009799
-0.024382,-0.689917,-0.009799
-0.024379,-0.689917,-0.029900
-0.024376,-0.689917,-0.009799
-0.024373,-0.689917,-0.029900
-0.024370,-0.689917,-0.029900
-0.024366,-0.689917,-0.009799
-0.024363,-0.669816,-0.029900
-0.024360,-0.689917,-0.029900
-0.024357,-0.689917,-0.029900
-0.024354,-0.689917,-0.009799
-0.024350,-0.689917,-0.009799
-0.024347,-0.689917,-0.029900
-0.024344,-0.689917,-0.009799
-0.024341,-0.689917,-0.029900
-0.024338,-0.689917,-0.029900
-0.024334,-0.689917,-0.029900
-0.024331,-0.689917,-0.009799
-0.024328,-0.689917,-0.029900
-0.024325,-0.689917,-0.009799
-0.024322,-0.689917,-0.009799
-0.024318,-0.689917,-0.029900
-0.024315,-0.669816,-0.029900
-0.024312,-0.669816,-0.029900
-0.024309,-0.689917,-0.029900
-0.024306,-0.689917,-0.029900
-0.024302,-0.689917,-0.029900
-0.024299,-0.669816,-0.029900
-0.024296,-0.669816,-0.029900
-0.024293,-0.689917,-0.050000
-0.024290,-0.689917,-0.029900
-0.024286,-0.669816,-0.029900
-0.024283,-0.689917,-0.009799
-0.024280,-0.669816,-0.029900
-0.024277,-0.669816,-0.029900
-0.024274,-0.689917,-0.029900
-0.024270,-0.689917,-0.029900
-0.024267,-0.669816,-0.029900
-0.024264,-0.689917,-0.029900
-0.024261,-0.669816,-0.050000
-0.024258,-0.669816,-0.029900
-0.024254,-0.669816,-0.050000
-0.024251,-0.669816,-0.050000
-0.024248,-0.669816,-0.050000
-0.024245,-0.689917,-0.029900
-0.024242,-0.649716,-0.050000
-0.024238,-0.669816,-0.050000
-0.024235,-0.669816,-0.050000
-0.024232,-0.689917,-0.029900
-0.024229,-0.689917,-0.029900
-0.024226,-0.669816,-0.029900
-0.024222,-0.669816,-0.029900
-0.024219,-0.649716,-0.050000
-0.024216,-0.669816,-0.050000
-0.024213,-0.649716,-0.050000
-0.024210,-0.669816,-0.050000
-0.024206,-0.669816,-0.050000
-0.024203,-0.649716,-0.050000
-0.024200,-0.669816,-0.050000
-0.024197,-0.669816,-0.050000
-0.024194,-0.669816,-0.029900
-0.024190,-0.669816,-0.050000
-0.024187,-0.689917,-0.050000
-0.024184,-0.689917,-0.050000
-0.024181,-0.669816,-0.050000
-0.024178,-0.669816,-0.050000
-0.024174,-0.669816,-0.029900
-0.024171,-0.669816,-0.050000
-0.024168,-0.649716,-0.050000
-0.024165,-0.649716,-0.029900
-0.024162,-0.669816,-0.029900
-0.024158,-0.649716,-0.029900
-0.024155,-0.669816,-0.029900
-0.024152,-0.669816,-0.050000
-0.024149,-0.649716,-0.050000
-0.024146,-0.649716,-0.050000
-0.024142,-0.649716,-0.050000
-0.024139,-0.669816,-0.029900
-0.024136,-0.649716,-0.029900
-0.024133,-0.669816,-0.050000
-0.024130,-0.649716,-0.029900
-0.024126,-0.649716,-0.029900
-0.024123,-0.649716,-0.029900
-0.024120,-0.649716,-0.050000
-0.024117,-0.649716,-0.050000
-0.024114,-0.649716,-0.029900
-0.024110,-0.669816,-0.029900
-0.024107,-0.649716,-0.029900
-0.024104,-0.649716,-0.029900
-0.024101,-0.649716,-0.050000
-0.024098,-0.669816,-0.029900
-0.024094,-0.649716,-0.009799
-0.024091,-0.649716,-0.029900
-0.024088,-0.669816,-0.029900
-0.024085,-0.649716,-0.029900
-0.024082,-0.649716,-0.029900
-0.024078,-0.649716,-0.009799
-0.024075,-0.649716,-0.029900
-0.024072,-0.649716,-0.009799
-0.024069,-0.649716,-0.009799
-0.024066,-0.649716,-0.029900
-0.024062,-0.649716,-0.009799
-0.024059,-0.649716,-0.029900
-0.024056,-0.649716,-0.029900
-0.024053,-0.649716,-0.029900
-0.024050,-0.629615,-0.029900
-0.024046,-0.649716,-0.029900
-0.024043,-0.649716,-0.029900
-0.024040,-0.629615,-0.009799
-0.024037,-0.649716,-0.029900
-0.024034,-0.649716,-0.029900
-0.024030,-0.649716,-0.009799
-0.024027,-0.629615,-0.029900
-0.024024,-0.629615,-0.009799
-0.024021,-0.649716,-0.029900
-0.024018,-0.649716,-0.009799
-0.024014,-0.649716,-0.009799
-0.024011,-0.649716,-0.009799
-0.024008,-0.649716,-0.029900
-0.024005,-0.629615,-0.029900
-0.024002,-0.649716,-0.029900
-0.023998,-0.629615,-0.029900
-0.023995,-0.649716,-0.029900
-0.023992,-0.629615,-0.029900
-0.023989,-0.629615,-0.050000
-0.023986,-0.629615,-0.029900
-0.023982,-0.649716,-0.050000
-0.023979,-0.649716,-0.029900
-0.023976,-0.629615,-0.029900
-0.023973,-0.649716,-0.029900
-0.023970,-0.629615,-0.029900
-0.023966,-0.629615,-0.050000
-0.023963,-0.629615,-0.050000
-0.023960,-0.629615,-0.050000
-0.023957,-0.629615,-0.029900
-0.023954,-0.629615,-0.029900
-0.023950,-0.629615,-0.029900
-0.023947,-0.629615,-0.029900
-0.023944,-0.629615,-0.029900
-0.023941,-0.629615,-0.029900
-0.023938,-0.629615,-0.029900
-0.023934,-0.629615,-0.029900
-0.023931,-0.629615,-0.029900
-0.023928,-0.629615,-0.029900
-0.023925,-0.629615,-0.029900
-0.023922,-0.629615,-0.029900
-0.023918,-0.629615,-0.029900
-0.023915,-0.609515,-0.029900
-0.023912,-0.609515,-0.029900
-0.023909,-0.629615,-0.050000
-0.023906,-0.629615,-0.050000
-0.023902,-0.629615,-0.029900
-0.023899,-0.629615,-0.029900
-0.023896,-0.609515,-0.029900
-0.023893,-0.609515,-0.050000
-0.023890,-0.629615,-0.029900
-0.023886,-0.609515,-0.029900
-0.023883,-0.609515,-0.029900
-0.023880,-0.629615,-0.029900
-0.023877,-0.629615,-0.029900
-0.023874,-0.609515,-0.029900
-0.023870,-0.609515,-0.029900
-0.023867,-0.629615,-0.009799
-0.023864,-0.609515,-0.029900
-0.023861,-0.609515,-0.009799
-0.023858,-0.609515,-0.029900
-0.023854,-0.609515,-0.029900
-0.023851,-0.609515,-0.029900
-0.023848,-0.609515,-0.050000
-0.023845,-0.609515,-0.050000
-0.023842,-0.609515,-0.029900
-0.023838,-0.609515,-0.029900
-0.023835,-0.609515,-0.029900
-0.023832,-0.609515,-0.029900
-0.023829,-0.609515,-0.029900
-0.023826,-0.609515,-0.029900
-0.023822,-0.609515,-0.029900
-0.023819,-0.609515,-0.029900
-0.023816,-0.609515,-0.029900
-0.023813,-0.609515,-0.050000
-0.023810,-0.609515,-0.050000
-0.023806,-0.609515,-0.050000
-0.023803,-0.589414,-0.050000
-0.023800,-0.609515,-0.050000
-0.023797,-0.609515,-0.050000
-0.023794,-0.589414,-0.029900
-0.023790,-0.609515,-0.029900
-0.023787,-0.609515,-0.029900
-0.023784,-0.609515,-0.050000
-0.023781,-0.589414,-0.029900
-0.023778,-0.589414,-0.029900
-0.023774,-0.609515,-0.029900
-0.023771,-0.609515,-0.029900
-0.023768,-0.589414,-0.029900
-0.023765,-0.589414,-0.050000
-0.023762,-0.589414,-0.050000
-0.023758,-0.589414,-0.029900
-0.023755,-0.589414,-0.050000
-0.023752,-0.589414,-0.050000
-0.023749,-0.589414,-0.050000
-0.023746,-0.589414,-0.029900
-0.023742,-0.589414,-0.029900
-0.023739,-0.589414,-0.029900
-0.023736,-0.589414,-0.050000
-0.023733,-0.589414,-0.029900
-0.023730,-0.589414,-0.050000
-0.023726,-0.589414,-0.050000
-0.023723,-0.589414,-0.029900
-0.023720,-0.589414,-0.050000
-0.023717,-0.589414,-0.029900
-0.023714,-0.589414,-0.029900
-0.023710,-0.589414,-0.029900
-0.023707,-0.589414,-0.029900
-0.023704,-0.569314,-0.029900
-0.023701,-0.589414,-0.029900
-0.023698,-0.589414,-0.029900
-0.023694,-0.569314,-0.029900
-0.023691,-0.569314,-0.009799
-0.023688,-0.589414,-0.029900
-0.023685,-0.569314,-0.009799
-0.023682,-0.569314,-0.009799
-0.023678,-0.589414,-0.029900
-0.023675,-0.569314,-0.029900
-0.023672,-0.569314,-0.009799
-0.023669,-0.569314,-0.009799
-0.023666,-0.569314,-0.009799
-0.023662,-0.569314,-0.009799
-0.023659,-0.589414,-0.009799
-0.023656,-0.569314,-0.009799
-0.023653,-0.569314,-0.009799
-0.023650,-0.569314,-0.009799
-0.023646,-0.569314,-0.009799
-0.023643,-0.569314,-0.009799
-0.023640,-0.569314,-0.009799
-0.023637,-0.569314,-0.029900
-0.023634,-0.569314,-0.009799
-0.023630,-0.549213,-0.029900
-0.023627,-0.549213,-0.009799
-0.023624,-0.549213,-0.009799
-0.023621,-0.569314,-0.029900
-0.023618,-0.549213,-0.009799
-0.023614,-0.549213,-0.029900
-0.023611,-0.569314,-0.029900
-0.023608,-0.569314,-0.009799
-0.023605,-0.569314,-0.029900
-0.023602,-0.569314,-0.029900
-0.023598,-0.549213,-0.050000
-0.023595,-0.549213,-0.029900
-0.023592,-0.569314,-0.029900
-0.023589,-0.549213,-0.050000
-0.023586,-0.569314,-0.050000
-0.023582,-0.549213,-0.050000
-0.023579,-0.569314,-0.050000
-0.023576,-0.569314,-0.029900
-0.023573,-0.549213,-0.029900
-0.023570,-0.549213,-0.050000
-0.023566,-0.549213,-0.050000
-0.023563,-0.549213,-0.029900
-0.023560,-0.549213,-0.029900
-0.023557,-0.549213,-0.029900
-0.023554,-0.549213,-0.029900
-0.023550,-0.549213,-0.029900
-0.023547,-0.549213,-0.029900
-0.023544,-0.549213,-0.009799
-0.023541,-0.549213,-0.029900
-0.023538,-0.529113,-0.009799
-0.023534,-0.549213,-0.029900
-0.023531,-0.549213,-0.029900
-0.023528,-0.549213,-0.029900
-0.023525,-0.549213,-0.009799
-0.023522,-0.549213,-0.009799
-0.023518,-0.549213,-0.009799
-0.023515,-0.549213,-0.009799
-0.023512,-0.529113,-0.009799
-0.023509,-0.529113,-0.009799
-0.023506,-0.549213,-0.029900
-0.023502,-0.529113,-0.009799
-0.023499,-0.549213,-0.009799
-0.023496,-0.529113,0.010301
-0.023493,-0.549213,0.010301
-0.023490,-0.529113,-0.009799
-0.023486,-0.529113,-0.009799
-0.023483,-0.529113,-0.009799
-0.023480,-0.529113,-0.009799
-0.023477,-0.529113,-0.009799
-0.023474,-0.529113,-0.009799
-0.023470,-0.509012,-0.009799
-0.023467,-0.529113,-0.009799
-0.023464,-0.529113,-0.009799
-0.023461,-0.529113,-0.009799
-0.023458,-0.529113,-0.009799
-0.023454,-0.529113,-0.029900
-0.023451,-0.529113,-0.029900
-0.023448,-0.509012,-0.029900
-0.023445,-0.529113,-0.029900
-0.023442,-0.529113,-0.029900
-0.023438,-0.529113,-0.050000
-0.023435,-0.529113,-0.050000
-0.023432,-0.529113,-0.050000
-0.023429,-0.509012,-0.050000
-0.023426,-0.509012,-0.050000
-0.023422,-0.529113,-0.050000
-0.023419,-0.509012,-0.050000
-0.023416,-0.529113,-0.050000
-0.023413,-0.509012,-0.050000
-0.023410,-0.509012,-0.050000
-0.023406,-0.509012,-0.050000
-0.023403,-0.509012,-0.050000
-0.023400,-0.509012,-0.029900
-0.023397,-0.509012,-0.029900
-0.023394,-0.509012,-0.009799
-0.023390,-0.509012,-0.009799
-0.023387,-0.509012,-0.009799
-0.023384,-0.509012,-0.029900
-0.023381,-0.509012,-0.009799
-0.023378,-0.509012,-0.009799
-0.023374,-0.509012,-0.029900
-0.023371,-0.509012,-0.009799
-0.023368,-0.509012,-0.009799
-0.023365,-0.488912,-0.009799
-0.023362,-0.488912,-0.009799
-0.023358,-0.488912,0.010301
-0.023355,-0.509012,-0.009799
-0.023352,-0.488912,0.010301
-0.023349,-0.488912,-0.009799
-0.023346,-0.488912,-0.009799
-0.023342,-0.488912,-0.009799
-0.023339,-0.488912,-0.009799
-0.023336,-0.509012,-0.009799
-0.023333,-0.488912,-0.009799
-0.023330,-0.488912,-0.009799
-0.023326,-0.488912,-0.009799
-0.023323,-0.488912,-0.009799
-0.023320,-0.488912,-0.009799
-0.023317,-0.488912,-0.009799
-0.023314,-0.488912,0.010301
-0.023310,-0.488912,0.010301
-0.023307,-0.488912,-0.009799
-0.023304,-0.488912,-0.009799
-0.023301,-0.488912,-0.009799
-0.023298,-0.488912,-0.009799
-0.023294,-0.488912,-0.029900
-0.023291,-0.488912,-0.009799
-0.023288,-0.488912,-0.009799
-0.023285,-0.488912,-0.009799
-0.023282,-0.488912,0.010301
-0.023278,-0.468811,-0.009799
-0.023275,-0.488912,-0.009799
-0.023272,-0.468811,-0.009799
-0.023269,-0.488912,-0.009799
-0.023266,-0.468811,-0.009799
-0.023262,-0.488912,-0.009799
-0.023259,-0.468811,-0.009799
-0.023256,-0.468811,0.010301
-0.023253,-0.468811,0.010301
-0.023250,-0.468811,0.010301
-0.023246,-0.468811,-0.009799
-0.023243,-0.448711,0.010301
-0.023240,-0.468811,0.010301
-0.023237,-0.468811,0.010301
-0.023234,-0.468811,0.010301
-0.023230,-0.468811,0.010301
-0.023227,-0.468811,0.010301
-0.023224,-0.468811,0.010301
-0.023221,-0.468811,0.010301
-0.023218,-0.468811,0.030402
-0.023214,-0.468811,0.030402
-0.023211,-0.448711,0.030402
-0.023208,-0.468811,0.030402
-0.023205,-0.448711,0.030402
-0.023202,-0.448711,0.030402
-0.023198,-0.468811,0.030402
-0.023195,-0.468811,0.010301
-0.023192,-0.448711,0.010301
-0.023189,-0.448711,0.030402
-0.023186,-0.448711,0.030402
-0.023182,-0.468811,0.030402
-0.023179,-0.448711,0.030402
-0.023176,-0.448711,0.010301
-0.023173,-0.448711,0.010301
-0.023170,-0.448711,0.030402
-0.023166,-0.448711,0.030402
-0.023163,-0.448711,0.030402
-0.023160,-0.448711,0.030402
-0.023157,-0.448711,0.050502
-0.023154,-0.448711,0.030402
-0.023150,-0.448711,0.050502
-0.023147,-0.448711,0.050502
-0.023144,-0.448711,0.050502
-0.023141,-0.448711,0.050502
-0.023138,-0.448711,0.070603
-0.023134,-0.448711,0.070603
-0.023131,-0.448711,0.070603
-0.023128,-0.428611,0.070603
-0.023125,-0.448711,0.070603
-0.023122,-0.448711,0.090704
-0.023118,-0.428611,0.070603
-0.023115,-0.428611,0.070603
-0.023112,-0.428611,0.090704
-0.023109,-0.428611,0.110804
-0.023106,-0.428611,0.110804
-0.023102,-0.428611,0.130904
-0.023099,-0.448711,0.130904
-0.023096,-0.428611,0.130904
-0.023093,-0.428611,0.130904
-0.023090,-0.428611,0.130904
-0.023086,-0.428611,0.130904
-0.023083,-0.428611,0.151005
-0.023080,-0.428611,0.171106
-0.023077,-0.428611,0.191206
-0.023074,-0.428611,0.191206
-0.023070,-0.428611,0.211307
-0.023067,-0.428611,0.211307
-0.023064,-0.428611,0.231407
-0.023061,-0.428611,0.231407
-0.023058,-0.408510,0.251507
-0.023054,-0.428611,0.251507
-0.023051,-0.428611,0.271608
-0.023048,-0.428611,0.291709
-0.023045,-0.428611,0.291709
-0.023042,-0.408510,0.311809
-0.023038,-0.408510,0.311809
-0.023035,-0.408510,0.331910
-0.023032,-0.408510,0.372111
-0.023029,-0.408510,0.372111
-0.023026,-0.388410,0.412311
-0.023022,-0.408510,0.432412
-0.023019,-0.408510,0.452513
-0.023016,-0.408510,0.472613
-0.023013,-0.408510,0.512814
-0.023010,-0.408510,0.553015
-0.023006,-0.408510,0.573115
-0.023003,-0.388410,0.593216
-0.023000,-0.408510,0.633417
-0.022997,-0.408510,0.673618
-0.022994,-0.388410,0.693719
-0.022990,-0.408510,0.733919
-0.022987,-0.408510,0.774120
-0.022984,-0.388410,0.814321
-0.022981,-0.408510,0.834422
-0.022978,-0.388410,0.854522
-0.022974,-0.388410,0.874623
-0.022971,-0.408510,0.874623
-0.022968,-0.388410,0.894724
-0.022965,-0.388410,0.894724
-0.022962,-0.388410,0.914824
-0.022958,-0.388410,0.914824
-0.022955,-0.388410,0.914824
-0.022952,-0.388410,0.894724
-0.022949,-0.388410,0.894724
-0.022946,-0.388410,0.874623
-0.022942,-0.388410,0.854522
-0.022939,-0.388410,0.834422
-0.022936,-0.368309,0.794221
-0.022933,-0.388410,0.794221
-0.022930,-0.368309,0.754020
-0.022926,-0.388410,0.733919
-0.022923,-0.388410,0.693719
-0.022920,-0.388410,0.673618
-0.022917,-0.368309,0.633417
-0.022914,-0.388410,0.593216
-0.022910,-0.388410,0.573115
-0.022907,-0.388410,0.532914
-0.022904,-0.388410,0.492713
-0.022901,-0.368309,0.472613
-0.022898,-0.368309,0.412311
-0.022894,-0.368309,0.372111
-0.022891,-0.368309,0.352010
-0.022888,-0.388410,0.311809
-0.022885,-0.368309,0.291709
-0.022882,-0.368309,0.291709
-0.022878,-0.388410,0.251507
-0.022875,-0.368309,0.231407
-0.022872,-0.368309,0.211307
-0.022869,-0.368309,0.191206
-0.022866,-0.368309,0.171106
-0.022862,-0.368309,0.171106
-0.022859,-0.368309,0.130904
-0.022856,-0.348209,0.130904
-0.022853,-0.368309,0.110804
-0.022850,-0.368309,0.090704
-0.022846,-0.348209,0.090704
-0.022843,-0.368309,0.090704
-0.022840,-0.368309,0.070603
-0.022837,-0.368309,0.050502
-0.022834,-0.348209,0.050502
-0.022830,-0.368309,0.030402
-0.022827,-0.368309,0.030402
-0.022824,-0.348209,0.030402
-0.022821,-0.368309,0.030402
-0.022818,-0.348209,0.010301
-0.022814,-0.348209,0.010301
-0.022811,-0.348209,-0.009799
-0.022808,-0.348209,-0.009799
-0.022805,-0.348209,-0.009799
-0.022802,-0.348209,-0.029900
-0.022798,-0.348209,-0.029900
-0.022795,-0.348209,-0.029900
-0.022792,-0.328108,-0.029900
-0.022789,-0.348209,-0.050000
-0.022786,-0.348209,-0.050000
-0.022782,-0.348209,-0.050000
-0.022779,-0.348209,-0.050000
-0.022776,-0.348209,-0.050000
-0.022773,-0.348209,-0.070101
-0.022770,-0.348209,-0.070101
-0.022766,-0.328108,-0.070101
-0.022763,-0.348209,-0.090201
-0.022760,-0.348209,-0.070101
-0.022757,-0.328108,-0.070101
-0.022754,-0.328108,-0.070101
-0.022750,-0.328108,-0.090201
-0.022747,-0.348209,-0.090201
-0.022744,-0.328108,-0.090201
-0.022741,-0.328108,-0.090201
-0.022738,-0.328108,-0.110301
-0.022734,-0.328108,-0.090201
-0.022731,-0.328108,-0.110301
-0.022728,-0.328108,-0.110301
-0.022725,-0.328108,-0.110301
-0.022722,-0.328108,-0.110301
-0.022718,-0.328108,-0.090201
-0.022715,-0.328108,-0.090201
-0.022712,-0.328108,-0.090201
-0.022709,-0.328108,-0.090201
-0.022706,-0.328108,-0.090201
-0.022702,-0.328108,-0.090201
-0.022699,-0.328108,-0.090201
-0.022696,-0.328108,-0.070101
-0.022693,-0.328108,-0.090201
-0.022690,-0.308007,-0.090201
-0.022686,-0.308007,-0.090201
-0.022683,-0.328108,-0.090201
-0.022680,-0.308007,-0.090201
-0.022677,-0.308007,-0.090201
-0.022674,-0.328108,-0.090201
-0.022670,-0.308007,-0.090201
-0.022667,-0.308007,-0.090201
-0.022664,-0.308007,-0.110301
-0.022661,-0.287907,-0.090201
-0.022658,-0.308007,-0.090201
-0.022654,-0.328108,-0.110301
-0.022651,-0.328108,-0.110301
-0.022648,-0.308007,-0.110301
-0.022645,-0.308007,-0.130402
-0.022642,-0.308007,-0.110301
-0.022638,-0.308007,-0.110301
-0.022635,-0.287907,-0.130402
-0.022632,-0.308007,-0.130402
-0.022629,-0.308007,-0.110301
-0.022626,-0.308007,-0.110301
-0.022622,-0.308007,-0.110301
-0.022619,-0.308007,-0.110301
-0.022616,-0.308007,-0.110301
-0.022613,-0.308007,-0.110301
-0.022610,-0.287907,-0.110301
-0.022606,-0.308007,-0.130402
-0.022603,-0.308007,-0.110301
-0.022600,-0.287907,-0.130402
-0.022597,-0.287907,-0.130402
-0.022594,-0.287907,-0.110301
-0.022590,-0.287907,-0.110301
-0.022587,-0.287907,-0.110301
-0.022584,-0.287907,-0.110301
-0.022581,-0.287907,-0.110301
-0.022578,-0.287907,-0.130402
-0.022574,-0.287907,-0.130402
-0.022571,-0.287907,-0.110301
-0.022568,-0.287907,-0.130402
-0.022565,-0.287907,-0.130402
-0.022562,-0.287907,-0.130402
-0.022558,-0.287907,-0.110301
-0.022555,-0.287907,-0.110301
-0.022552,-0.287907,-0.110301
-0.022549,-0.287907,-0.090201
-0.022546,-0.287907,-0.110301
-0.022542,-0.287907,-0.110301
-0.022539,-0.267807,-0.090201
-0.022536,-0.267807,-0.090201
-0.022533,-0.287907,-0.090201
-0.022530,-0.287907,-0.090201
-0.022526,-0.287907,-0.090201
-0.022523,-0.267807,-0.090201
-0.022520,-0.267807,-0.090201
-0.022517,-0.287907,-0.090201
-0.022514,-0.267807,-0.070101
-0.022510,-0.267807,-0.090201
-0.022507,-0.267807,-0.090201
-0.022504,-0.267807,-0.090201
-0.022501,-0.267807,-0.110301
-0.022498,-0.267807,-0.070101
-0.022494,-0.267807,-0.090201
-0.022491,-0.267807,-0.090201
-0.022488,-0.267807,-0.090201
-0.022485,-0.267807,-0.090201
-0.022482,-0.267807,-0.110301
-0.022478,-0.267807,-0.090201
-0.022475,-0.267807,-0.110301
-0.022472,-0.247706,-0.090201
-0.022469,-0.247706,-0.090201
-0.022466,-0.247706,-0.090201
-0.022462,-0.247706,-0.090201
-0.022459,-0.247706,-0.090201
-0.022456,-0.247706,-0.090201
-0.022453,-0.247706,-0.090201
-0.022450,-0.247706,-0.090201
-0.022446,-0.267807,-0.090201
-0.022443,-0.247706,-0.090201
-0.022440,-0.247706,-0.070101
-0.022437,-0.227606,-0.090201
-0.022434,-0.247706,-0.070101
-0.022430,-0.247706,-0.090201
-0.022427,-0.247706,-0.090201
-0.022424,-0.247706,-0.090201
-0.022421,-0.247706,-0.090201
-0.022418,-0.247706,-0.090201
-0.022414,-0.247706,-0.090201
-0.022411,-0.247706,-0.070101
-0.022408,-0.247706,-0.090201
-0.022405,-0.227606,-0.090201
-0.022402,-0.247706,-0.110301
-0.022398,-0.227606,-0.090201
-0.022395,-0.247706,-0.110301
-0.022392,-0.227606,-0.090201
-0.022389,-0.227606,-0.090201
-0.022386,-0.227606,-0.090201
-0.022382,-0.227606,-0.090201
-0.022379,-0.227606,-0.110301
-0.022376,-0.227606,-0.110301
-0.022373,-0.227606,-0.090201
-0.022370,-0.227606,-0.090201
-0.022366,-0.227606,-0.090201
-0.022363,-0.227606,-0.090201
-0.022360,-0.227606,-0.090201
-0.022357,-0.227606,-0.110301
-0.022354,-0.227606,-0.090201
-0.022350,-0.227606,-0.110301
-0.022347,-0.227606,-0.110301
-0.022344,-0.207505,-0.110301
-0.022341,-0.227606,-0.110301
-0.022338,-0.227606,-0.110301
-0.022334,-0.227606,-0.090201
-0.022331,-0.207505,-0.110301
-0.022328,-0.227606,-0.110301
-0.022325,-0.207505,-0.090201
-0.022322,-0.207505,-0.110301
-0.022318,-0.207505,-0.110301
-0.022315,-0.227606,-0.110301
-0.022312,-0.207505,-0.110301
-0.022309,-0.227606,-0.110301
-0.022306,-0.207505,-0.090201
-0.022302,-0.207505,-0.090201
-0.022299,-0.207505,-0.090201
-0.022296,-0.227606,-0.090201
-0.022293,-0.227606,-0.110301
-0.022290,-0.207505,-0.090201
-0.022286,-0.207505,-0.090201
-0.022283,-0.227606,-0.090201
-0.022280,-0.207505,-0.090201
-0.022277,-0.207505,-0.110301
-0.022274,-0.207505,-0.090201
-0.022270,-0.207505,-0.110301
-0.022267,-0.207505,-0.110301
-0.022264,-0.207505,-0.090201
-0.022261,-0.207505,-0.110301
-0.022258,-0.207505,-0.110301
-0.022254,-0.187405,-0.110301
-0.022251,-0.187405,-0.110301
-0.022248,-0.207505,-0.110301
-0.022245,-0.207505,-0.090201
-0.022242,-0.207505,-0.090201
-0.022238,-0.187405,-0.090201
-0.022235,-0.187405,-0.090201
-0.022232,-0.207505,-0.090201
-0.022229,-0.187405,-0.090201
-0.022226,-0.187405,-0.090201
-0.022222,-0.207505,-0.070101
-0.022219,-0.187405,-0.090201
-0.022216,-0.187405,-0.070101
-0.022213,-0.187405,-0.070101
-0.022210,-0.187405,-0.090201
-0.022206,-0.187405,-0.070101
-0.022203,-0.187405,-0.090201
-0.022200,-0.167304,-0.070101
-0.022197,-0.187405,-0.070101
-0.022194,-0.187405,-0.070101
-0.022190,-0.187405,-0.090201
-0.022187,-0.187405,-0.070101
-0.022184,-0.187405,-0.070101
-0.022181,-0.167304,-0.090201
-0.022178,-0.187405,-0.090201
-0.022174,-0.167304,-0.070101
-0.022171,-0.167304,-0.070101
-0.022168,-0.187405,-0.110301
-0.022165,-0.167304,-0.090201
-0.022162,-0.167304,-0.090201
-0.022158,-0.167304,-0.090201
-0.022155,-0.167304,-0.090201
-0.022152,-0.187405,-0.090201
-0.022149,-0.167304,-0.090201
-0.022146,-0.167304,-0.090201
-0.022142,-0.167304,-0.070101
-0.022139,-0.167304,-0.090201
-0.022136,-0.167304,-0.090201
-0.022133,-0.167304,-0.090201
-0.022130,-0.167304,-0.090201
-0.022126,-0.167304,-0.090201
-0.022123,-0.167304,-0.090201
-0.022120,-0.167304,-0.110301
-0.022117,-0.147204,-0.110301
-0.022114,-0.167304,-0.090201
-0.022110,-0.167304,-0.110301
-0.022107,-0.167304,-0.110301
-0.022104,-0.167304,-0.110301
-0.022101,-0.167304,-0.110301
-0.022098,-0.167304,-0.110301
-0.022094,-0.167304,-0.110301
-0.022091,-0.167304,-0.110301
-0.022088,-0.167304,-0.110301
-0.022085,-0.147204,-0.110301
-0.022082,-0.147204,-0.110301
-0.022078,-0.147204,-0.110301
-0.022075,-0.147204,-0.110301
-0.022072,-0.167304,-0.110301
-0.022069,-0.147204,-0.090201
-0.022066,-0.147204,-0.090201
-0.022062,-0.147204,-0.110301
-0.022059,-0.147204,-0.090201
-0.022056,-0.147204,-0.090201
-0.022053,-0.147204,-0.090201
-0.022050,-0.147204,-0.090201
-0.022046,-0.147204,-0.090201
-0.022043,-0.147204,-0.090201
-0.022040,-0.147204,-0.090201
-0.022037,-0.147204,-0.090201
-0.022034,-0.147204,-0.070101
-0.022030,-0.147204,-0.090201
-0.022027,-0.147204,-0.090201
-0.022024,-0.127103,-0.110301
-0.022021,-0.127103,-0.110301
-0.022018,-0.127103,-0.110301
-0.022014,-0.127103,-0.110301
-0.022011,-0.147204,-0.090201
-0.022008,-0.127103,-0.090201
-0.022005,-0.127103,-0.090201
-0.022002,-0.127103,-0.090201
-0.021998,-0.147204,-0.110301
-0.021995,-0.147204,-0.110301
-0.021992,-0.127103,-0.110301
-0.021989,-0.127103,-0.090201
-0.021986,-0.127103,-0.090201
-0.021982,-0.127103,-0.090201
-0.021979,-0.127103,-0.090201
-0.021976,-0.127103,-0.090201
-0.021973,-0.127103,-0.110301
-0.021970,-0.127103,-0.110301
-0.021966,-0.127103,-0.110301
-0.021963,-0.127103,-0.110301
-0.021960,-0.127103,-0.110301
-0.021957,-0.127103,-0.110301
-0.021954,-0.127103,-0.090201
-0.021950,-0.107003,-0.110301
-0.021947,-0.147204,-0.090201
-0.021944,-0.127103,-0.110301
-0.021941,-0.127103,-0.090201
-0.021938,-0.127103,-0.090201
-0.021934,-0.107003,-0.090201
-0.021931,-0.107003,-0.090201
-0.021928,-0.127103,-0.110301
-0.021925,-0.107003,-0.090201
-0.021922,-0.107003,-0.090201
-0.021918,-0.107003,-0.090201
-0.021915,-0.107003,-0.110301
-0.021912,-0.107003,-0.090201
-0.021909,-0.107003,-0.090201
-0.021906,-0.107003,-0.090201
-0.021902,-0.107003,-0.090201
-0.021899,-0.107003,-0.090201
-0.021896,-0.107003,-0.090201
-0.021893,-0.107003,-0.090201
-0.021890,-0.086902,-0.090201
-0.021886,-0.107003,-0.070101
-0.021883,-0.107003,-0.070101
-0.021880,-0.107003,-0.070101
-0.021877,-0.107003,-0.070101
-0.021874,-0.127103,-0.090201
-0.021870,-0.107003,-0.090201
-0.021867,-0.107003,-0.090201
-0.021864,-0.107003,-0.070101
-0.021861,-0.107003,-0.070101
-0.021858,-0.107003,-0.090201
-0.021854,-0.086902,-0.070101
-0.021851,-0.107003,-0.090201
-0.021848,-0.086902,-0.070101
-0.021845,-0.066801,-0.090201
-0.021842,-0.086902,-0.070101
-0.021838,-0.107003,-0.070101
-0.021835,-0.107003,-0.070101
-0.021832,-0.086902,-0.090201
-0.021829,-0.086902,-0.090201
-0.021826,-0.086902,-0.070101
-0.021822,-0.107003,-0.090201
-0.021819,-0.107003,-0.090201
-0.021816,-0.086902,-0.090201
-0.021813,-0.086902,-0.090201
-0.021810,-0.086902,-0.090201
-0.021806,-0.086902,-0.090201
-0.021803,-0.086902,-0.090201
-0.021800,-0.086902,-0.090201
-0.021797,-0.086902,-0.090201
-0.021794,-0.086902,-0.090201
-0.021790,-0.086902,-0.090201
-0.021787,-0.086902,-0.070101
-0.021784,-0.086902,-0.070101
-0.021781,-0.086902,-0.070101
-0.021778,-0.066801,-0.070101
-0.021774,-0.086902,-0.070101
-0.021771,-0.086902,-0.090201
-0.021768,-0.066801,-0.070101
-0.021765,-0.066801,-0.070101
-0.021762,-0.066801,-0.070101
-0.021758,-0.066801,-0.070101
-0.021755,-0.066801,-0.070101
-0.021752,-0.066801,-0.070101
-0.021749,-0.066801,-0.070101
-0.021746,-0.066801,-0.050000
-0.021742,-0.066801,-0.070101
-0.021739,-0.066801,-0.070101
-0.021736,-0.066801,-0.050000
-0.021733,-0.086902,-0.050000
-0.021730,-0.066801,-0.050000
-0.021726,-0.066801,-0.050000
-0.021723,-0.066801,-0.070101
-0.021720,-0.066801,-0.070101
-0.021717,-0.066801,-0.070101
-0.021714,-0.046701,-0.070101
-0.021710,-0.066801,-0.070101
-0.021707,-0.046701,-0.070101
-0.021704,-0.046701,-0.050000
-0.021701,-0.066801,-0.050000
-0.021698,-0.066801,-0.050000
-0.021694,-0.066801,-0.070101
-0.021691,-0.066801,-0.070101
-0.021688,-0.066801,-0.070101
-0.021685,-0.046701,-0.070101
-0.021682,-0.046701,-0.050000
-0.021678,-0.046701,-0.070101
-0.021675,-0.066801,-0.070101
-0.021672,-0.046701,-0.070101
-0.021669,-0.046701,-0.070101
-0.021666,-0.046701,-0.070101
-0.021662,-0.046701,-0.090201
-0.021659,-0.046701,-0.070101
-0.021656,-0.046701,-0.070101
-0.021653,-0.046701,-0.070101
-0.021650,-0.046701,-0.070101
-0.021646,-0.046701,-0.090201
-0.021643,-0.046701,-0.070101
-0.021640,-0.046701,-0.070101
-0.021637,-0.046701,-0.070101
-0.021634,-0.026600,-0.090201
-0.021630,-0.046701,-0.070101
-0.021627,-0.046701,-0.090201
-0.021624,-0.046701,-0.090201
-0.021621,-0.046701,-0.070101
-0.021618,-0.046701,-0.070101
-0.021614,-0.046701,-0.070101
-0.021611,-0.046701,-0.070101
-0.021608,-0.026600,-0.070101
-0.021605,-0.026600,-0.070101
-0.021602,-0.026600,-0.050000
-0.021598,-0.046701,-0.050000
-0.021595,-0.026600,-0.050000
-0.021592,-0.046701,-0.070101
-0.021589,-0.026600,-0.070101
-0.021586,-0.026600,-0.050000
-0.021582,-0.026600,-0.050000
-0.021579,-0.026600,-0.050000
-0.021576,-0.026600,-0.070101
-0.021573,-0.026600,-0.029900
-0.021570,-0.026600,-0.029900
-0.021566,-0.026600,-0.050000
-0.021563,-0.046701,-0.029900
-0.021560,-0.006500,-0.050000
-0.021557,-0.026600,-0.050000
-0.021554,-0.026600,-0.029900
-0.021550,-0.026600,-0.029900
-0.021547,-0.026600,-0.029900
-0.021544,-0.026600,-0.029900
-0.021541,-0.026600,-0.050000
-0.021538,-0.026600,-0.050000
-0.021534,-0.026600,-0.050000
-0.021531,-0.026600,-0.050000
-0.021528,-0.026600,-0.050000
-0.021525,-0.026600,-0.029900
-0.021522,-0.006500,-0.050000
-0.021518,-0.026600,-0.029900
-0.021515,-0.026600,-0.029900
-0.021512,-0.026600,-0.029900
-0.021509,-0.006500,-0.050000
-0.021506,-0.006500,-0.029900
-0.021502,-0.026600,-0.029900
-0.021499,-0.006500,-0.029900
-0.021496,-0.006500,-0.029900
-0.021493,-0.006500,-0.009799
-0.021490,-0.006500,-0.009799
-0.021486,-0.006500,-0.009799
-0.021483,-0.006500,-0.029900
-0.021480,-0.006500,-0.029900
-0.021477,-0.006500,-0.029900
-0.021474,-0.006500,-0.009799
-0.021470,-0.006500,-0.029900
-0.021467,-0.006500,-0.029900
-0.021464,-0.006500,-0.029900
-0.021461,-0.006500,-0.029900
-0.021458,-0.006500,-0.029900
-0.021454,0.013601,-0.029900
-0.021451,-0.006500,-0.029900
-0.021448,-0.006500,-0.029900
-0.021445,-0.006500,-0.050000
-0.021442,-0.006500,-0.029900
-0.021438,-0.006500,-0.050000
-0.021435,-0.006500,-0.050000
-0.021432,0.013601,-0.029900
-0.021429,0.013601,-0.029900
-0.021426,0.013601,-0.029900
-0.021422,0.013601,-0.050000
-0.021419,0.013601,-0.029900
-0.021416,0.013601,-0.029900
-0.021413,0.013601,-0.050000
-0.021410,0.013601,-0.050000
-0.021406,0.013601,-0.050000
-0.021403,0.033701,-0.050000
-0.021400,0.033701,-0.050000
-0.021397,0.013601,-0.029900
-0.021394,0.013601,-0.029900
-0.021390,0.013601,-0.029900
-0.021387,0.013601,-0.029900
-0.021384,0.013601,-0.029900
-0.021381,0.033701,-0.029900
-0.021378,0.013601,-0.029900
-0.021374,0.013601,-0.029900
-0.021371,0.033701,-0.029900
-0.021368,0.033701,-0.029900
-0.021365,0.033701,-0.029900
-0.021362,0.033701,-0.029900
-0.021358,0.033701,-0.029900
-0.021355,0.033701,-0.029900
-0.021352,0.033701,-0.029900
-0.021349,0.033701,-0.029900
-0.021346,0.033701,-0.029900
-0.021342,0.033701,-0.029900
-0.021339,0.013601,-0.029900
-0.021336,0.033701,-0.029900
-0.021333,0.033701,-0.029900
-0.021330,0.033701,-0.029900
-0.021326,0.033701,-0.050000
-0.021323,0.033701,-0.029900
-0.021320,0.053802,-0.029900
-0.021317,0.033701,-0.029900
-0.021314,0.033701,-0.029900
-0.021310,0.033701,-0.029900
-0.021307,0.033701,-0.029900
-0.021304,0.033701,-0.029900
-0.021301,0.033701,-0.029900
-0.021298,0.033701,-0.050000
-0.021294,0.033701,-0.029900
-0.021291,0.033701,-0.029900
-0.021288,0.033701,-0.029900
-0.021285,0.033701,-0.029900
-0.021282,0.033701,-0.029900
-0.021278,0.053802,-0.029900
-0.021275,0.053802,-0.029900
-0.021272,0.053802,-0.029900
-0.021269,0.053802,-0.029900
-0.021266,0.033701,-0.029900
-0.021262,0.053802,-0.029900
-0.021259,0.053802,-0.029900
-0.021256,0.053802,-0.029900
-0.021253,0.053802,-0.029900
-0.021250,0.053802,-0.029900
-0.021246,0.053802,-0.029900
-0.021243,0.033701,-0.029900
-0.021240,0.053802,-0.029900
-0.021237,0.053802,-0.029900
-0.021234,0.053802,-0.050000
-0.021230,0.053802,-0.029900
-0.021227,0.053802,-0.050000
-0.021224,0.053802,-0.050000
-0.021221,0.053802,-0.050000
-0.021218,0.053802,-0.050000
-0.021214,0.053802,-0.050000
-0.021211,0.053802,-0.050000
-0.021208,0.053802,-0.029900
-0.021205,0.053802,-0.050000
-0.021202,0.073902,-0.029900
-0.021198,0.053802,-0.029900
-0.021195,0.073902,-0.050000
-0.021192,0.053802,-0.029900
-0.021189,0.053802,-0.050000
-0.021186,0.073902,-0.050000
-0.021182,0.053802,-0.029900
-0.021179,0.073902,-0.029900
-0.021176,0.073902,-0.029900
-0.021173,0.053802,-0.029900
-0.021170,0.073902,-0.029900
-0.021166,0.053802,-0.029900
-0.021163,0.073902,-0.029900
-0.021160,0.073902,-0.009799
-0.021157,0.073902,-0.029900
-0.021154,0.053802,-0.029900
-0.021150,0.094002,-0.029900
-0.021147,0.073902,-0.009799
-0.021144,0.073902,-0.009799
-0.021141,0.094002,-0.009799
-0.021138,0.073902,-0.009799
-0.021134,0.094002,-0.009799
-0.021131,0.073902,-0.009799
-0.021128,0.073902,-0.029900
-0.021125,0.073902,-0.009799
-0.021122,0.073902,-0.029900
-0.021118,0.073902,-0.009799
-0.021115,0.094002,-0.009799
-0.021112,0.094002,-0.029900
-0.021109,0.094002,-0.009799
-0.021106,0.094002,-0.029900
-0.021102,0.073902,-0.029900
-0.021099,0.094002,-0.029900
-0.021096,0.094002,-0.029900
-0.021093,0.094002,-0.029900
-0.021090,0.094002,-0.029900
-0.021086,0.094002,-0.029900
-0.021083,0.094002,-0.029900
-0.021080,0.094002,-0.009799
-0.021077,0.094002,-0.029900
-0.021074,0.094002,-0.009799
-0.021070,0.094002,-0.029900
-0.021067,0.094002,-0.029900
-0.021064,0.114103,-0.029900
-0.021061,0.114103,-0.029900
-0.021058,0.094002,-0.029900
-0.021054,0.114103,-0.009799
-0.021051,0.094002,-0.009799
-0.021048,0.094002,-0.009799
-0.021045,0.094002,0.010301
-0.021042,0.114103,-0.009799
-0.021038,0.114103,-0.009799
-0.021035,0.114103,-0.009799
-0.021032,0.114103,-0.009799
-0.021029,0.114103,-0.009799
-0.021026,0.114103,-0.009799
-0.021022,0.114103,-0.009799
-0.021019,0.114103,-0.009799
-0.021016,0.114103,-0.009799
-0.021013,0.134204,0.010301
-0.021010,0.114103,0.010301
-0.021006,0.114103,0.010301
-0.021003,0.134204,0.030402
-0.021000,0.114103,0.030402
-0.020997,0.134204,0.010301
-0.020994,0.134204,0.030402
-0.020990,0.094002,0.030402
-0.020987,0.114103,0.010301
-0.020984,0.134204,0.010301
-0.020981,0.134204,0.010301
-0.020978,0.114103,0.010301
-0.020974,0.114103,-0.009799
-0.020971,0.114103,-0.009799
-0.020968,0.134204,0.010301
-0.020965,0.134204,-0.009799
-0.020962,0.134204,0.010301
-0.020958,0.134204,0.010301
-0.020955,0.134204,-0.009799
-0.020952,0.134204,-0.009799
-0.020949,0.134204,0.010301
-0.020946,0.134204,-0.009799
-0.020942,0.134204,0.010301
-0.020939,0.134204,-0.009799
-0.020936,0.134204,-0.009799
-0.020933,0.134204,-0.009799
-0.020930,0.134204,-0.009799
-0.020926,0.134204,-0.009799
-0.020923,0.134204,-0.009799
-0.020920,0.154304,-0.009799
-0.020917,0.134204,-0.029900
-0.020914,0.134204,-0.029900
-0.020910,0.154304,-0.009799
-0.020907,0.154304,-0.009799
-0.020904,0.134204,-0.009799
-0.020901,0.154304,-0.029900
-0.020898,0.134204,-0.029900
-0.020894,0.154304,-0.029900
-0.020891,0.154304,-0.029900
-0.020888,0.134204,-0.029900
-0.020885,0.134204,-0.029900
-0.020882,0.134204,-0.029900
-0.020878,0.154304,-0.050000
-0.020875,0.154304,-0.029900
-0.020872,0.134204,-0.029900
-0.020869,0.154304,-0.029900
-0.020866,0.154304,-0.029900
-0.020862,0.154304,-0.029900
-0.020859,0.154304,-0.029900
-0.020856,0.154304,-0.029900
-0.020853,0.154304,-0.050000
-0.020850,0.154304,-0.050000
-0.020846,0.154304,-0.029900
-0.020843,0.154304,-0.050000
-0.020840,0.154304,-0.029900
-0.020837,0.154304,-0.050000
-0.020834,0.154304,-0.050000
-0.020830,0.154304,-0.050000
-0.020827,0.174404,-0.029900
-0.020824,0.174404,-0.050000
-0.020821,0.174404,-0.050000
-0.020818,0.154304,-0.029900
-0.020814,0.154304,-0.029900
-0.020811,0.174404,-0.029900
-0.020808,0.174404,-0.009799
-0.020805,0.154304,-0.029900
-0.020802,0.174404,-0.050000
-0.020798,0.174404,-0.029900
-0.020795,0.174404,-0.029900
-0.020792,0.174404,-0.029900
-0.020789,0.174404,-0.029900
-0.020786,0.174404,-0.029900
-0.020782,0.174404,-0.029900
-0.020779,0.174404,-0.029900
-0.020776,0.174404,-0.050000
-0.020773,0.174404,-0.029900
-0.020770,0.174404,-0.029900
-0.020766,0.194505,-0.029900
-0.020763,0.194505,-0.029900
-0.020760,0.174404,-0.029900
-0.020757,0.174404,-0.029900
-0.020754,0.174404,-0.029900
-0.020750,0.174404,-0.050000
-0.020747,0.174404,-0.029900
-0.020744,0.194505,-0.050000
-0.020741,0.194505,-0.050000
-0.020738,0.194505,-0.050000
-0.020734,0.194505,-0.050000
-0.020731,0.194505,-0.029900
-0.020728,0.194505,-0.050000
-0.020725,0.194505,-0.050000
-0.020722,0.194505,-0.029900
-0.020718,0.194505,-0.050000
-0.020715,0.194505,-0.029900
-0.020712,0.194505,-0.050000
-0.020709,0.194505,-0.050000
-0.020706,0.194505,-0.050000
-0.020702,0.194505,-0.029900
-0.020699,0.194505,-0.029900
-0.020696,0.194505,-0.029900
-0.020693,0.194505,-0.009799
-0.020690,0.194505,-0.009799
-0.020686,0.194505,-0.009799
-0.020683,0.194505,-0.009799
-0.020680,0.214606,-0.009799
-0.020677,0.194505,-0.009799
-0.020674,0.214606,-0.009799
-0.020670,0.194505,-0.009799
-0.020667,0.214606,-0.029900
-0.020664,0.214606,-0.029900
-0.020661,0.214606,-0.029900
-0.020658,0.214606,-0.029900
-0.020654,0.214606,-0.029900
-0.020651,0.214606,-0.029900
-0.020648,0.214606,-0.050000
-0.020645,0.214606,-0.029900
-0.020642,0.214606,-0.029900
-0.020638,0.214606,-0.029900
-0.020635,0.214606,-0.029900
-0.020632,0.214606,-0.029900
-0.020629,0.214606,-0.009799
-0.020626,0.214606,-0.009799
-0.020622,0.214606,-0.009799
-0.020619,0.214606,0.010301
-0.020616,0.214606,-0.009799
-0.020613,0.214606,0.010301
-0.020610,0.234706,0.010301
-0.020606,0.214606,-0.009799
-0.020603,0.234706,-0.009799
-0.020600,0.214606,-0.009799
-0.020597,0.214606,-0.009799
-0.020594,0.214606,-0.029900
-0.020590,0.214606,-0.029900
-0.020587,0.234706,-0.029900
-0.020584,0.234706,-0.029900
-0.020581,0.234706,-0.009799
-0.020578,0.214606,-0.029900
-0.020574,0.234706,-0.029900
-0.020571,0.234706,-0.029900
-0.020568,0.234706,-0.029900
-0.020565,0.234706,-0.050000
-0.020562,0.234706,-0.050000
-0.020558,0.234706,-0.029900
-0.020555,0.234706,-0.029900
-0.020552,0.234706,-0.029900
-0.020549,0.234706,-0.029900
-0.020546,0.234706,-0.029900
-0.020542,0.234706,-0.029900
-0.020539,0.234706,-0.029900
-0.020536,0.234706,-0.029900
-0.020533,0.234706,-0.009799
-0.020530,0.234706,-0.029900
-0.020526,0.234706,-0.029900
-0.020523,0.254806,-0.009799
-0.020520,0.234706,-0.009799
-0.020517,0.234706,-0.009799
-0.020514,0.254806,-0.009799
-0.020510,0.254806,-0.009799
-0.020507,0.254806,-0.009799
-0.020504,0.254806,-0.009799
-0.020501,0.254806,-0.029900
-0.020498,0.234706,-0.009799
-0.020494,0.254806,-0.009799
-0.020491,0.254806,-0.009799
-0.020488,0.254806,-0.009799
-0.020485,0.254806,-0.009799
-0.020482,0.254806,-0.009799
-0.020478,0.254806,-0.009799
-0.020475,0.254806,-0.009799
-0.020472,0.254806,-0.009799
-0.020469,0.234706,-0.009799
-0.020466,0.254806,-0.009799
-0.020462,0.254806,-0.009799
-0.020459,0.254806,0.010301
-0.020456,0.254806,-0.009799
-0.020453,0.254806,-0.009799
-0.020450,0.254806,-0.009799
-0.020446,0.254806,-0.009799
-0.020443,0.254806,-0.029900
-0.020440,0.274907,-0.009799
-0.020437,0.254806,-0.029900
-0.020434,0.274907,-0.009799
-0.020430,0.274907,-0.009799
-0.020427,0.274907,-0.029900
-0.020424,0.274907,-0.029900
-0.020421,0.274907,-0.009799
-0.020418,0.254806,-0.029900
-0.020414,0.274907,-0.029900
-0.020411,0.274907,-0.029900
-0.020408,0.274907,-0.029900
-0.020405,0.274907,-0.029900
-0.020402,0.274907,-0.029900
-0.020398,0.274907,-0.029900
-0.020395,0.274907,-0.029900
-0.020392,0.274907,-0.009799
-0.020389,0.274907,-0.009799
-0.020386,0.295007,-0.009799
-0.020382,0.274907,-0.009799
-0.020379,0.274907,0.010301
-0.020376,0.274907,-0.009799
-0.020373,0.274907,-0.009799
-0.020370,0.274907,-0.009799
-0.020366,0.274907,-0.009799
-0.020363,0.295007,-0.029900
-0.020360,0.274907,-0.009799
-0.020357,0.274907,-0.029900
-0.020354,0.295007,-0.009799
-0.020350,0.295007,-0.009799
-0.020347,0.295007,0.010301
-0.020344,0.274907,-0.009799
-0.020341,0.295007,0.010301
-0.020338,0.295007,-0.009799
-0.020334,0.295007,-0.009799
-0.020331,0.295007,0.010301
-0.020328,0.295007,-0.009799
-0.020325,0.295007,-0.009799
-0.020322,0.295007,-0.009799
-0.020318,0.295007,-0.009799
-0.020315,0.295007,-0.009799
-0.020312,0.295007,0.010301
-0.020309,0.295007,-0.009799
-0.020306,0.295007,-0.009799
-0.020302,0.295007,-0.009799
-0.020299,0.295007,-0.029900
-0.020296,0.295007,-0.009799
-0.020293,0.295007,-0.009799
-0.020290,0.295007,-0.009799
-0.020286,0.295007,-0.009799
-0.020283,0.315108,-0.009799
-0.020280,0.315108,0.010301
-0.020277,0.315108,0.010301
-0.020274,0.315108,-0.009799
-0.020270,0.295007,0.010301
-0.020267,0.315108,0.010301
-0.020264,0.315108,0.010301
-0.020261,0.315108,0.010301
-0.020258,0.295007,0.030402
-0.020254,0.335209,0.010301
-0.020251,0.315108,0.030402
-0.020248,0.315108,0.030402
-0.020245,0.315108,0.030402
-0.020242,0.315108,0.030402
-0.020238,0.315108,0.030402
-0.020235,0.315108,0.030402
-0.020232,0.315108,0.030402
-0.020229,0.315108,0.030402
-0.020226,0.335209,0.030402
-0.020222,0.315108,0.030402
-0.020219,0.315108,0.050502
-0.020216,0.315108,0.030402
-0.020213,0.335209,0.030402
-0.020210,0.335209,0.050502
-0.020206,0.335209,0.050502
-0.020203,0.335209,0.050502
-0.020200,0.315108,0.050502
-0.020197,0.335209,0.050502
-0.020194,0.315108,0.050502
-0.020190,0.335209,0.050502
-0.020187,0.335209,0.050502
-0.020184,0.335209,0.050502
-0.020181,0.335209,0.070603
-0.020178,0.335209,0.070603
-0.020174,0.335209,0.050502
-0.020171,0.335209,0.070603
-0.020168,0.335209,0.070603
-0.020165,0.335209,0.090704
-0.020162,0.335209,0.090704
-0.020158,0.335209,0.090704
-0.020155,0.355309,0.090704
-0.020152,0.335209,0.110804
-0.020149,0.335209,0.110804
-0.020146,0.355309,0.110804
-0.020142,0.355309,0.110804
-0.020139,0.335209,0.110804
-0.020136,0.335209,0.130904
-0.020133,0.335209,0.130904
-0.020130,0.335209,0.130904
-0.020126,0.355309,0.151005
-0.020123,0.355309,0.151005
-0.020120,0.335209,0.151005
-0.020117,0.355309,0.151005
-0.020114,0.335209,0.171106
-0.020110,0.335209,0.191206
-0.020107,0.335209,0.191206
-0.020104,0.355309,0.211307
-0.020101,0.335209,0.211307
-0.020098,0.355309,0.231407
-0.020094,0.355309,0.231407
-0.020091,0.355309,0.231407
-0.020088,0.355309,0.251507
-0.020085,0.355309,0.251507
-0.020082,0.355309,0.271608
-0.020078,0.355309,0.291709
-0.020075,0.355309,0.291709
-0.020072,0.355309,0.331910
-0.020069,0.335209,0.331910
-0.020066,0.355309,0.352010
-0.020062,0.355309,0.372111
-0.020059,0.355309,0.392211
-0.020056,0.375410,0.432412
-0.020053,0.355309,0.432412
-0.020050,0.355309,0.472613
-0.020046,0.355309,0.492713
-0.020043,0.355309,0.532914
-0.020040,0.375410,0.532914
-0.020037,0.355309,0.573115
-0.020034,0.355309,0.593216
-0.020030,0.375410,0.613316
-0.020027,0.375410,0.653517
-0.020024,0.375410,0.693719
-0.020021,0.375410,0.693719
-0.020018,0.375410,0.733919
-0.020014,0.355309,0.774120
-0.020011,0.375410,0.794221
-0.020008,0.375410,0.814321
-0.020005,0.375410,0.834422
-0.020002,0.375410,0.854522
-0.019998,0.375410,0.874623
-0.019995,0.375410,0.894724
-0.019992,0.375410,0.894724
-0.019989,0.375410,0.914824
-0.019986,0.375410,0.934924
-0.019982,0.375410,0.914824
-0.019979,0.375410,0.934924
-0.019976,0.395510,0.934924
-0.019973,0.395510,0.914824
-0.019970,0.375410,0.914824
-0.019966,0.375410,0.894724
-0.019963,0.375410,0.874623
-0.019960,0.375410,0.854522
-0.019957,0.395510,0.834422
-0.019954,0.375410,0.794221
-0.019950,0.395510,0.774120
-0.019947,0.395510,0.754020
-0.019944,0.395510,0.713819
-0.019941,0.395510,0.673618
-0.019938,0.395510,0.653517
-0.019934,0.395510,0.613316
-0.019931,0.395510,0.573115
-0.019928,0.395510,0.512814
-0.019925,0.395510,0.492713
-0.019922,0.395510,0.472613
-0.019918,0.395510,0.452513
-0.019915,0.375410,0.432412
-0.019912,0.395510,0.372111
-0.019909,0.395510,0.352010
-0.019906,0.395510,0.331910
-0.019902,0.395510,0.291709
-0.019899,0.395510,0.291709
-0.019896,0.395510,0.271608
-0.019893,0.395510,0.251507
-0.019890,0.395510,0.231407
-0.019886,0.415610,0.191206
-0.019883,0.395510,0.191206
-0.019880,0.415610,0.151005
-0.019877,0.415610,0.151005
-0.019874,0.415610,0.151005
-0.019870,0.415610,0.110804
-0.019867,0.415610,0.130904
-0.019864,0.415610,0.110804
-0.019861,0.415610,0.090704
-0.019858,0.415610,0.090704
-0.019854,0.415610,0.090704
-0.019851,0.415610,0.070603
-0.019848,0.415610,0.070603
-0.019845,0.415610,0.050502
-0.019842,0.415610,0.030402
-0.019838,0.415610,0.030402
-0.019835,0.415610,0.030402
-0.019832,0.415610,0.010301
-0.019829,0.435711,0.010301
-0.019826,0.415610,0.010301
-0.019822,0.415610,-0.009799
-0.019819,0.415610,-0.009799
-0.019816,0.415610,-0.029900
-0.019813,0.415610,-0.029900
-0.019810,0.415610,-0.050000
-0.019806,0.415610,-0.050000
-0.019803,0.415610,-0.070101
-0.019800,0.435711,-0.050000
-0.019797,0.415610,-0.070101
-0.019794,0.435711,-0.050000
-0.019790,0.415610,-0.070101
-0.019787,0.435711,-0.090201
-0.019784,0.435711,-0.090201
-0.019781,0.415610,-0.090201
-0.019778,0.415610,-0.090201
-0.019774,0.435711,-0.090201
-0.019771,0.415610,-0.110301
-0.019768,0.435711,-0.090201
-0.019765,0.435711,-0.110301
-0.019762,0.435711,-0.090201
-0.019758,0.435711,-0.110301
-0.019755,0.435711,-0.110301
-0.019752,0.435711,-0.110301
-0.019749,0.435711,-0.110301
-0.019746,0.435711,-0.130402
-0.019742,0.435711,-0.110301
-0.019739,0.455811,-0.130402
-0.019736,0.455811,-0.110301
-0.019733,0.435711,-0.110301
-0.019730,0.455811,-0.130402
-0.019726,0.455811,-0.130402
-0.019723,0.435711,-0.130402
-0.019720,0.455811,-0.130402
-0.019717,0.435711,-0.130402
-0.019714,0.435711,-0.130402
-0.019710,0.455811,-0.130402
-0.019707,0.435711,-0.130402
-0.019704,0.455811,-0.150502
-0.019701,0.455811,-0.130402
-0.019698,0.455811,-0.130402
-0.019694,0.455811,-0.150502
-0.019691,0.455811,-0.150502
-0.019688,0.455811,-0.130402
-0.019685,0.455811,-0.150502
-0.019682,0.455811,-0.150502
-0.019678,0.475912,-0.150502
-0.019675,0.475912,-0.150502
-0.019672,0.455811,-0.150502
-0.019669,0.455811,-0.150502
-0.019666,0.455811,-0.150502
-0.019662,0.475912,-0.150502
-0.019659,0.475912,-0.150502
-0.019656,0.475912,-0.130402
-0.019653,0.475912,-0.150502
-0.019650,0.455811,-0.150502
-0.019646,0.475912,-0.150502
-0.019643,0.455811,-0.170603
-0.019640,0.455811,-0.150502
-0.019637,0.475912,-0.150502
-0.019634,0.455811,-0.150502
-0.019630,0.475912,-0.170603
-0.019627,0.455811,-0.170603
-0.019624,0.475912,-0.170603
-0.019621,0.475912,-0.150502
-0.019618,0.475912,-0.150502
-0.019614,0.475912,-0.150502
-0.019611,0.475912,-0.150502
-0.019608,0.475912,-0.150502
-0.019605,0.475912,-0.150502
-0.019602,0.475912,-0.150502
-0.019598,0.475912,-0.150502
-0.019595,0.475912,-0.150502
-0.019592,0.475912,-0.150502
-0.019589,0.496013,-0.150502
-0.019586,0.475912,-0.150502
-0.019582,0.475912,-0.150502
-0.019579,0.475912,-0.150502
-0.019576,0.496013,-0.150502
-0.019573,0.475912,-0.150502
-0.019570,0.475912,-0.150502
-0.019566,0.496013,-0.150502
-0.019563,0.496013,-0.150502
-0.019560,0.475912,-0.150502
-0.019557,0.496013,-0.150502
-0.019554,0.496013,-0.150502
-0.019550,0.496013,-0.150502
-0.019547,0.496013,-0.150502
-0.019544,0.496013,-0.170603
-0.019541,0.496013,-0.150502
-0.019538,0.496013,-0.150502
-0.019534,0.496013,-0.150502
-0.019531,0.496013,-0.150502
-0.019528,0.496013,-0.150502
-0.019525,0.496013,-0.150502
-0.019522,0.496013,-0.150502
-0.019518,0.496013,-0.150502
-0.019515,0.496013,-0.150502
-0.019512,0.496013,-0.150502
-0.019509,0.496013,-0.150502
-0.019506,0.496013,-0.150502
-0.019502,0.516113,-0.150502
-0.019499,0.496013,-0.150502
-0.019496,0.496013,-0.150502
-0.019493,0.496013,-0.130402
-0.019490,0.516113,-0.130402
-0.019486,0.516113,-0.130402
-0.019483,0.516113,-0.130402
-0.019480,0.516113,-0.150502
-0.019477,0.516113,-0.150502
-0.019474,0.516113,-0.150502
-0.019470,0.516113,-0.150502
-0.019467,0.516113,-0.150502
-0.019464,0.516113,-0.150502
-0.019461,0.516113,-0.150502
-0.019458,0.516113,-0.150502
-0.019454,0.516113,-0.150502
-0.019451,0.516113,-0.150502
-0.019448,0.536214,-0.150502
-0.019445,0.516113,-0.150502
-0.019442,0.516113,-0.150502
-0.019438,0.516113,-0.150502
-0.019435,0.516113,-0.150502
-0.019432,0.536214,-0.150502
-0.019429,0.516113,-0.130402
-0.019426,0.516113,-0.130402
-0.019422,0.516113,-0.130402
-0.019419,0.516113,-0.110301
-0.019416,0.536214,-0.130402
-0.019413,0.536214,-0.130402
-0.019410,0.516113,-0.130402
-0.019406,0.516113,-0.130402
-0.019403,0.516113,-0.110301
-0.019400,0.536214,-0.130402
-0.019397,0.536214,-0.110301
-0.019394,0.516113,-0.130402
-0.019390,0.536214,-0.130402
-0.019387,0.536214,-0.130402
-0.019384,0.536214,-0.130402
-0.019381,0.536214,-0.130402
-0.019378,0.536214,-0.130402
-0.019374,0.536214,-0.130402
-0.019371,0.536214,-0.130402
-0.019368,0.536214,-0.130402
-0.019365,0.536214,-0.130402
-0.019362,0.536214,-0.130402
-0.019358,0.536214,-0.130402
-0.019355,0.536214,-0.130402
-0.019352,0.536214,-0.130402
-0.019349,0.536214,-0.130402
-0.019346,0.536214,-0.130402
-0.019342,0.556314,-0.130402
-0.019339,0.556314,-0.130402
-0.019336,0.556314,-0.130402
-0.019333,0.536214,-0.130402
-0.019330,0.536214,-0.130402
-0.019326,0.556314,-0.150502
-0.019323,0.556314,-0.130402
-0.019320,0.536214,-0.150502
-0.019317,0.536214,-0.150502
-0.019314,0.536214,-0.150502
-0.019310,0.556314,-0.130402
-0.019307,0.556314,-0.150502
-0.019304,0.556314,-0.130402
-0.019301,0.556314,-0.150502
-0.019298,0.556314,-0.130402
-0.019294,0.556314,-0.110301
-0.019291,0.556314,-0.130402
-0.019288,0.556314,-0.110301
-0.019285,0.536214,-0.130402
-0.019282,0.556314,-0.130402
-0.019278,0.556314,-0.130402
-0.019275,0.576415,-0.130402
-0.019272,0.576415,-0.130402
-0.019269,0.576415,-0.110301
-0.019266,0.556314,-0.130402
-0.019262,0.556314,-0.130402
-0.019259,0.556314,-0.110301
-0.019256,0.576415,-0.130402
-0.019253,0.576415,-0.130402
-0.019250,0.576415,-0.130402
-0.019246,0.576415,-0.130402
-0.019243,0.576415,-0.130402
-0.019240,0.576415,-0.130402
-0.019237,0.576415,-0.130402
-0.019234,0.576415,-0.130402
-0.019230,0.576415,-0.110301
-0.019227,0.576415,-0.110301
-0.019224,0.556314,-0.110301
-0.019221,0.576415,-0.110301
-0.019218,0.576415,-0.090201
-0.019214,0.576415,-0.110301
-0.019211,0.576415,-0.130402
-0.019208,0.576415,-0.110301
-0.019205,0.576415,-0.110301
-0.019202,0.576415,-0.130402
-0.019198,0.576415,-0.110301
-0.019195,0.576415,-0.110301
-0.019192,0.576415,-0.130402
-0.019189,0.576415,-0.110301
-0.019186,0.576415,-0.130402
-0.019182,0.576415,-0.130402
-0.019179,0.596515,-0.110301
-0.019176,0.576415,-0.110301
-0.019173,0.596515,-0.110301
-0.019170,0.596515,-0.110301
-0.019166,0.596515,-0.110301
-0.019163,0.576415,-0.110301
-0.019160,0.596515,-0.110301
-0.019157,0.596515,-0.130402
-0.019154,0.596515,-0.110301
-0.019150,0.596515,-0.130402
-0.019147,0.596515,-0.130402
-0.019144,0.596515,-0.110301
-0.019141,0.596515,-0.110301
-0.019138,0.596515,-0.110301
-0.019134,0.596515,-0.110301
-0.019131,0.596515,-0.110301
-0.019128,0.576415,-0.110301
-0.019125,0.596515,-0.090201
-0.019122,0.596515,-0.090201
-0.019118,0.596515,-0.090201
-0.019115,0.596515,-0.110301
-0.019112,0.596515,-0.110301
-0.019109,0.596515,-0.110301
-0.019106,0.596515,-0.110301
-0.019102,0.596515,-0.110301
-0.019099,0.616616,-0.110301
-0.019096,0.596515,-0.110301
-0.019093,0.616616,-0.130402
-0.019090,0.596515,-0.110301
-0.019086,0.596515,-0.110301
-0.019083,0.616616,-0.110301
-0.019080,0.616616,-0.110301
-0.019077,0.616616,-0.110301
-0.019074,0.616616,-0.110301
-0.019070,0.616616,-0.110301
-0.019067,0.616616,-0.110301
-0.019064,0.616616,-0.110301
-0.019061,0.616616,-0.110301
-0.019058,0.616616,-0.130402
-0.019054,0.616616,-0.110301
-0.019051,0.616616,-0.110301
-0.019048,0.616616,-0.110301
-0.019045,0.596515,-0.110301
-0.019042,0.616616,-0.110301
-0.019038,0.616616,-0.110301
-0.019035,0.616616,-0.110301
-0.019032,0.616616,-0.110301
-0.019029,0.616616,-0.090201
-0.019026,0.616616,-0.090201
-0.019022,0.616616,-0.090201
-0.019019,0.616616,-0.090201
-0.019016,0.616616,-0.090201
-0.019013,0.636716,-0.090201
-0.019010,0.636716,-0.070101
-0.019006,0.616616,-0.110301
-0.019003,0.636716,-0.110301
-0.019000,0.616616,-0.090201
-0.018997,0.616616,-0.090201
-0.018994,0.616616,-0.090201
-0.018990,0.636716,-0.070101
-0.018987,0.616616,-0.110301
-0.018984,0.636716,-0.090201
-0.018981,0.636716,-0.090201
-0.018978,0.636716,-0.090201
-0.018974,0.636716,-0.090201
-0.018971,0.636716,-0.090201
-0.018968,0.636716,-0.090201
-0.018965,0.616616,-0.070101
-0.018962,0.636716,-0.070101
-0.018958,0.636716,-0.070101
-0.018955,0.636716,-0.090201
-0.018952,0.636716,-0.090201
-0.018949,0.656817,-0.070101
-0.018946,0.636716,-0.050000
-0.018942,0.636716,-0.070101
-0.018939,0.636716,-0.070101
-0.018936,0.636716,-0.070101
-0.018933,0.636716,-0.070101
-0.018930,0.656817,-0.070101
-0.018926,0.656817,-0.070101
-0.018923,0.656817,-0.070101
-0.018920,0.636716,-0.070101
-0.018917,0.636716,-0.090201
-0.018914,0.636716,-0.070101
-0.018910,0.636716,-0.070101
-0.018907,0.656817,-0.090201
-0.018904,0.636716,-0.090201
-0.018901,0.656817,-0.090201
-0.018898,0.656817,-0.070101
-0.018894,0.656817,-0.070101
-0.018891,0.636716,-0.090201
-0.018888,0.636716,-0.090201
-0.018885,0.636716,-0.090201
-0.018882,0.656817,-0.090201
-0.018878,0.636716,-0.070101
-0.018875,0.636716,-0.090201
-0.018872,0.656817,-0.090201
-0.018869,0.656817,-0.070101
-0.018866,0.656817,-0.090201
-0.018862,0.656817,-0.070101
-0.018859,0.656817,-0.070101
-0.018856,0.656817,-0.070101
-0.018853,0.656817,-0.050000
-0.018850,0.656817,-0.050000
-0.018846,0.656817,-0.050000
-0.018843,0.656817,-0.070101
-0.018840,0.656817,-0.070101
-0.018837,0.676917,-0.070101
-0.018834,0.676917,-0.050000
-0.018830,0.676917,-0.050000
-0.018827,0.676917,-0.050000
-0.018824,0.656817,-0.050000
-0.018821,0.676917,-0.029900
-0.018818,0.656817,-0.050000
-0.018814,0.676917,-0.029900
-0.018811,0.676917,-0.050000
-0.018808,0.676917,-0.029900
-0.018805,0.676917,-0.050000
-0.018802,0.676917,-0.050000
-0.018798,0.676917,-0.050000
-0.018795,0.676917,-0.050000
-0.018792,0.676917,-0.050000
-0.018789,0.676917,-0.070101
-0.018786,0.676917,-0.050000
-0.018782,0.676917,-0.050000
-0.018779,0.676917,-0.050000
-0.018776,0.676917,-0.070101
-0.018773,0.676917,-0.050000
-0.018770,0.676917,-0.050000
-0.018766,0.676917,-0.050000
-0.018763,0.676917,-0.070101
-0.018760,0.676917,-0.070101
-0.018757,0.656817,-0.070101
-0.018754,0.676917,-0.070101
-0.018750,0.676917,-0.070101
-0.018747,0.697018,-0.070101
-0.018744,0.697018,-0.050000
-0.018741,0.676917,-0.050000
-0.018738,0.676917,-0.070101
-0.018734,0.676917,-0.050000
-0.018731,0.697018,-0.050000
-0.018728,0.697018,-0.050000
-0.018725,0.697018,-0.050000
-0.018722,0.676917,-0.050000
-0.018718,0.676917,-0.050000
-0.018715,0.676917,-0.029900
-0.018712,0.697018,-0.050000
-0.018709,0.697018,-0.050000
-0.018706,0.697018,-0.050000
-0.018702,0.697018,-0.050000
-0.018699,0.676917,-0.050000
-0.018696,0.697018,-0.070101
-0.018693,0.676917,-0.050000
-0.018690,0.697018,-0.050000
-0.018686,0.697018,-0.050000
-0.018683,0.697018,-0.050000
-0.018680,0.697018,-0.050000
-0.018677,0.697018,-0.050000
-0.018674,0.697018,-0.050000
-0.018670,0.697018,-0.070101
-0.018667,0.697018,-0.050000
-0.018664,0.697018,-0.070101
-0.018661,0.697018,-0.070101
-0.018658,0.697018,-0.070101
-0.018654,0.717118,-0.070101
-0.018651,0.717118,-0.070101
-0.018648,0.717118,-0.070101
-0.018645,0.717118,-0.050000
-0.018642,0.697018,-0.050000
-0.018638,0.717118,-0.050000
-0.018635,0.717118,-0.050000
-0.018632,0.697018,-0.029900
-0.018629,0.697018,-0.050000
-0.018626,0.717118,-0.050000
-0.018622,0.717118,-0.070101
-0.018619,0.717118,-0.050000
-0.018616,0.697018,-0.050000
-0.018613,0.717118,-0.050000
-0.018610,0.697018,-0.050000
-0.018606,0.717118,-0.050000
-0.018603,0.697018,-0.050000
-0.018600,0.697018,-0.070101
-0.018597,0.717118,-0.070101
-0.018594,0.717118,-0.050000
-0.018590,0.717118,-0.070101
-0.018587,0.717118,-0.050000
-0.018584,0.717118,-0.050000
-0.018581,0.717118,-0.050000
-0.018578,0.717118,-0.050000
-0.018574,0.717118,-0.029900
-0.018571,0.717118,-0.050000
-0.018568,0.717118,-0.029900
-0.018565,0.717118,-0.029900
-0.018562,0.717118,-0.029900
-0.018558,0.717118,-0.029900
-0.018555,0.717118,-0.050000
-0.018552,0.717118,-0.029900
-0.018549,0.717118,-0.029900
-0.018546,0.717118,-0.050000
-0.018542,0.737219,-0.050000
-0.018539,0.737219,-0.029900
-0.018536,0.717118,-0.050000
-0.018533,0.717118,-0.050000
-0.018530,0.717118,-0.050000
-0.018526,0.717118,-0.050000
-0.018523,0.717118,-0.050000
-0.018520,0.737219,-0.050000
-0.018517,0.737219,-0.070101
-0.018514,0.737219,-0.050000
-0.018510,0.737219,-0.050000
-0.018507,0.717118,-0.050000
-0.018504,0.737219,-0.029900
-0.018501,0.737219,-0.029900
-0.018498,0.737219,-0.029900
-0.018494,0.737219,-0.050000
-0.018491,0.737219,-0.050000
-0.018488,0.737219,-0.050000
-0.018485,0.737219,-0.050000
-0.018482,0.737219,-0.029900
-0.018478,0.737219,-0.029900
-0.018475,0.737219,-0.050000
-0.018472,0.737219,-0.050000
-0.018469,0.737219,-0.050000
-0.018466,0.737219,-0.050000
-0.018462,0.737219,-0.050000
-0.018459,0.737219,-0.050000
-0.018456,0.737219,-0.050000
-0.018453,0.737219,-0.050000
-0.018450,0.737219,-0.050000
-0.018446,0.737219,-0.070101
-0.018443,0.737219,-0.050000
-0.018440,0.737219,-0.029900
-0.018437,0.737219,-0.050000
-0.018434,0.757319,-0.050000
-0.018430,0.757319,-0.050000
-0.018427,0.757319,-0.029900
-0.018424,0.737219,-0.029900
-0.018421,0.757319,-0.029900
-0.018418,0.737219,-0.050000
-0.018414,0.737219,-0.029900
-0.018411,0.757319,-0.029900
-0.018408,0.737219,-0.029900
-0.018405,0.737219,-0.029900
-0.018402,0.737219,-0.050000
-0.018398,0.737219,-0.029900
-0.018395,0.757319,-0.050000
-0.018392,0.737219,-0.050000
-0.018389,0.757319,-0.050000
-0.018386,0.757319,-0.029900
-0.018382,0.737219,-0.029900
-0.018379,0.757319,-0.050000
-0.018376,0.757319,-0.050000
-0.018373,0.757319,-0.050000
-0.018370,0.757319,-0.029900
-0.018366,0.757319,-0.029900
-0.018363,0.757319,-0.029900
-0.018360,0.757319,-0.050000
-0.018357,0.757319,-0.029900
-0.018354,0.757319,-0.050000
-0.018350,0.757319,-0.029900
-0.018347,0.757319,-0.029900
-0.018344,0.777420,-0.029900
-0.018341,0.757319,-0.029900
-0.018338,0.777420,-0.029900
-0.018334,0.757319,-0.009799
-0.018331,0.757319,-0.029900
-0.018328,0.757319,-0.029900
-0.018325,0.757319,-0.029900
-0.018322,0.757319,-0.029900
-0.018318,0.757319,-0.029900
-0.018315,0.777420,-0.029900
-0.018312,0.757319,-0.050000
-0.018309,0.757319,-0.029900
-0.018306,0.777420,-0.050000
-0.018302,0.757319,-0.050000
-0.018299,0.757319,-0.050000
-0.018296,0.757319,-0.050000
-0.018293,0.777420,-0.050000
-0.018290,0.757319,-0.050000
-0.018286,0.757319,-0.029900
-0.018283,0.757319,-0.050000
-0.018280,0.777420,-0.050000
-0.018277,0.757319,-0.050000
-0.018274,0.777420,-0.029900
-0.018270,0.757319,-0.029900
-0.018267,0.777420,-0.050000
-0.018264,0.777420,-0.029900
-0.018261,0.777420,-0.029900
-0.018258,0.777420,-0.029900
-0.018254,0.777420,-0.029900
-0.018251,0.777420,-0.050000
-0.018248,0.757319,-0.029900
-0.018245,0.777420,-0.050000
-0.018242,0.777420,-0.050000
-0.018238,0.777420,-0.029900
-0.018235,0.777420,-0.050000
-0.018232,0.777420,-0.029900
-0.018229,0.777420,-0.029900
-0.018226,0.777420,-0.050000
-0.018222,0.777420,-0.029900
-0.018219,0.777420,-0.029900
-0.018216,0.777420,-0.029900
-0.018213,0.777420,-0.029900
-0.018210,0.777420,-0.029900
-0.018206,0.797520,-0.029900
-0.018203,0.777420,-0.029900
-0.018200,0.797520,-0.029900
-0.018197,0.777420,-0.009799
-0.018194,0.797520,-0.029900
-0.018190,0.777420,-0.029900
-0.018187,0.777420,-0.029900
-0.018184,0.797520,-0.050000
-0.018181,0.777420,-0.050000
-0.018178,0.797520,-0.050000
-0.018174,0.777420,-0.050000
-0.018171,0.777420,-0.070101
-0.018168,0.777420,-0.050000
-0.018165,0.797520,-0.050000
-0.018162,0.777420,-0.050000
-0.018158,0.797520,-0.050000
-0.018155,0.797520,-0.050000
-0.018152,0.797520,-0.029900
-0.018149,0.797520,-0.029900
-0.018146,0.777420,-0.029900
-0.018142,0.797520,-0.029900
-0.018139,0.797520,-0.050000
-0.018136,0.797520,-0.029900
-0.018133,0.777420,-0.050000
-0.018130,0.777420,-0.029900
-0.018126,0.777420,-0.050000
-0.018123,0.797520,-0.050000
-0.018120,0.797520,-0.050000
-0.018117,0.797520,-0.029900
-0.018114,0.797520,-0.050000
-0.018110,0.797520,-0.050000
-0.018107,0.797520,-0.050000
-0.018104,0.797520,-0.070101
-0.018101,0.797520,-0.029900
-0.018098,0.797520,-0.050000
-0.018094,0.797520,-0.050000
-0.018091,0.797520,-0.050000
-0.018088,0.797520,-0.070101
-0.018085,0.797520,-0.070101
-0.018082,0.797520,-0.070101
-0.018078,0.797520,-0.050000
-0.018075,0.797520,-0.050000
-0.018072,0.797520,-0.050000
-0.018069,0.797520,-0.050000
-0.018066,0.797520,-0.029900
-0.018062,0.797520,-0.050000
-0.018059,0.797520,-0.050000
-0.018056,0.797520,-0.050000
-0.018053,0.797520,-0.050000
-0.018050,0.817621,-0.050000
-0.018046,0.797520,-0.050000
-0.018043,0.797520,-0.070101
-0.018040,0.777420,-0.050000
-0.018037,0.817621,-0.050000
-0.018034,0.797520,-0.050000
-0.018030,0.797520,-0.070101
-0.018027,0.797520,-0.070101
-0.018024,0.817621,-0.070101
-0.018021,0.797520,-0.070101
-0.018018,0.797520,-0.050000
-0.018014,0.797520,-0.070101
-0.018011,0.797520,-0.050000
-0.018008,0.797520,-0.050000
-0.018005,0.797520,-0.070101
-0.018002,0.817621,-0.050000
-0.017998,0.817621,-0.050000
-0.017995,0.817621,-0.050000
-0.017992,0.817621,-0.050000
-0.017989,0.797520,-0.050000
-0.017986,0.817621,-0.070101
-0.017982,0.797520,-0.050000
-0.017979,0.817621,-0.050000
-0.017976,0.817621,-0.050000
-0.017973,0.817621,-0.029900
-0.017970,0.817621,-0.029900
-0.017966,0.817621,-0.029900
-0.017963,0.797520,-0.029900
-0.017960,0.817621,-0.029900
-0.017957,0.817621,-0.029900
-0.017954,0.817621,-0.029900
-0.017950,0.817621,-0.029900
-0.017947,0.817621,-0.050000
-0.017944,0.817621,-0.029900
-0.017941,0.817621,-0.029900
-0.017938,0.817621,-0.050000
-0.017934,0.817621,-0.050000
-0.017931,0.817621,-0.050000
-0.017928,0.817621,-0.050000
-0.017925,0.817621,-0.050000
-0.017922,0.817621,-0.029900
-0.017918,0.817621,-0.050000
-0.017915,0.817621,-0.050000
-0.017912,0.817621,-0.050000
-0.017909,0.817621,-0.050000
-0.017906,0.817621,-0.050000
-0.017902,0.817621,-0.050000
-0.017899,0.817621,-0.070101
-0.017896,0.817621,-0.070101
-0.017893,0.817621,-0.070101
-0.017890,0.817621,-0.070101
-0.017886,0.837721,-0.070101
-0.017883,0.817621,-0.070101
-0.017880,0.817621,-0.070101
-0.017877,0.817621,-0.090201
-0.017874,0.817621,-0.070101
-0.017870,0.817621,-0.070101
-0.017867,0.817621,-0.090201
-0.017864,0.817621,-0.070101
-0.017861,0.817621,-0.070101
-0.017858,0.837721,-0.070101
-0.017854,0.817621,-0.050000
-0.017851,0.837721,-0.070101
-0.017848,0.817621,-0.070101
-0.017845,0.817621,-0.070101
-0.017842,0.837721,-0.070101
-0.017838,0.817621,-0.050000
-0.017835,0.837721,-0.050000
-0.017832,0.817621,-0.070101
-0.017829,0.837721,-0.070101
-0.017826,0.837721,-0.050000
-0.017822,0.837721,-0.050000
-0.017819,0.837721,-0.050000
-0.017816,0.817621,-0.050000
-0.017813,0.837721,-0.070101
-0.017810,0.817621,-0.050000
-0.017806,0.837721,-0.070101
-0.017803,0.837721,-0.050000
-0.017800,0.817621,-0.070101
-0.017797,0.837721,-0.050000
-0.017794,0.837721,-0.050000
-0.017790,0.837721,-0.050000
-0.017787,0.837721,-0.050000
-0.017784,0.837721,-0.050000
-0.017781,0.837721,-0.050000
-0.017778,0.837721,-0.029900
-0.017774,0.817621,-0.050000
-0.017771,0.817621,-0.029900
-0.017768,0.817621,-0.029900
-0.017765,0.837721,-0.029900
-0.017762,0.837721,-0.050000
-0.017758,0.837721,-0.029900
-0.017755,0.837721,-0.050000
-0.017752,0.837721,-0.050000
-0.017749,0.837721,-0.029900
-0.017746,0.837721,-0.050000
-0.017742,0.817621,-0.050000
-0.017739,0.837721,-0.050000
-0.017736,0.837721,-0.050000
-0.017733,0.837721,-0.050000
-0.017730,0.837721,-0.050000
-0.017726,0.837721,-0.050000
-0.017723,0.837721,-0.050000
-0.017720,0.837721,-0.050000
-0.017717,0.837721,-0.050000
-0.017714,0.837721,-0.050000
-0.017710,0.837721,-0.050000
-0.017707,0.837721,-0.050000
-0.017704,0.857822,-0.050000
-0.017701,0.837721,-0.050000
-0.017698,0.837721,-0.050000
-0.017694,0.837721,-0.050000
-0.017691,0.837721,-0.050000
-0.017688,0.837721,-0.050000
-0.017685,0.837721,-0.050000
-0.017682,0.857822,-0.050000
-0.017678,0.837721,-0.050000
-0.017675,0.857822,-0.050000
-0.017672,0.857822,-0.050000
-0.017669,0.837721,-0.050000
-0.017666,0.857822,-0.050000
-0.017662,0.857822,-0.050000
-0.017659,0.837721,-0.050000
-0.017656,0.857822,-0.050000
-0.017653,0.837721,-0.029900
-0.017650,0.857822,-0.050000
-0.017646,0.857822,-0.050000
-0.017643,0.857822,-0.050000
-0.017640,0.837721,-0.050000
-0.017637,0.837721,-0.029900
-0.017634,0.837721,-0.050000
-0.017630,0.857822,-0.050000
-0.017627,0.857822,-0.050000
-0.017624,0.857822,-0.050000
-0.017621,0.857822,-0.050000
-0.017618,0.837721,-0.050000
-0.017614,0.837721,-0.050000
-0.017611,0.857822,-0.029900
-0.017608,0.857822,-0.050000
-0.017605,0.857822,-0.050000
-0.017602,0.857822,-0.050000
-0.017598,0.857822,-0.070101
-0.017595,0.857822,-0.050000
-0.017592,0.857822,-0.050000
-0.017589,0.857822,-0.050000
-0.017586,0.857822,-0.050000
-0.017582,0.857822,-0.050000
-0.017579,0.837721,-0.050000
-0.017576,0.857822,-0.050000
-0.017573,0.857822,-0.050000
-0.017570,0.837721,-0.050000
-0.017566,0.857822,-0.070101
-0.017563,0.857822,-0.050000
-0.017560,0.857822,-0.050000
-0.017557,0.857822,-0.029900
-0.017554,0.857822,-0.029900
-0.017550,0.857822,-0.029900
-0.017547,0.857822,-0.029900
-0.017544,0.857822,-0.050000
-0.017541,0.857822,-0.029900
-0.017538,0.837721,-0.029900
-0.017534,0.857822,-0.029900
-0.017531,0.857822,-0.029900
-0.017528,0.857822,-0.029900
-0.017525,0.857822,-0.029900
-0.017522,0.857822,-0.009799
-0.017518,0.857822,-0.029900
-0.017515,0.857822,-0.009799
-0.017512,0.857822,-0.029900
-0.017509,0.857822,-0.009799
-0.017506,0.857822,-0.009799
-0.017502,0.857822,-0.029900
-0.017499,0.857822,-0.009799
-0.017496,0.857822,-0.009799
-0.017493,0.857822,0.010301
-0.017490,0.877922,-0.009799
-0.017486,0.857822,-0.009799
-0.017483,0.857822,-0.009799
-0.017480,0.857822,-0.009799
-0.017477,0.857822,-0.009799
-0.017474,0.857822,-0.009799
-0.017470,0.857822,-0.029900
-0.017467,0.857822,-0.009799
-0.017464,0.857822,-0.009799
-0.017461,0.877922,-0.029900
-0.017458,0.877922,-0.029900
-0.017454,0.857822,-0.029900
-0.017451,0.877922,-0.029900
-0.017448,0.857822,-0.029900
-0.017445,0.877922,-0.029900
-0.017442,0.857822,-0.009799
-0.017438,0.857822,-0.029900
-0.017435,0.857822,-0.029900
-0.017432,0.857822,-0.029900
-0.017429,0.857822,-0.029900
-0.017426,0.877922,-0.029900
-0.017422,0.857822,-0.029900
-0.017419,0.857822,-0.029900
-0.017416,0.857822,-0.029900
-0.017413,0.857822,-0.029900
-0.017410,0.877922,-0.029900
-0.017406,0.857822,-0.050000
-0.017403,0.857822,-0.029900
-0.017400,0.857822,-0.029900
-0.017397,0.857822,-0.050000
-0.017394,0.877922,-0.050000
-0.017390,0.877922,-0.050000
-0.017387,0.857822,-0.050000
-0.017384,0.877922,-0.050000
-0.017381,0.857822,-0.050000
-0.017378,0.877922,-0.070101
-0.017374,0.877922,-0.070101
-0.017371,0.877922,-0.070101
-0.017368,0.877922,-0.070101
-0.017365,0.877922,-0.090201
-0.017362,0.877922,-0.070101
-0.017358,0.877922,-0.070101
-0.017355,0.857822,-0.070101
-0.017352,0.877922,-0.070101
-0.017349,0.877922,-0.070101
-0.017346,0.877922,-0.070101
-0.017342,0.877922,-0.050000
-0.017339,0.857822,-0.070101
-0.017336,0.877922,-0.050000
-0.017333,0.877922,-0.050000
-0.017330,0.877922,-0.050000
-0.017326,0.857822,-0.070101
-0.017323,0.877922,-0.050000
-0.017320,0.857822,-0.050000
-0.017317,0.877922,-0.070101
-0.017314,0.877922,-0.070101
-0.017310,0.877922,-0.050000
-0.017307,0.877922,-0.050000
-0.017304,0.877922,-0.050000
-0.017301,0.877922,-0.050000
-0.017298,0.877922,-0.050000
-0.017294,0.877922,-0.070101
-0.017291,0.877922,-0.070101
-0.017288,0.898023,-0.070101
-0.017285,0.877922,-0.070101
-0.017282,0.877922,-0.070101
-0.017278,0.877922,-0.070101
-0.017275,0.877922,-0.070101
-0.017272,0.898023,-0.050000
-0.017269,0.877922,-0.050000
-0.017266,0.877922,-0.050000
-0.017262,0.877922,-0.050000
-0.017259,0.898023,-0.050000
-0.017256,0.877922,-0.050000
-0.017253,0.898023,-0.050000
-0.017250,0.877922,-0.029900
-0.017246,0.877922,-0.029900
-0.017243,0.877922,-0.029900
-0.017240,0.877922,-0.029900
-0.017237,0.877922,-0.050000
-0.017234,0.877922,-0.029900
-0.017230,0.877922,-0.029900
-0.017227,0.877922,-0.029900
-0.017224,0.898023,-0.029900
-0.017221,0.877922,-0.029900
-0.017218,0.877922,-0.029900
-0.017214,0.877922,-0.029900
-0.017211,0.898023,-0.029900
-0.017208,0.898023,-0.029900
-0.017205,0.877922,-0.029900
-0.017202,0.898023,-0.029900
-0.017198,0.877922,-0.029900
-0.017195,0.877922,-0.029900
-0.017192,0.877922,-0.029900
-0.017189,0.898023,-0.029900
-0.017186,0.877922,-0.029900
-0.017182,0.877922,-0.029900
-0.017179,0.898023,-0.009799
-0.017176,0.877922,-0.009799
-0.017173,0.877922,-0.009799
-0.017170,0.877922,-0.009799
-0.017166,0.898023,-0.009799
-0.017163,0.898023,0.010301
-0.017160,0.898023,-0.009799
-0.017157,0.898023,0.010301
-0.017154,0.898023,0.010301
-0.017150,0.898023,-0.009799
-0.017147,0.898023,0.010301
-0.017144,0.877922,0.010301
-0.017141,0.877922,-0.009799
-0.017138,0.877922,0.010301
-0.017134,0.898023,-0.009799
-0.017131,0.877922,-0.009799
-0.017128,0.877922,-0.009799
-0.017125,0.898023,0.010301
-0.017122,0.898023,-0.009799
-0.017118,0.898023,-0.009799
-0.017115,0.898023,0.010301
-0.017112,0.898023,-0.009799
-0.017109,0.877922,0.010301
-0.017106,0.877922,-0.009799
-0.017102,0.898023,0.010301
-0.017099,0.898023,0.010301
-0.017096,0.877922,0.010301
-0.017093,0.898023,0.010301
-0.017090,0.898023,0.010301
-0.017086,0.898023,0.010301
-0.017083,0.877922,-0.009799
-0.017080,0.877922,0.010301
-0.017077,0.898023,0.010301
-0.017074,0.898023,0.010301
-0.017070,0.898023,-0.009799
-0.017067,0.898023,-0.009799
-0.017064,0.898023,-0.009799
-0.017061,0.898023,-0.009799
-0.017058,0.877922,0.010301
-0.017054,0.877922,-0.009799
-0.017051,0.877922,-0.009799
-0.017048,0.877922,-0.009799
-0.017045,0.898023,-0.009799
-0.017042,0.898023,-0.009799
-0.017038,0.898023,-0.009799
-0.017035,0.898023,-0.009799
-0.017032,0.898023,-0.009799
-0.017029,0.898023,-0.009799
-0.017026,0.898023,-0.009799
-0.017022,0.898023,-0.009799
-0.017019,0.898023,-0.009799
-0.017016,0.898023,-0.009799
-0.017013,0.898023,-0.009799
-0.017010,0.898023,-0.009799
-0.017006,0.898023,0.010301
-0.017003,0.918123,0.010301
-0.017000,0.898023,0.010301
-0.016997,0.877922,0.010301
-0.016994,0.898023,0.010301
-0.016990,0.898023,0.010301
-0.016987,0.898023,0.010301
-0.016984,0.898023,0.010301
-0.016981,0.898023,0.010301
-0.016978,0.898023,-0.009799
-0.016974,0.898023,0.010301
-0.016971,0.898023,0.010301
-0.016968,0.898023,0.010301
-0.016965,0.898023,0.010301
-0.016962,0.898023,0.030402
-0.016958,0.898023,0.010301
-0.016955,0.918123,0.030402
-0.016952,0.898023,0.030402
-0.016949,0.898023,0.030402
-0.016946,0.898023,0.030402
-0.016942,0.898023,0.010301
-0.016939,0.898023,0.010301
-0.016936,0.898023,0.030402
-0.016933,0.898023,0.030402
-0.016930,0.898023,0.030402
-0.016926,0.898023,0.010301
-0.016923,0.898023,0.030402
-0.016920,0.898023,0.030402
-0.016917,0.898023,0.010301
-0.016914,0.898023,0.010301
-0.016910,0.898023,0.010301
-0.016907,0.898023,0.010301
-0.016904,0.898023,0.010301
-0.016901,0.898023,-0.009799
-0.016898,0.898023,0.010301
-0.016894,0.918123,0.010301
-0.016891,0.898023,-0.009799
-0.016888,0.918123,-0.009799
-0.016885,0.898023,-0.009799
-0.016882,0.898023,-0.009799
-0.016878,0.898023,-0.009799
-0.016875,0.918123,-0.009799
-0.016872,0.898023,-0.009799
-0.016869,0.898023,-0.009799
-0.016866,0.898023,-0.029900
-0.016862,0.918123,-0.009799
-0.016859,0.898023,-0.029900
-0.016856,0.898023,-0.009799
-0.016853,0.898023,-0.029900
-0.016850,0.898023,-0.009799
-0.016846,0.898023,-0.029900
-0.016843,0.918123,-0.029900
-0.016840,0.918123,-0.029900
-0.016837,0.898023,-0.029900
-0.016834,0.898023,-0.029900
-0.016830,0.898023,-0.029900
-0.016827,0.898023,-0.029900
-0.016824,0.898023,-0.029900
-0.016821,0.898023,-0.009799
-0.016818,0.898023,-0.009799
-0.016814,0.898023,-0.029900
-0.016811,0.898023,-0.029900
-0.016808,0.898023,-0.029900
-0.016805,0.918123,-0.029900
-0.016802,0.898023,-0.009799
-0.016798,0.918123,-0.029900
-0.016795,0.918123,-0.009799
-0.016792,0.918123,-0.009799
-0.016789,0.898023,-0.009799
-0.016786,0.898023,-0.029900
-0.016782,0.898023,-0.029900
-0.016779,0.898023,-0.029900
-0.016776,0.898023,-0.050000
-0.016773,0.898023,-0.009799
-0.016770,0.898023,-0.029900
-0.016766,0.898023,-0.029900
-0.016763,0.898023,-0.009799
-0.016760,0.898023,-0.009799
-0.016757,0.898023,-0.029900
-0.016754,0.918123,-0.009799
-0.016750,0.918123,-0.029900
-0.016747,0.898023,-0.009799
-0.016744,0.898023,-0.009799
-0.016741,0.898023,-0.009799
-0.016738,0.898023,-0.009799
-0.016734,0.898023,0.010301
-0.016731,0.898023,-0.009799
-0.016728,0.898023,-0.009799
-0.016725,0.918123,-0.009799
-0.016722,0.918123,-0.009799
-0.016718,0.898023,-0.009799
-0.016715,0.918123,-0.029900
-0.016712,0.898023,-0.009799
-0.016709,0.898023,-0.029900
-0.016706,0.918123,-0.009799
-0.016702,0.898023,-0.009799
-0.016699,0.898023,-0.009799
-0.016696,0.898023,-0.029900
-0.016693,0.918123,-0.009799
-0.016690,0.898023,-0.009799
-0.016686,0.898023,-0.009799
-0.016683,0.898023,-0.009799
-0.016680,0.918123,-0.029900
-0.016677,0.898023,-0.009799
-0.016674,0.898023,-0.029900
-0.016670,0.898023,-0.029900
-0.016667,0.898023,-0.009799
-0.016664,0.898023,-0.009799
-0.016661,0.918123,-0.009799
-0.016658,0.918123,-0.009799
-0.016654,0.898023,-0.009799
-0.016651,0.918123,-0.009799
-0.016648,0.898023,-0.009799
-0.016645,0.918123,-0.009799
-0.016642,0.918123,-0.009799
-0.016638,0.898023,-0.009799
-0.016635,0.918123,-0.009799
-0.016632,0.898023,-0.009799
-0.016629,0.918123,-0.009799
-0.016626,0.918123,-0.009799
-0.016622,0.918123,-0.009799
-0.016619,0.918123,-0.009799
-0.016616,0.898023,-0.009799
-0.016613,0.898023,-0.009799
-0.016610,0.918123,-0.009799
-0.016606,0.918123,-0.009799
-0.016603,0.918123,-0.029900
-0.016600,0.918123,-0.029900
-0.016597,0.918123,-0.029900
-0.016594,0.918123,-0.009799
-0.016590,0.918123,-0.009799
-0.016587,0.918123,-0.009799
-0.016584,0.918123,-0.009799
-0.016581,0.898023,-0.009799
-0.016578,0.898023,0.010301
-0.016574,0.918123,0.010301
-0.016571,0.918123,-0.009799
-0.016568,0.898023,-0.009799
-0.016565,0.918123,0.010301
-0.016562,0.918123,0.010301
-0.016558,0.918123,-0.009799
-0.016555,0.918123,-0.009799
-0.016552,0.918123,-0.009799
-0.016549,0.918123,-0.009799
-0.016546,0.918123,-0.009799
-0.016542,0.918123,0.010301
-0.016539,0.898023,-0.009799
-0.016536,0.918123,-0.009799
-0.016533,0.898023,0.010301
-0.016530,0.918123,-0.009799
-0.016526,0.898023,-0.009799
-0.016523,0.918123,-0.009799
-0.016520,0.898023,-0.009799
-0.016517,0.898023,-0.009799
-0.016514,0.918123,-0.009799
-0.016510,0.918123,-0.009799
-0.016507,0.918123,-0.009799
-0.016504,0.918123,-0.009799
-0.016501,0.918123,-0.009799
-0.016498,0.898023,-0.009799
-0.016494,0.918123,-0.009799
-0.016491,0.898023,-0.009799
-0.016488,0.918123,0.010301
-0.016485,0.918123,-0.009799
-0.016482,0.898023,0.010301
-0.016478,0.898023,0.010301
-0.016475,0.918123,0.010301
-0.016472,0.918123,0.010301
-0.016469,0.918123,0.010301
-0.016466,0.898023,0.010301
-0.016462,0.918123,0.010301
-0.016459,0.898023,0.010301
-0.016456,0.918123,0.030402
-0.016453,0.918123,0.030402
-0.016450,0.918123,0.030402
-0.016446,0.898023,0.010301
-0.016443,0.898023,0.010301
-0.016440,0.918123,0.010301
-0.016437,0.918123,0.010301
-0.016434,0.918123,-0.009799
-0.016430,0.918123,-0.009799
-0.016427,0.918123,0.010301
-0.016424,0.898023,0.010301
-0.016421,0.918123,0.010301
-0.016418,0.918123,0.010301
-0.016414,0.918123,0.010301
-0.016411,0.918123,-0.009799
-0.016408,0.918123,0.010301
-0.016405,0.918123,-0.009799
-0.016402,0.898023,0.010301
-0.016398,0.898023,0.010301
-0.016395,0.918123,-0.009799
-0.016392,0.918123,0.010301
-0.016389,0.918123,0.010301
-0.016386,0.898023,0.010301
-0.016382,0.918123,-0.009799
-0.016379,0.938224,-0.009799
-0.016376,0.898023,-0.009799
-0.016373,0.918123,-0.009799
-0.016370,0.918123,-0.009799
-0.016366,0.918123,-0.009799
-0.016363,0.918123,-0.009799
-0.016360,0.918123,-0.009799
-0.016357,0.918123,-0.009799
-0.016354,0.898023,-0.009799
-0.016350,0.898023,-0.009799
-0.016347,0.918123,-0.009799
-0.016344,0.898023,-0.009799
-0.016341,0.898023,-0.009799
-0.016338,0.918123,-0.009799
-0.016334,0.898023,0.010301
-0.016331,0.918123,-0.009799
-0.016328,0.898023,-0.009799
-0.016325,0.898023,-0.009799
-0.016322,0.898023,-0.029900
-0.016318,0.898023,-0.029900
-0.016315,0.898023,-0.029900
-0.016312,0.898023,-0.029900
-0.016309,0.918123,-0.029900
-0.016306,0.918123,-0.029900
-0.016302,0.918123,-0.029900
-0.016299,0.898023,-0.029900
-0.016296,0.918123,-0.029900
-0.016293,0.898023,-0.009799
-0.016290,0.918123,-0.029900
-0.016286,0.918123,-0.029900
-0.016283,0.918123,-0.009799
-0.016280,0.918123,-0.029900
-0.016277,0.918123,-0.009799
-0.016274,0.918123,-0.029900
-0.016270,0.918123,-0.029900
-0.016267,0.918123,-0.009799
-0.016264,0.918123,-0.009799
-0.016261,0.918123,-0.009799
-0.016258,0.918123,-0.009799
-0.016254,0.918123,-0.009799
-0.016251,0.918123,-0.009799
-0.016248,0.918123,0.010301
-0.016245,0.918123,-0.009799
-0.016242,0.918123,-0.009799
-0.016238,0.918123,-0.009799
-0.016235,0.918123,-0.009799
-0.016232,0.918123,-0.009799
-0.016229,0.918123,-0.009799
-0.016226,0.918123,-0.009799
-0.016222,0.918123,-0.029900
-0.016219,0.918123,-0.029900
-0.016216,0.898023,-0.029900
-0.016213,0.918123,-0.029900
-0.016210,0.898023,-0.029900
-0.016206,0.898023,-0.029900
-0.016203,0.918123,-0.029900
-0.016200,0.918123,-0.029900
-0.016197,0.898023,-0.029900
-0.016194,0.898023,-0.050000
-0.016190,0.898023,-0.050000
-0.016187,0.918123,-0.050000
-0.016184,0.918123,-0.050000
-0.016181,0.898023,-0.029900
-0.016178,0.898023,-0.050000
-0.016174,0.918123,-0.050000
-0.016171,0.898023,-0.029900
-0.016168,0.898023,-0.050000
-0.016165,0.918123,-0.050000
-0.016162,0.898023,-0.050000
-0.016158,0.898023,-0.029900
-0.016155,0.898023,-0.050000
-0.016152,0.898023,-0.029900
-0.016149,0.918123,-0.029900
-0.016146,0.898023,-0.029900
-0.016142,0.898023,-0.029900
-0.016139,0.918123,-0.029900
-0.016136,0.918123,-0.029900
-0.016133,0.898023,-0.029900
-0.016130,0.918123,-0.029900
-0.016126,0.898023,-0.009799
-0.016123,0.918123,-0.029900
-0.016120,0.898023,-0.029900
-0.016117,0.918123,-0.029900
-0.016114,0.918123,-0.029900
-0.016110,0.898023,-0.029900
-0.016107,0.918123,-0.029900
-0.016104,0.898023,-0.029900
-0.016101,0.898023,-0.029900
-0.016098,0.918123,-0.009799
-0.016094,0.918123,-0.009799
-0.016091,0.898023,-0.029900
-0.016088,0.918123,-0.029900
-0.016085,0.898023,-0.029900
-0.016082,0.898023,-0.029900
-0.016078,0.898023,-0.029900
-0.016075,0.898023,-0.009799
-0.016072,0.898023,-0.009799
-0.016069,0.918123,-0.009799
-0.016066,0.918123,-0.029900
-0.016062,0.898023,-0.009799
-0.016059,0.898023,-0.009799
-0.016056,0.898023,-0.009799
-0.016053,0.898023,-0.009799
-0.016050,0.918123,-0.029900
-0.016046,0.898023,-0.009799
-0.016043,0.898023,-0.029900
-0.016040,0.898023,-0.009799
-0.016037,0.898023,-0.009799
-0.016034,0.898023,-0.009799
-0.016030,0.898023,-0.029900
-0.016027,0.898023,-0.009799
-0.016024,0.918123,-0.009799
-0.016021,0.898023,-0.029900
-0.016018,0.918123,-0.009799
-0.016014,0.898023,-0.029900
-0.016011,0.898023,-0.029900
-0.016008,0.898023,-0.009799
-0.016005,0.898023,-0.009799
-0.016002,0.898023,-0.009799
-0.015998,0.898023,-0.009799
-0.015995,0.898023,-0.009799
-0.015992,0.898023,-0.009799
-0.015989,0.898023,-0.009799
-0.015986,0.898023,-0.009799
-0.015982,0.898023,-0.009799
-0.015979,0.898023,-0.009799
-0.015976,0.898023,-0.009799
-0.015973,0.918123,0.010301
-0.015970,0.918123,-0.009799
-0.015966,0.898023,0.010301
-0.015963,0.918123,0.010301
-0.015960,0.898023,-0.009799
-0.015957,0.918123,-0.009799
-0.015954,0.898023,0.010301
-0.015950,0.898023,-0.009799
-0.015947,0.898023,0.010301
-0.015944,0.898023,-0.009799
-0.015941,0.898023,-0.009799
-0.015938,0.898023,0.010301
-0.015934,0.898023,0.010301
-0.015931,0.918123,0.010301
-0.015928,0.898023,0.010301
-0.015925,0.898023,0.010301
-0.015922,0.898023,0.010301
-0.015918,0.898023,0.010301
-0.015915,0.898023,0.030402
-0.015912,0.877922,0.010301
-0.015909,0.898023,0.030402
-0.015906,0.898023,0.010301
-0.015902,0.898023,0.030402
-0.015899,0.898023,0.030402
-0.015896,0.898023,0.030402
-0.015893,0.898023,0.010301
-0.015890,0.898023,0.030402
-0.015886,0.898023,0.030402
-0.015883,0.898023,0.010301
-0.015880,0.877922,0.030402
-0.015877,0.898023,0.010301
-0.015874,0.898023,0.010301
-0.015870,0.898023,0.010301
-0.015867,0.898023,0.010301
-0.015864,0.898023,0.030402
-0.015861,0.877922,0.010301
-0.015858,0.898023,0.010301
-0.015854,0.877922,0.010301
-0.015851,0.898023,0.010301
-0.015848,0.898023,0.010301
-0.015845,0.877922,0.010301
-0.015842,0.877922,-0.009799
-0.015838,0.898023,-0.009799
-0.015835,0.877922,0.010301
-0.015832,0.898023,0.010301
-0.015829,0.898023,0.010301
-0.015826,0.898023,0.010301
-0.015822,0.898023,0.010301
-0.015819,0.898023,0.030402
-0.015816,0.898023,0.010301
-0.015813,0.877922,0.010301
-0.015810,0.898023,0.010301
-0.015806,0.877922,0.010301
-0.015803,0.877922,0.010301
-0.015800,0.898023,0.010301
-0.015797,0.898023,0.010301
-0.015794,0.898023,0.010301
-0.015790,0.898023,0.010301
-0.015787,0.898023,-0.009799
-0.015784,0.898023,0.010301
-0.015781,0.898023,-0.009799
-0.015778,0.877922,-0.009799
-0.015774,0.898023,-0.009799
-0.015771,0.877922,0.010301
-0.015768,0.898023,0.010301
-0.015765,0.877922,0.010301
-0.015762,0.898023,-0.009799
-0.015758,0.877922,0.010301
-0.015755,0.877922,-0.009799
-0.015752,0.877922,-0.009799
-0.015749,0.898023,-0.009799
-0.015746,0.877922,-0.009799
-0.015742,0.898023,-0.009799
-0.015739,0.877922,-0.009799
-0.015736,0.898023,-0.009799
-0.015733,0.877922,-0.009799
-0.015730,0.898023,-0.029900
-0.015726,0.898023,-0.009799
-0.015723,0.877922,-0.009799
-0.015720,0.898023,-0.009799
-0.015717,0.877922,-0.009799
-0.015714,0.877922,-0.009799
-0.015710,0.877922,-0.009799
-0.015707,0.898023,-0.009799
-0.015704,0.877922,0.010301
-0.015701,0.877922,0.010301
-0.015698,0.877922,0.010301
-0.015694,0.877922,0.030402
-0.015691,0.898023,0.010301
-0.015688,0.898023,0.010301
-0.015685,0.877922,0.030402
-0.015682,0.898023,0.010301
-0.015678,0.877922,0.030402
-0.015675,0.898023,0.010301
-0.015672,0.898023,0.010301
-0.015669,0.898023,0.010301
-0.015666,0.898023,0.010301
-0.015662,0.877922,0.010301
-0.015659,0.877922,0.010301
-0.015656,0.898023,-0.009799
-0.015653,0.898023,0.010301
-0.015650,0.877922,0.010301
-0.015646,0.877922,-0.009799
-0.015643,0.877922,0.010301
-0.015640,0.877922,0.010301
-0.015637,0.877922,0.010301
-0.015634,0.877922,0.010301
-0.015630,0.898023,0.010301
-0.015627,0.877922,0.010301
-0.015624,0.877922,0.010301
-0.015621,0.877922,-0.009799
-0.015618,0.877922,-0.009799
-0.015614,0.877922,-0.009799
-0.015611,0.877922,-0.009799
-0.015608,0.877922,-0.009799
-0.015605,0.877922,-0.029900
-0.015602,0.877922,-0.009799
-0.015598,0.877922,-0.029900
-0.015595,0.877922,-0.009799
-0.015592,0.898023,-0.009799
-0.015589,0.877922,-0.009799
-0.015586,0.877922,-0.009799
-0.015582,0.877922,0.010301
-0.015579,0.877922,-0.029900
-0.015576,0.877922,-0.009799
-0.015573,0.877922,-0.009799
-0.015570,0.877922,-0.009799
-0.015566,0.877922,-0.029900
-0.015563,0.898023,-0.029900
-0.015560,0.877922,-0.009799
-0.015557,0.877922,-0.029900
-0.015554,0.877922,-0.029900
-0.015550,0.898023,-0.029900
-0.015547,0.877922,-0.009799
-0.015544,0.877922,-0.009799
-0.015541,0.877922,-0.009799
-0.015538,0.877922,-0.009799
-0.015534,0.877922,-0.009799
-0.015531,0.877922,-0.009799
-0.015528,0.898023,-0.029900
-0.015525,0.877922,-0.009799
-0.015522,0.877922,-0.029900
-0.015518,0.877922,-0.009799
-0.015515,0.877922,-0.029900
-0.015512,0.877922,-0.029900
-0.015509,0.857822,-0.050000
-0.015506,0.877922,-0.029900
-0.015502,0.877922,-0.029900
-0.015499,0.877922,-0.029900
-0.015496,0.877922,-0.009799
-0.015493,0.877922,-0.029900
-0.015490,0.877922,-0.009799
-0.015486,0.877922,-0.009799
-0.015483,0.877922,-0.009799
-0.015480,0.857822,-0.009799
-0.015477,0.877922,-0.009799
-0.015474,0.877922,-0.009799
-0.015470,0.857822,-0.009799
-0.015467,0.857822,0.010301
-0.015464,0.877922,-0.009799
-0.015461,0.877922,0.010301
-0.015458,0.877922,-0.009799
-0.015454,0.877922,0.010301
-0.015451,0.857822,0.010301
-0.015448,0.877922,0.010301
-0.015445,0.877922,-0.009799
-0.015442,0.857822,-0.009799
-0.015438,0.877922,0.010301
-0.015435,0.857822,-0.009799
-0.015432,0.877922,0.010301
-0.015429,0.857822,0.010301
-0.015426,0.857822,0.010301
-0.015422,0.877922,0.010301
-0.015419,0.877922,0.010301
-0.015416,0.877922,0.010301
-0.015413,0.877922,0.010301
-0.015410,0.898023,0.010301
-0.015406,0.877922,0.010301
-0.015403,0.877922,0.010301
-0.015400,0.877922,0.010301
-0.015397,0.877922,0.010301
-0.015394,0.857822,0.030402
-0.015390,0.877922,0.010301
-0.015387,0.877922,0.010301
-0.015384,0.877922,-0.009799
-0.015381,0.857822,-0.009799
-0.015378,0.857822,-0.009799
-0.015374,0.877922,-0.029900
-0.015371,0.877922,-0.029900
-0.015368,0.857822,-0.029900
-0.015365,0.857822,-0.029900
-0.015362,0.877922,-0.029900
-0.015358,0.857822,-0.029900
-0.015355,0.857822,-0.009799
-0.015352,0.857822,-0.029900
-0.015349,0.877922,-0.029900
-0.015346,0.877922,-0.009799
-0.015342,0.877922,-0.009799
-0.015339,0.857822,-0.029900
-0.015336,0.877922,-0.029900
-0.015333,0.857822,-0.029900
-0.015330,0.857822,-0.009799
-0.015326,0.857822,-0.009799
-0.015323,0.857822,-0.009799
-0.015320,0.857822,-0.009799
-0.015317,0.857822,-0.009799
-0.015314,0.857822,-0.009799
-0.015310,0.857822,-0.009799
-0.015307,0.857822,-0.009799
-0.015304,0.857822,-0.009799
-0.015301,0.877922,-0.009799
-0.015298,0.857822,-0.009799
-0.015294,0.857822,0.010301
-0.015291,0.877922,-0.009799
-0.015288,0.857822,-0.009799
-0.015285,0.857822,0.010301
-0.015282,0.857822,0.010301
-0.015278,0.857822,-0.009799
-0.015275,0.857822,0.010301
-0.015272,0.857822,0.010301
-0.015269,0.857822,0.010301
-0.015266,0.857822,-0.009799
-0.015262,0.857822,-0.009799
-0.015259,0.857822,-0.009799
-0.015256,0.857822,-0.009799
-0.015253,0.877922,-0.009799
-0.015250,0.857822,0.010301
-0.015246,0.857822,0.010301
-0.015243,0.857822,-0.009799
-0.015240,0.857822,-0.009799
-0.015237,0.857822,-0.009799
-0.015234,0.857822,-0.009799
-0.015230,0.857822,-0.009799
-0.015227,0.857822,0.010301
-0.015224,0.857822,0.010301
-0.015221,0.857822,-0.009799
-0.015218,0.857822,-0.009799
-0.015214,0.857822,-0.009799
-0.015211,0.857822,-0.009799
-0.015208,0.857822,0.010301
-0.015205,0.857822,0.010301
-0.015202,0.857822,0.010301
-0.015198,0.857822,0.010301
-0.015195,0.857822,0.010301
-0.015192,0.857822,-0.009799
-0.015189,0.857822,-0.009799
-0.015186,0.857822,0.010301
-0.015182,0.857822,0.010301
-0.015179,0.857822,0.010301
-0.015176,0.857822,0.010301
-0.015173,0.857822,0.010301
-0.015170,0.837721,0.010301
-0.015166,0.857822,0.010301
-0.015163,0.857822,0.010301
-0.015160,0.857822,0.010301
-0.015157,0.837721,0.010301
-0.015154,0.857822,0.010301
-0.015150,0.837721,0.010301
-0.015147,0.857822,0.010301
-0.015144,0.837721,0.010301
-0.015141,0.837721,0.010301
-0.015138,0.837721,-0.009799
-0.015134,0.837721,-0.009799
-0.015131,0.837721,-0.009799
-0.015128,0.837721,0.010301
-0.015125,0.857822,0.030402
-0.015122,0.857822,-0.009799
-0.015118,0.857822,0.010301
-0.015115,0.837721,-0.009799
-0.015112,0.857822,-0.009799
-0.015109,0.837721,-0.009799
-0.015106,0.857822,0.010301
-0.015102,0.837721,0.010301
-0.015099,0.837721,0.010301
-0.015096,0.837721,0.010301
-0.015093,0.857822,-0.009799
-0.015090,0.857822,-0.009799
-0.015086,0.857822,-0.009799
-0.015083,0.837721,-0.029900
-0.015080,0.837721,-0.009799
-0.015077,0.837721,-0.009799
-0.015074,0.837721,-0.029900
-0.015070,0.837721,-0.029900
-0.015067,0.857822,-0.009799
-0.015064,0.837721,-0.029900
-0.015061,0.837721,-0.029900
-0.015058,0.837721,-0.009799
-0.015054,0.837721,-0.029900
-0.015051,0.837721,-0.009799
-0.015048,0.857822,-0.029900
-0.015045,0.837721,-0.029900
-0.015042,0.837721,-0.009799
-0.015038,0.837721,-0.009799
-0.015035,0.837721,-0.009799
-0.015032,0.837721,-0.009799
-0.015029,0.837721,-0.009799
-0.015026,0.837721,-0.009799
-0.015022,0.837721,-0.009799
-0.015019,0.837721,-0.009799
-0.015016,0.837721,-0.009799
-0.015013,0.837721,-0.009799
-0.015010,0.837721,0.010301
-0.015006,0.837721,0.010301
-0.015003,0.837721,-0.009799
-0.015000,0.837721,0.010301
-0.014997,0.837721,0.010301
-0.014994,0.837721,0.010301
-0.014990,0.837721,0.010301
-0.014987,0.857822,0.010301
-0.014984,0.837721,-0.009799
-0.014981,0.837721,-0.009799
-0.014978,0.837721,-0.009799
-0.014974,0.837721,-0.009799
-0.014971,0.837721,-0.009799
-0.014968,0.837721,0.010301
-0.014965,0.837721,-0.009799
-0.014962,0.857822,-0.009799
-0.014958,0.817621,-0.009799
-0.014955,0.837721,-0.009799
-0.014952,0.837721,-0.009799
-0.014949,0.837721,0.010301
-0.014946,0.837721,-0.009799
-0.014942,0.837721,0.010301
-0.014939,0.837721,-0.009799
-0.014936,0.837721,-0.009799
-0.014933,0.837721,-0.009799
-0.014930,0.837721,-0.029900
-0.014926,0.837721,-0.009799
-0.014923,0.837721,-0.009799
-0.014920,0.837721,-0.029900
-0.014917,0.837721,-0.029900
-0.014914,0.837721,-0.029900
-0.014910,0.837721,-0.009799
-0.014907,0.837721,-0.029900
-0.014904,0.837721,-0.009799
-0.014901,0.837721,-0.029900
-0.014898,0.837721,-0.029900
-0.014894,0.837721,-0.009799
-0.014891,0.837721,-0.029900
-0.014888,0.837721,-0.029900
-0.014885,0.837721,-0.029900
-0.014882,0.817621,-0.029900
-0.014878,0.837721,-0.029900
-0.014875,0.837721,-0.029900
-0.014872,0.837721,-0.029900
-0.014869,0.817621,-0.029900
-0.014866,0.817621,-0.029900
-0.014862,0.817621,-0.009799
-0.014859,0.837721,-0.029900
-0.014856,0.837721,-0.029900
-0.014853,0.817621,-0.029900
-0.014850,0.817621,-0.009799
-0.014846,0.817621,-0.009799
-0.014843,0.837721,-0.009799
-0.014840,0.837721,-0.009799
-0.014837,0.837721,-0.009799
-0.014834,0.817621,-0.009799
-0.014830,0.817621,0.010301
-0.014827,0.817621,0.010301
-0.014824,0.817621,0.010301
-0.014821,0.817621,-0.009799
-0.014818,0.817621,-0.009799
-0.014814,0.817621,-0.009799
-0.014811,0.837721,-0.009799
-0.014808,0.837721,-0.009799
-0.014805,0.817621,-0.029900
-0.014802,0.817621,-0.029900
-0.014798,0.837721,-0.029900
-0.014795,0.817621,-0.029900
-0.014792,0.817621,-0.009799
-0.014789,0.817621,-0.009799
-0.014786,0.837721,-0.029900
-0.014782,0.817621,-0.009799
-0.014779,0.817621,-0.009799
-0.014776,0.817621,-0.029900
-0.014773,0.817621,-0.009799
-0.014770,0.837721,-0.009799
-0.014766,0.817621,-0.009799
-0.014763,0.817621,-0.009799
-0.014760,0.817621,-0.009799
-0.014757,0.817621,-0.009799
-0.014754,0.837721,-0.009799
-0.014750,0.817621,-0.009799
-0.014747,0.817621,-0.009799
-0.014744,0.837721,-0.009799
-0.014741,0.817621,-0.009799
-0.014738,0.817621,-0.009799
-0.014734,0.817621,0.010301
-0.014731,0.817621,0.010301
-0.014728,0.837721,0.010301
-0.014725,0.817621,0.010301
-0.014722,0.817621,0.010301
-0.014718,0.817621,0.010301
-0.014715,0.817621,0.010301
-0.014712,0.817621,0.010301
-0.014709,0.797520,0.030402
-0.014706,0.817621,0.010301
-0.014702,0.817621,0.010301
-0.014699,0.817621,0.010301
-0.014696,0.817621,0.010301
-0.014693,0.817621,0.010301
-0.014690,0.817621,0.010301
-0.014686,0.817621,0.010301
-0.014683,0.817621,0.010301
-0.014680,0.817621,0.010301
-0.014677,0.817621,0.030402
-0.014674,0.817621,0.030402
-0.014670,0.797520,0.010301
-0.014667,0.817621,0.010301
-0.014664,0.817621,0.010301
-0.014661,0.817621,-0.009799
-0.014658,0.817621,-0.009799
-0.014654,0.817621,-0.009799
-0.014651,0.817621,-0.009799
-0.014648,0.817621,0.010301
-0.014645,0.797520,-0.009799
-0.014642,0.817621,-0.009799
-0.014638,0.817621,-0.009799
-0.014635,0.817621,-0.009799
-0.014632,0.817621,-0.009799
-0.014629,0.797520,-0.009799
-0.014626,0.797520,-0.009799
-0.014622,0.817621,-0.029900
-0.014619,0.817621,-0.009799
-0.014616,0.797520,-0.009799
-0.014613,0.797520,-0.029900
-0.014610,0.797520,-0.009799
-0.014606,0.797520,-0.009799
-0.014603,0.797520,-0.029900
-0.014600,0.797520,-0.029900
-0.014597,0.797520,-0.029900
-0.014594,0.797520,-0.029900
-0.014590,0.817621,-0.029900
-0.014587,0.817621,-0.029900
-0.014584,0.797520,-0.029900
-0.014581,0.797520,-0.029900
-0.014578,0.797520,-0.029900
-0.014574,0.797520,-0.029900
-0.014571,0.797520,-0.050000
-0.014568,0.797520,-0.029900
-0.014565,0.797520,-0.050000
-0.014562,0.797520,-0.050000
-0.014558,0.817621,-0.050000
-0.014555,0.797520,-0.029900
-0.014552,0.797520,-0.050000
-0.014549,0.797520,-0.050000
-0.014546,0.797520,-0.050000
-0.014542,0.797520,-0.050000
-0.014539,0.797520,-0.050000
-0.014536,0.797520,-0.029900
-0.014533,0.797520,-0.050000
-0.014530,0.797520,-0.029900
-0.014526,0.797520,-0.050000
-0.014523,0.817621,-0.050000
-0.014520,0.817621,-0.029900
-0.014517,0.797520,-0.029900
-0.014514,0.797520,-0.029900
-0.014510,0.817621,-0.009799
-0.014507,0.817621,-0.009799
-0.014504,0.817621,-0.009799
-0.014501,0.797520,-0.009799
-0.014498,0.797520,-0.029900
-0.014494,0.797520,-0.009799
-0.014491,0.797520,-0.009799
-0.014488,0.797520,-0.009799
-0.014485,0.797520,-0.029900
-0.014482,0.797520,-0.009799
-0.014478,0.797520,-0.009799
-0.014475,0.797520,-0.009799
-0.014472,0.797520,-0.009799
-0.014469,0.797520,0.010301
-0.014466,0.797520,-0.009799
-0.014462,0.797520,-0.009799
-0.014459,0.797520,-0.009799
-0.014456,0.797520,-0.009799
-0.014453,0.797520,-0.009799
-0.014450,0.797520,-0.009799
-0.014446,0.797520,-0.009799
-0.014443,0.797520,-0.009799
-0.014440,0.777420,0.010301
-0.014437,0.797520,-0.009799
-0.014434,0.797520,0.010301
-0.014430,0.777420,-0.009799
-0.014427,0.797520,-0.009799
-0.014424,0.797520,-0.009799
-0.014421,0.797520,-0.009799
-0.014418,0.797520,-0.009799
-0.014414,0.797520,-0.009799
-0.014411,0.797520,0.010301
-0.014408,0.777420,-0.029900
-0.014405,0.797520,-0.009799
-0.014402,0.777420,-0.009799
-0.014398,0.797520,-0.009799
-0.014395,0.797520,-0.009799
-0.014392,0.777420,-0.009799
-0.014389,0.797520,-0.009799
-0.014386,0.777420,-0.009799
-0.014382,0.777420,-0.009799
-0.014379,0.777420,0.010301
-0.014376,0.797520,0.010301
-0.014373,0.797520,-0.009799
-0.014370,0.797520,-0.009799
-0.014366,0.797520,-0.009799
-0.014363,0.777420,-0.009799
-0.014360,0.777420,-0.009799
-0.014357,0.777420,-0.009799
-0.014354,0.777420,0.010301
-0.014350,0.777420,-0.009799
-0.014347,0.777420,-0.009799
-0.014344,0.797520,0.010301
-0.014341,0.777420,-0.009799
-0.014338,0.777420,0.010301
-0.014334,0.777420,0.010301
-0.014331,0.797520,0.010301
-0.014328,0.777420,-0.009799
-0.014325,0.777420,0.010301
-0.014322,0.777420,-0.009799
-0.014318,0.777420,-0.009799
-0.014315,0.777420,-0.009799
-0.014312,0.797520,0.010301
-0.014309,0.797520,-0.009799
-0.014306,0.777420,0.010301
-0.014302,0.777420,0.010301
-0.014299,0.777420,0.010301
-0.014296,0.777420,0.010301
-0.014293,0.777420,0.010301
-0.014290,0.777420,-0.009799
-0.014286,0.757319,0.010301
-0.014283,0.777420,0.010301
-0.014280,0.777420,-0.009799
-0.014277,0.777420,0.010301
-0.014274,0.777420,-0.009799
-0.014270,0.777420,0.010301
-0.014267,0.797520,0.010301
-0.014264,0.777420,-0.009799
-0.014261,0.777420,0.010301
-0.014258,0.777420,-0.009799
-0.014254,0.777420,-0.009799
-0.014251,0.777420,-0.009799
-0.014248,0.777420,-0.009799
-0.014245,0.777420,-0.009799
-0.014242,0.777420,-0.009799
-0.014238,0.777420,0.010301
-0.014235,0.777420,0.010301
-0.014232,0.777420,0.010301
-0.014229,0.757319,0.030402
-0.014226,0.777420,0.010301
-0.014222,0.777420,0.010301
-0.014219,0.777420,-0.009799
-0.014216,0.777420,-0.009799
-0.014213,0.757319,-0.009799
-0.014210,0.777420,-0.009799
-0.014206,0.757319,-0.009799
-0.014203,0.777420,0.010301
-0.014200,0.777420,0.010301
-0.014197,0.777420,0.010301
-0.014194,0.757319,0.010301
-0.014190,0.757319,0.010301
-0.014187,0.777420,0.010301
-0.014184,0.777420,0.010301
-0.014181,0.757319,0.010301
-0.014178,0.757319,0.010301
-0.014174,0.777420,0.010301
-0.014171,0.757319,0.010301
-0.014168,0.757319,0.010301
-0.014165,0.777420,-0.009799
-0.014162,0.757319,0.010301
-0.014158,0.777420,0.010301
-0.014155,0.757319,0.010301
-0.014152,0.757319,0.010301
-0.014149,0.757319,0.010301
-0.014146,0.757319,0.010301
-0.014142,0.777420,0.010301
-0.014139,0.757319,0.010301
-0.014136,0.757319,-0.009799
-0.014133,0.757319,-0.009799
-0.014130,0.757319,0.010301
-0.014126,0.757319,-0.009799
-0.014123,0.757319,-0.009799
-0.014120,0.757319,-0.009799
-0.014117,0.757319,0.010301
-0.014114,0.757319,-0.009799
-0.014110,0.757319,-0.009799
-0.014107,0.757319,0.010301
-0.014104,0.777420,-0.009799
-0.014101,0.737219,0.010301
-0.014098,0.757319,0.010301
-0.014094,0.757319,0.010301
-0.014091,0.757319,0.010301
-0.014088,0.757319,0.010301
-0.014085,0.737219,0.010301
-0.014082,0.757319,0.010301
-0.014078,0.737219,0.010301
-0.014075,0.757319,0.010301
-0.014072,0.737219,0.010301
-0.014069,0.757319,0.010301
-0.014066,0.737219,0.010301
-0.014062,0.737219,-0.009799
-0.014059,0.757319,0.010301
-0.014056,0.757319,0.010301
-0.014053,0.757319,0.010301
-0.014050,0.757319,0.010301
-0.014046,0.757319,0.010301
-0.014043,0.757319,-0.009799
-0.014040,0.737219,-0.009799
-0.014037,0.737219,-0.009799
-0.014034,0.737219,-0.009799
-0.014030,0.737219,-0.009799
-0.014027,0.737219,-0.009799
-0.014024,0.737219,-0.009799
-0.014021,0.737219,-0.009799
-0.014018,0.737219,-0.009799
-0.014014,0.737219,0.010301
-0.014011,0.737219,0.010301
-0.014008,0.737219,-0.009799
-0.014005,0.737219,-0.009799
-0.014002,0.737219,-0.009799
-0.013998,0.737219,0.010301
-0.013995,0.737219,-0.009799
-0.013992,0.737219,0.010301
-0.013989,0.737219,0.010301
-0.013986,0.737219,0.010301
-0.013982,0.737219,0.010301
-0.013979,0.737219,-0.009799
-0.013976,0.737219,-0.009799
-0.013973,0.737219,-0.009799
-0.013970,0.737219,-0.009799
-0.013966,0.737219,-0.009799
-0.013963,0.737219,-0.009799
-0.013960,0.737219,-0.009799
-0.013957,0.737219,0.010301
-0.013954,0.717118,0.010301
-0.013950,0.737219,-0.009799
-0.013947,0.737219,0.010301
-0.013944,0.737219,0.010301
-0.013941,0.717118,0.030402
-0.013938,0.737219,0.010301
-0.013934,0.737219,0.010301
-0.013931,0.717118,0.010301
-0.013928,0.737219,0.010301
-0.013925,0.737219,0.010301
-0.013922,0.717118,0.010301
-0.013918,0.717118,0.010301
-0.013915,0.717118,0.010301
-0.013912,0.717118,0.030402
-0.013909,0.737219,0.010301
-0.013906,0.737219,0.010301
-0.013902,0.717118,0.030402
-0.013899,0.737219,0.030402
-0.013896,0.717118,0.030402
-0.013893,0.717118,0.030402
-0.013890,0.717118,0.030402
-0.013886,0.717118,0.010301
-0.013883,0.717118,0.010301
-0.013880,0.717118,0.030402
-0.013877,0.717118,0.030402
-0.013874,0.717118,0.010301
-0.013870,0.697018,0.010301
-0.013867,0.717118,0.010301
-0.013864,0.717118,0.010301
-0.013861,0.717118,0.010301
-0.013858,0.717118,0.010301
-0.013854,0.717118,0.010301
-0.013851,0.717118,0.010301
-0.013848,0.717118,0.010301
-0.013845,0.717118,0.030402
-0.013842,0.717118,0.010301
-0.013838,0.717118,0.030402
-0.013835,0.717118,0.030402
-0.013832,0.717118,0.030402
-0.013829,0.717118,0.010301
-0.013826,0.717118,0.010301
-0.013822,0.697018,0.030402
-0.013819,0.697018,0.010301
-0.013816,0.697018,0.010301
-0.013813,0.717118,0.010301
-0.013810,0.697018,0.030402
-0.013806,0.697018,0.030402
-0.013803,0.717118,0.030402
-0.013800,0.697018,0.030402
-0.013797,0.717118,0.030402
-0.013794,0.717118,0.010301
-0.013790,0.697018,0.010301
-0.013787,0.697018,0.010301
-0.013784,0.697018,0.010301
-0.013781,0.697018,0.030402
-0.013778,0.697018,0.010301
-0.013774,0.717118,0.010301
-0.013771,0.697018,0.030402
-0.013768,0.697018,0.030402
-0.013765,0.697018,0.030402
-0.013762,0.697018,0.010301
-0.013758,0.697018,0.010301
-0.013755,0.676917,0.010301
-0.013752,0.697018,0.030402
-0.013749,0.697018,0.030402
-0.013746,0.697018,0.050502
-0.013742,0.697018,0.030402
-0.013739,0.697018,0.030402
-0.013736,0.697018,0.030402
-0.013733,0.697018,0.030402
-0.013730,0.697018,0.030402
-0.013726,0.676917,0.050502
-0.013723,0.676917,0.030402
-0.013720,0.697018,0.030402
-0.013717,0.697018,0.050502
-0.013714,0.697018,0.050502
-0.013710,0.697018,0.050502
-0.013707,0.676917,0.050502
-0.013704,0.676917,0.030402
-0.013701,0.676917,0.050502
-0.013698,0.676917,0.070603
-0.013694,0.676917,0.050502
-0.013691,0.676917,0.030402
-0.013688,0.676917,0.050502
-0.013685,0.676917,0.030402
-0.013682,0.676917,0.050502
-0.013678,0.676917,0.050502
-0.013675,0.676917,0.030402
-0.013672,0.676917,0.050502
-0.013669,0.676917,0.050502
-0.013666,0.676917,0.030402
-0.013662,0.676917,0.030402
-0.013659,0.676917,0.030402
-0.013656,0.676917,0.010301
-0.013653,0.676917,0.030402
-0.013650,0.676917,0.030402
-0.013646,0.676917,0.010301
-0.013643,0.676917,0.010301
-0.013640,0.676917,0.010301
-0.013637,0.676917,0.010301
-0.013634,0.676917,0.010301
-0.013630,0.676917,0.030402
-0.013627,0.676917,0.010301
-0.013624,0.656817,0.030402
-0.013621,0.656817,0.010301
-0.013618,0.656817,0.030402
-0.013614,0.656817,0.030402
-0.013611,0.636716,0.030402
-0.013608,0.656817,0.030402
-0.013605,0.656817,0.030402
-0.013602,0.656817,0.030402
-0.013598,0.656817,0.030402
-0.013595,0.656817,0.030402
-0.013592,0.656817,0.010301
-0.013589,0.656817,0.030402
-0.013586,0.656817,0.030402
-0.013582,0.656817,0.030402
-0.013579,0.656817,0.010301
-0.013576,0.656817,0.030402
-0.013573,0.636716,0.010301
-0.013570,0.656817,0.010301
-0.013566,0.656817,0.010301
-0.013563,0.656817,0.010301
-0.013560,0.656817,0.030402
-0.013557,0.656817,0.010301
-0.013554,0.656817,0.010301
-0.013550,0.656817,0.030402
-0.013547,0.636716,0.030402
-0.013544,0.656817,0.010301
-0.013541,0.656817,0.010301
-0.013538,0.656817,0.010301
-0.013534,0.636716,0.030402
-0.013531,0.636716,0.030402
-0.013528,0.636716,0.030402
-0.013525,0.636716,0.030402
-0.013522,0.656817,0.030402
-0.013518,0.636716,0.010301
-0.013515,0.636716,-0.009799
-0.013512,0.636716,0.010301
-0.013509,0.636716,-0.009799
-0.013506,0.636716,-0.009799
-0.013502,0.636716,-0.009799
-0.013499,0.636716,-0.009799
-0.013496,0.636716,-0.009799
-0.013493,0.636716,-0.009799
-0.013490,0.636716,-0.009799
-0.013486,0.636716,-0.029900
-0.013483,0.616616,-0.029900
-0.013480,0.636716,-0.009799
-0.013477,0.616616,-0.009799
-0.013474,0.636716,-0.009799
-0.013470,0.616616,-0.009799
-0.013467,0.616616,-0.009799
-0.013464,0.616616,-0.009799
-0.013461,0.636716,-0.029900
-0.013458,0.636716,-0.009799
-0.013454,0.636716,-0.009799
-0.013451,0.616616,-0.029900
-0.013448,0.636716,-0.009799
-0.013445,0.636716,-0.029900
-0.013442,0.636716,-0.029900
-0.013438,0.636716,-0.009799
-0.013435,0.616616,-0.029900
-0.013432,0.636716,-0.029900
-0.013429,0.616616,-0.029900
-0.013426,0.616616,-0.009799
-0.013422,0.616616,-0.029900
-0.013419,0.616616,-0.029900
-0.013416,0.616616,-0.029900
-0.013413,0.616616,-0.029900
-0.013410,0.616616,-0.029900
-0.013406,0.616616,-0.029900
-0.013403,0.616616,-0.029900
-0.013400,0.616616,-0.029900
-0.013397,0.596515,-0.009799
-0.013394,0.616616,-0.009799
-0.013390,0.616616,-0.029900
-0.013387,0.616616,-0.029900
-0.013384,0.616616,-0.029900
-0.013381,0.616616,-0.029900
-0.013378,0.596515,-0.029900
-0.013374,0.596515,-0.029900
-0.013371,0.616616,-0.009799
-0.013368,0.596515,-0.009799
-0.013365,0.596515,-0.029900
-0.013362,0.596515,-0.009799
-0.013358,0.596515,-0.029900
-0.013355,0.596515,-0.009799
-0.013352,0.596515,-0.009799
-0.013349,0.576415,-0.009799
-0.013346,0.596515,-0.009799
-0.013342,0.596515,-0.009799
-0.013339,0.596515,-0.009799
-0.013336,0.596515,-0.009799
-0.013333,0.596515,-0.009799
-0.013330,0.596515,-0.009799
-0.013326,0.596515,0.010301
-0.013323,0.596515,-0.009799
-0.013320,0.596515,-0.009799
-0.013317,0.576415,-0.009799
-0.013314,0.596515,-0.009799
-0.013310,0.576415,-0.009799
-0.013307,0.596515,0.010301
-0.013304,0.576415,-0.009799
-0.013301,0.576415,0.010301
-0.013298,0.596515,0.010301
-0.013294,0.576415,0.010301
-0.013291,0.576415,0.010301
-0.013288,0.596515,0.010301
-0.013285,0.576415,0.010301
-0.013282,0.576415,0.030402
-0.013278,0.576415,0.010301
-0.013275,0.576415,0.010301
-0.013272,0.576415,0.010301
-0.013269,0.576415,0.030402
-0.013266,0.576415,0.030402
-0.013262,0.556314,0.030402
-0.013259,0.576415,0.010301
-0.013256,0.576415,0.010301
-0.013253,0.576415,0.010301
-0.013250,0.556314,0.010301
-0.013246,0.576415,0.030402
-0.013243,0.576415,0.010301
-0.013240,0.576415,0.030402
-0.013237,0.576415,0.010301
-0.013234,0.576415,0.030402
-0.013230,0.576415,0.030402
-0.013227,0.576415,0.030402
-0.013224,0.576415,0.030402
-0.013221,0.576415,0.050502
-0.013218,0.556314,0.030402
-0.013214,0.556314,0.030402
-0.013211,0.556314,0.050502
-0.013208,0.556314,0.030402
-0.013205,0.556314,0.030402
-0.013202,0.556314,0.030402
-0.013198,0.536214,0.030402
-0.013195,0.556314,0.030402
-0.013192,0.556314,0.030402
-0.013189,0.536214,0.030402
-0.013186,0.556314,0.030402
-0.013182,0.556314,0.030402
-0.013179,0.556314,0.010301
-0.013176,0.556314,0.010301
-0.013173,0.556314,0.030402
-0.013170,0.556314,0.010301
-0.013166,0.536214,0.010301
-0.013163,0.556314,0.010301
-0.013160,0.536214,0.030402
-0.013157,0.536214,0.030402
-0.013154,0.556314,0.030402
-0.013150,0.536214,0.030402
-0.013147,0.556314,0.030402
-0.013144,0.536214,0.030402
-0.013141,0.556314,0.030402
-0.013138,0.536214,0.010301
-0.013134,0.536214,0.010301
-0.013131,0.536214,0.030402
-0.013128,0.536214,0.010301
-0.013125,0.536214,0.030402
-0.013122,0.536214,0.030402
-0.013118,0.536214,0.010301
-0.013115,0.536214,0.030402
-0.013112,0.536214,0.030402
-0.013109,0.516113,0.030402
-0.013106,0.536214,0.010301
-0.013102,0.516113,0.030402
-0.013099,0.516113,0.030402
-0.013096,0.516113,0.030402
-0.013093,0.516113,0.030402
-0.013090,0.516113,0.030402
-0.013086,0.536214,0.030402
-0.013083,0.516113,0.030402
-0.013080,0.516113,0.030402
-0.013077,0.536214,0.030402
-0.013074,0.516113,0.050502
-0.013070,0.516113,0.050502
-0.013067,0.516113,0.050502
-0.013064,0.516113,0.050502
-0.013061,0.496013,0.030402
-0.013058,0.496013,0.030402
-0.013054,0.516113,0.030402
-0.013051,0.516113,0.030402
-0.013048,0.516113,0.050502
-0.013045,0.516113,0.030402
-0.013042,0.496013,0.030402
-0.013038,0.516113,0.050502
-0.013035,0.516113,0.050502
-0.013032,0.516113,0.050502
-0.013029,0.516113,0.030402
-0.013026,0.516113,0.030402
-0.013022,0.496013,0.030402
-0.013019,0.496013,0.030402
-0.013016,0.516113,0.030402
-0.013013,0.496013,0.030402
-0.013010,0.516113,0.030402
-0.013006,0.496013,0.030402
-0.013003,0.496013,0.030402
-0.013000,0.496013,0.030402
-0.012997,0.496013,0.030402
-0.012994,0.496013,0.050502
-0.012990,0.496013,0.050502
-0.012987,0.496013,0.050502
-0.012984,0.496013,0.050502
-0.012981,0.496013,0.030402
-0.012978,0.496013,0.010301
-0.012974,0.496013,0.030402
-0.012971,0.496013,0.030402
-0.012968,0.496013,0.030402
-0.012965,0.496013,0.030402
-0.012962,0.475912,0.010301
-0.012958,0.475912,0.010301
-0.012955,0.496013,0.030402
-0.012952,0.496013,0.010301
-0.012949,0.475912,0.010301
-0.012946,0.475912,0.010301
-0.012942,0.475912,0.010301
-0.012939,0.475912,0.010301
-0.012936,0.475912,0.030402
-0.012933,0.475912,0.010301
-0.012930,0.475912,0.010301
-0.012926,0.455811,0.010301
-0.012923,0.475912,0.010301
-0.012920,0.475912,0.010301
-0.012917,0.475912,0.010301
-0.012914,0.475912,0.030402
-0.012910,0.455811,0.030402
-0.012907,0.475912,0.030402
-0.012904,0.475912,0.010301
-0.012901,0.475912,0.030402
-0.012898,0.475912,0.030402
-0.012894,0.475912,0.010301
-0.012891,0.475912,0.030402
-0.012888,0.475912,0.030402
-0.012885,0.455811,0.030402
-0.012882,0.455811,0.030402
-0.012878,0.455811,0.010301
-0.012875,0.455811,0.010301
-0.012872,0.475912,0.010301
-0.012869,0.455811,0.010301
-0.012866,0.455811,-0.009799
-0.012862,0.455811,0.010301
-0.012859,0.455811,0.010301
-0.012856,0.455811,0.010301
-0.012853,0.455811,0.010301
-0.012850,0.455811,0.010301
-0.012846,0.435711,0.010301
-0.012843,0.435711,0.030402
-0.012840,0.435711,0.030402
-0.012837,0.435711,0.030402
-0.012834,0.435711,0.030402
-0.012830,0.455811,0.010301
-0.012827,0.455811,0.030402
-0.012824,0.455811,0.030402
-0.012821,0.455811,0.010301
-0.012818,0.455811,0.030402
-0.012814,0.435711,0.030402
-0.012811,0.435711,0.050502
-0.012808,0.455811,0.050502
-0.012805,0.435711,0.050502
-0.012802,0.435711,0.030402
-0.012798,0.455811,0.030402
-0.012795,0.435711,0.030402
-0.012792,0.435711,0.030402
-0.012789,0.435711,0.030402
-0.012786,0.435711,0.050502
-0.012782,0.435711,0.050502
-0.012779,0.435711,0.070603
-0.012776,0.435711,0.050502
-0.012773,0.415610,0.070603
-0.012770,0.415610,0.050502
-0.012766,0.435711,0.070603
-0.012763,0.435711,0.050502
-0.012760,0.435711,0.070603
-0.012757,0.435711,0.070603
-0.012754,0.415610,0.050502
-0.012750,0.415610,0.070603
-0.012747,0.415610,0.070603
-0.012744,0.415610,0.070603
-0.012741,0.415610,0.070603
-0.012738,0.415610,0.070603
-0.012734,0.415610,0.070603
-0.012731,0.435711,0.070603
-0.012728,0.415610,0.090704
-0.012725,0.415610,0.090704
-0.012722,0.415610,0.070603
-0.012718,0.415610,0.090704
-0.012715,0.415610,0.090704
-0.012712,0.415610,0.090704
-0.012709,0.415610,0.090704
-0.012706,0.415610,0.110804
-0.012702,0.415610,0.110804
-0.012699,0.415610,0.130904
-0.012696,0.415610,0.130904
-0.012693,0.415610,0.151005
-0.012690,0.415610,0.151005
-0.012686,0.415610,0.151005
-0.012683,0.415610,0.171106
-0.012680,0.395510,0.171106
-0.012677,0.415610,0.191206
-0.012674,0.395510,0.191206
-0.012670,0.415610,0.191206
-0.012667,0.395510,0.211307
-0.012664,0.395510,0.211307
-0.012661,0.395510,0.211307
-0.012658,0.395510,0.231407
-0.012654,0.395510,0.211307
-0.012651,0.395510,0.231407
-0.012648,0.375410,0.251507
-0.012645,0.395510,0.251507
-0.012642,0.395510,0.251507
-0.012638,0.395510,0.271608
-0.012635,0.395510,0.291709
-0.012632,0.395510,0.291709
-0.012629,0.395510,0.291709
-0.012626,0.395510,0.311809
-0.012622,0.375410,0.331910
-0.012619,0.375410,0.352010
-0.012616,0.375410,0.352010
-0.012613,0.375410,0.372111
-0.012610,0.375410,0.392211
-0.012606,0.375410,0.412311
-0.012603,0.395510,0.452513
-0.012600,0.395510,0.472613
-0.012597,0.375410,0.492713
-0.012594,0.375410,0.512814
-0.012590,0.375410,0.532914
-0.012587,0.375410,0.573115
-0.012584,0.375410,0.593216
-0.012581,0.375410,0.633417
-0.012578,0.375410,0.653517
-0.012574,0.375410,0.693719
-0.012571,0.375410,0.733919
-0.012568,0.375410,0.754020
-0.012565,0.375410,0.794221
-0.012562,0.355309,0.814321
-0.012558,0.375410,0.834422
-0.012555,0.355309,0.874623
-0.012552,0.375410,0.894724
-0.012549,0.375410,0.914824
-0.012546,0.375410,0.934924
-0.012542,0.375410,0.955025
-0.012539,0.375410,0.955025
-0.012536,0.355309,0.955025
-0.012533,0.355309,0.975125
-0.012530,0.355309,0.955025
-0.012526,0.375410,0.955025
-0.012523,0.375410,0.934924
-0.012520,0.355309,0.914824
-0.012517,0.355309,0.894724
-0.012514,0.355309,0.874623
-0.012510,0.355309,0.854522
-0.012507,0.355309,0.814321
-0.012504,0.355309,0.814321
-0.012501,0.355309,0.774120
-0.012498,0.355309,0.754020
-0.012494,0.355309,0.713819
-0.012491,0.355309,0.653517
-0.012488,0.355309,0.633417
-0.012485,0.355309,0.613316
-0.012482,0.355309,0.573115
-0.012478,0.335209,0.532914
-0.012475,0.335209,0.512814
-0.012472,0.335209,0.472613
-0.012469,0.355309,0.432412
-0.012466,0.335209,0.412311
-0.012462,0.335209,0.372111
-0.012459,0.335209,0.331910
-0.012456,0.335209,0.311809
-0.012453,0.335209,0.291709
-0.012450,0.335209,0.271608
-0.012446,0.335209,0.251507
-0.012443,0.335209,0.231407
-0.012440,0.335209,0.211307
-0.012437,0.335209,0.211307
-0.012434,0.335209,0.211307
-0.012430,0.335209,0.191206
-0.012427,0.335209,0.171106
-0.012424,0.335209,0.151005
-0.012421,0.335209,0.151005
-0.012418,0.315108,0.130904
-0.012414,0.315108,0.130904
-0.012411,0.335209,0.110804
-0.012408,0.335209,0.110804
-0.012405,0.335209,0.090704
-0.012402,0.315108,0.070603
-0.012398,0.315108,0.070603
-0.012395,0.315108,0.070603
-0.012392,0.315108,0.070603
-0.012389,0.315108,0.050502
-0.012386,0.315108,0.050502
-0.012382,0.335209,0.030402
-0.012379,0.335209,0.030402
-0.012376,0.315108,0.030402
-0.012373,0.315108,0.010301
-0.012370,0.315108,0.010301
-0.012366,0.315108,-0.009799
-0.012363,0.315108,-0.009799
-0.012360,0.315108,-0.009799
-0.012357,0.315108,-0.009799
-0.012354,0.315108,-0.009799
-0.012350,0.315108,-0.009799
-0.012347,0.315108,-0.009799
-0.012344,0.315108,-0.029900
-0.012341,0.295007,-0.029900
-0.012338,0.315108,-0.050000
-0.012334,0.295007,-0.050000
-0.012331,0.315108,-0.029900
-0.012328,0.295007,-0.029900
-0.012325,0.315108,-0.029900
-0.012322,0.315108,-0.029900
-0.012318,0.315108,-0.029900
-0.012315,0.295007,-0.029900
-0.012312,0.315108,-0.029900
-0.012309,0.295007,-0.029900
-0.012306,0.295007,-0.029900
-0.012302,0.295007,-0.029900
-0.012299,0.295007,-0.029900
-0.012296,0.295007,-0.029900
-0.012293,0.295007,-0.050000
-0.012290,0.295007,-0.029900
-0.012286,0.295007,-0.050000
-0.012283,0.274907,-0.050000
-0.012280,0.295007,-0.050000
-0.012277,0.295007,-0.050000
-0.012274,0.295007,-0.070101
-0.012270,0.274907,-0.050000
-0.012267,0.295007,-0.050000
-0.012264,0.295007,-0.070101
-0.012261,0.295007,-0.070101
-0.012258,0.295007,-0.070101
-0.012254,0.274907,-0.070101
-0.012251,0.274907,-0.070101
-0.012248,0.274907,-0.070101
-0.012245,0.295007,-0.070101
-0.012242,0.274907,-0.070101
-0.012238,0.295007,-0.070101
-0.012235,0.274907,-0.070101
-0.012232,0.274907,-0.070101
-0.012229,0.274907,-0.070101
-0.012226,0.274907,-0.070101
-0.012222,0.295007,-0.070101
-0.012219,0.274907,-0.070101
-0.012216,0.274907,-0.090201
-0.012213,0.274907,-0.070101
-0.012210,0.274907,-0.070101
-0.012206,0.274907,-0.090201
-0.012203,0.274907,-0.090201
-0.012200,0.274907,-0.070101
-0.012197,0.254806,-0.090201
-0.012194,0.274907,-0.090201
-0.012190,0.274907,-0.090201
-0.012187,0.274907,-0.090201
-0.012184,0.274907,-0.090201
-0.012181,0.254806,-0.110301
-0.012178,0.274907,-0.090201
-0.012174,0.274907,-0.110301
-0.012171,0.274907,-0.110301
-0.012168,0.254806,-0.090201
-0.012165,0.254806,-0.090201
-0.012162,0.274907,-0.090201
-0.012158,0.274907,-0.110301
-0.012155,0.254806,-0.110301
-0.012152,0.254806,-0.110301
-0.012149,0.254806,-0.110301
-0.012146,0.254806,-0.110301
-0.012142,0.254806,-0.110301
-0.012139,0.254806,-0.110301
-0.012136,0.254806,-0.110301
-0.012133,0.254806,-0.090201
-0.012130,0.254806,-0.110301
-0.012126,0.254806,-0.110301
-0.012123,0.254806,-0.110301
-0.012120,0.254806,-0.110301
-0.012117,0.254806,-0.090201
-0.012114,0.254806,-0.090201
-0.012110,0.234706,-0.110301
-0.012107,0.234706,-0.070101
-0.012104,0.254806,-0.090201
-0.012101,0.234706,-0.090201
-0.012098,0.234706,-0.110301
-0.012094,0.234706,-0.110301
-0.012091,0.234706,-0.110301
-0.012088,0.254806,-0.110301
-0.012085,0.254806,-0.110301
-0.012082,0.234706,-0.110301
-0.012078,0.234706,-0.110301
-0.012075,0.254806,-0.090201
-0.012072,0.234706,-0.110301
-0.012069,0.234706,-0.090201
-0.012066,0.254806,-0.110301
-0.012062,0.234706,-0.110301
-0.012059,0.234706,-0.110301
-0.012056,0.234706,-0.110301
-0.012053,0.234706,-0.110301
-0.012050,0.234706,-0.110301
-0.012046,0.234706,-0.110301
-0.012043,0.234706,-0.110301
-0.012040,0.214606,-0.110301
-0.012037,0.234706,-0.110301
-0.012034,0.234706,-0.110301
-0.012030,0.234706,-0.130402
-0.012027,0.234706,-0.130402
-0.012024,0.234706,-0.110301
-0.012021,0.234706,-0.130402
-0.012018,0.234706,-0.130402
-0.012014,0.214606,-0.110301
-0.012011,0.214606,-0.130402
-0.012008,0.214606,-0.130402
-0.012005,0.214606,-0.110301
-0.012002,0.214606,-0.130402
-0.011998,0.214606,-0.130402
-0.011995,0.214606,-0.130402
-0.011992,0.214606,-0.130402
-0.011989,0.214606,-0.130402
-0.011986,0.214606,-0.130402
-0.011982,0.214606,-0.110301
-0.011979,0.214606,-0.110301
-0.011976,0.214606,-0.110301
-0.011973,0.214606,-0.110301
-0.011970,0.214606,-0.110301
-0.011966,0.214606,-0.110301
-0.011963,0.194505,-0.090201
-0.011960,0.214606,-0.110301
-0.011957,0.194505,-0.110301
-0.011954,0.214606,-0.110301
-0.011950,0.194505,-0.110301
-0.011947,0.214606,-0.110301
-0.011944,0.214606,-0.090201
-0.011941,0.194505,-0.110301
-0.011938,0.214606,-0.110301
-0.011934,0.194505,-0.090201
-0.011931,0.194505,-0.090201
-0.011928,0.214606,-0.110301
-0.011925,0.214606,-0.090201
-0.011922,0.194505,-0.090201
-0.011918,0.194505,-0.090201
-0.011915,0.194505,-0.090201
-0.011912,0.194505,-0.070101
-0.011909,0.174404,-0.070101
-0.011906,0.194505,-0.090201
-0.011902,0.194505,-0.070101
-0.011899,0.194505,-0.070101
-0.011896,0.174404,-0.090201
-0.011893,0.174404,-0.090201
-0.011890,0.194505,-0.070101
-0.011886,0.194505,-0.090201
-0.011883,0.194505,-0.070101
-0.011880,0.194505,-0.070101
-0.011877,0.174404,-0.070101
-0.011874,0.174404,-0.070101
-0.011870,0.174404,-0.070101
-0.011867,0.194505,-0.070101
-0.011864,0.194505,-0.090201
-0.011861,0.174404,-0.090201
-0.011858,0.174404,-0.090201
-0.011854,0.174404,-0.090201
-0.011851,0.194505,-0.070101
-0.011848,0.174404,-0.070101
-0.011845,0.174404,-0.090201
-0.011842,0.174404,-0.090201
-0.011838,0.174404,-0.090201
-0.011835,0.174404,-0.090201
-0.011832,0.194505,-0.090201
-0.011829,0.194505,-0.090201
-0.011826,0.174404,-0.090201
-0.011822,0.174404,-0.090201
-0.011819,0.174404,-0.090201
-0.011816,0.174404,-0.090201
-0.011813,0.154304,-0.110301
-0.011810,0.174404,-0.090201
-0.011806,0.174404,-0.090201
-0.011803,0.174404,-0.070101
-0.011800,0.154304,-0.070101
-0.011797,0.174404,-0.070101
-0.011794,0.174404,-0.090201
-0.011790,0.174404,-0.070101
-0.011787,0.154304,-0.090201
-0.011784,0.154304,-0.070101
-0.011781,0.154304,-0.090201
-0.011778,0.154304,-0.070101
-0.011774,0.154304,-0.070101
-0.011771,0.174404,-0.070101
-0.011768,0.154304,-0.070101
-0.011765,0.154304,-0.050000
-0.011762,0.154304,-0.070101
-0.011758,0.154304,-0.070101
-0.011755,0.154304,-0.070101
-0.011752,0.154304,-0.070101
-0.011749,0.154304,-0.070101
-0.011746,0.134204,-0.070101
-0.011742,0.134204,-0.070101
-0.011739,0.154304,-0.050000
-0.011736,0.154304,-0.070101
-0.011733,0.134204,-0.070101
-0.011730,0.134204,-0.070101
-0.011726,0.154304,-0.050000
-0.011723,0.134204,-0.070101
-0.011720,0.154304,-0.070101
-0.011717,0.134204,-0.070101
-0.011714,0.154304,-0.070101
-0.011710,0.134204,-0.090201
-0.011707,0.134204,-0.070101
-0.011704,0.154304,-0.070101
-0.011701,0.134204,-0.050000
-0.011698,0.134204,-0.070101
-0.011694,0.134204,-0.070101
-0.011691,0.134204,-0.070101
-0.011688,0.134204,-0.050000
-0.011685,0.134204,-0.050000
-0.011682,0.134204,-0.070101
-0.011678,0.134204,-0.070101
-0.011675,0.134204,-0.070101
-0.011672,0.134204,-0.070101
-0.011669,0.134204,-0.070101
-0.011666,0.114103,-0.050000
-0.011662,0.134204,-0.050000
-0.011659,0.134204,-0.050000
-0.011656,0.134204,-0.050000
-0.011653,0.134204,-0.050000
-0.011650,0.134204,-0.050000
-0.011646,0.114103,-0.050000
-0.011643,0.114103,-0.050000
-0.011640,0.134204,-0.050000
-0.011637,0.114103,-0.050000
-0.011634,0.114103,-0.050000
-0.011630,0.114103,-0.050000
-0.011627,0.114103,-0.050000
-0.011624,0.114103,-0.070101
-0.011621,0.114103,-0.070101
-0.011618,0.114103,-0.070101
-0.011614,0.114103,-0.090201
-0.011611,0.114103,-0.090201
-0.011608,0.114103,-0.050000
-0.011605,0.114103,-0.070101
-0.011602,0.114103,-0.070101
-0.011598,0.114103,-0.050000
-0.011595,0.114103,-0.070101
-0.011592,0.114103,-0.070101
-0.011589,0.114103,-0.050000
-0.011586,0.114103,-0.070101
-0.011582,0.114103,-0.050000
-0.011579,0.094002,-0.070101
-0.011576,0.094002,-0.050000
-0.011573,0.094002,-0.070101
-0.011570,0.094002,-0.070101
-0.011566,0.094002,-0.070101
-0.011563,0.114103,-0.070101
-0.011560,0.094002,-0.070101
-0.011557,0.094002,-0.050000
-0.011554,0.094002,-0.070101
-0.011550,0.094002,-0.070101
-0.011547,0.094002,-0.070101
-0.011544,0.094002,-0.070101
-0.011541,0.094002,-0.090201
-0.011538,0.094002,-0.090201
-0.011534,0.094002,-0.090201
-0.011531,0.094002,-0.110301
-0.011528,0.094002,-0.090201
-0.011525,0.094002,-0.110301
-0.011522,0.094002,-0.110301
-0.011518,0.094002,-0.090201
-0.011515,0.073902,-0.090201
-0.011512,0.073902,-0.090201
-0.011509,0.073902,-0.090201
-0.011506,0.073902,-0.090201
-0.011502,0.094002,-0.070101
-0.011499,0.073902,-0.070101
-0.011496,0.073902,-0.070101
-0.011493,0.073902,-0.070101
-0.011490,0.073902,-0.090201
-0.011486,0.073902,-0.090201
-0.011483,0.073902,-0.110301
-0.011480,0.073902,-0.090201
-0.011477,0.073902,-0.090201
-0.011474,0.073902,-0.070101
-0.011470,0.073902,-0.090201
-0.011467,0.073902,-0.070101
-0.011464,0.073902,-0.070101
-0.011461,0.073902,-0.090201
-0.011458,0.073902,-0.050000
-0.011454,0.073902,-0.070101
-0.011451,0.073902,-0.070101
-0.011448,0.073902,-0.090201
-0.011445,0.073902,-0.050000
-0.011442,0.073902,-0.070101
-0.011438,0.053802,-0.070101
-0.011435,0.053802,-0.070101
-0.011432,0.073902,-0.090201
-0.011429,0.053802,-0.070101
-0.011426,0.053802,-0.070101
-0.011422,0.053802,-0.070101
-0.011419,0.053802,-0.070101
-0.011416,0.073902,-0.070101
-0.011413,0.053802,-0.070101
-0.011410,0.073902,-0.070101
-0.011406,0.053802,-0.050000
-0.011403,0.053802,-0.070101
-0.011400,0.053802,-0.070101
-0.011397,0.053802,-0.050000
-0.011394,0.053802,-0.070101
-0.011390,0.053802,-0.050000
-0.011387,0.053802,-0.050000
-0.011384,0.053802,-0.050000
-0.011381,0.053802,-0.029900
-0.011378,0.033701,-0.050000
-0.011374,0.053802,-0.050000
-0.011371,0.053802,-0.050000
-0.011368,0.053802,-0.050000
-0.011365,0.053802,-0.029900
-0.011362,0.053802,-0.070101
-0.011358,0.033701,-0.070101
-0.011355,0.053802,-0.050000
-0.011352,0.033701,-0.070101
-0.011349,0.033701,-0.050000
-0.011346,0.033701,-0.050000
-0.011342,0.033701,-0.050000
-0.011339,0.033701,-0.050000
-0.011336,0.033701,-0.050000
-0.011333,0.053802,-0.050000
-0.011330,0.033701,-0.050000
-0.011326,0.033701,-0.050000
-0.011323,0.033701,-0.050000
-0.011320,0.033701,-0.029900
-0.011317,0.033701,-0.029900
-0.011314,0.033701,-0.050000
-0.011310,0.033701,-0.029900
-0.011307,0.033701,-0.009799
-0.011304,0.033701,-0.029900
-0.011301,0.033701,-0.029900
-0.011298,0.033701,-0.029900
-0.011294,0.033701,-0.050000
-0.011291,0.033701,-0.029900
-0.011288,0.033701,-0.029900
-0.011285,0.033701,-0.050000
-0.011282,0.033701,-0.029900
-0.011278,0.033701,-0.050000
-0.011275,0.013601,-0.029900
-0.011272,0.033701,-0.050000
-0.011269,0.013601,-0.050000
-0.011266,0.013601,-0.029900
-0.011262,0.033701,-0.029900
-0.011259,0.013601,-0.050000
-0.011256,0.033701,-0.050000
-0.011253,0.013601,-0.050000
-0.011250,0.013601,-0.050000
-0.011246,0.013601,-0.050000
-0.011243,0.013601,-0.050000
-0.011240,0.013601,-0.029900
-0.011237,0.013601,-0.029900
-0.011234,0.013601,-0.029900
-0.011230,0.013601,-0.050000
-0.011227,-0.006500,-0.029900
-0.011224,0.013601,-0.029900
-0.011221,0.013601,-0.029900
-0.011218,0.013601,-0.029900
-0.011214,0.013601,-0.050000
-0.011211,0.013601,-0.029900
-0.011208,0.013601,-0.050000
-0.011205,0.013601,-0.050000
-0.011202,-0.006500,-0.029900
-0.011198,-0.006500,-0.029900
-0.011195,-0.006500,-0.029900
-0.011192,-0.006500,-0.029900
-0.011189,-0.006500,-0.029900
-0.011186,-0.006500,-0.029900
-0.011182,-0.006500,-0.029900
-0.011179,-0.006500,-0.029900
-0.011176,-0.006500,-0.029900
-0.011173,-0.006500,-0.009799
-0.011170,-0.006500,-0.029900
-0.011166,-0.006500,-0.009799
-0.011163,-0.006500,-0.009799
-0.011160,-0.006500,-0.029900
-0.011157,-0.006500,-0.009799
-0.011154,-0.006500,-0.009799
-0.011150,-0.006500,-0.009799
-0.011147,-0.006500,-0.009799
-0.011144,-0.006500,-0.009799
-0.011141,-0.026600,-0.009799
-0.011138,-0.026600,-0.009799
-0.011134,-0.006500,-0.009799
-0.011131,-0.006500,-0.009799
-0.011128,-0.026600,-0.029900
-0.011125,-0.006500,-0.009799
-0.011122,-0.026600,-0.009799
-0.011118,-0.026600,-0.009799
-0.011115,-0.026600,-0.009799
-0.011112,-0.026600,-0.029900
-0.011109,-0.026600,-0.009799
-0.011106,-0.026600,-0.009799
-0.011102,-0.026600,-0.009799
-0.011099,-0.026600,-0.009799
-0.011096,-0.026600,-0.009799
-0.011093,-0.026600,-0.009799
-0.011090,-0.026600,-0.029900
-0.011086,-0.026600,-0.009799
-0.011083,-0.026600,-0.009799
-0.011080,-0.026600,-0.009799
-0.011077,-0.026600,-0.009799
-0.011074,-0.026600,-0.029900
-0.011070,-0.026600,-0.029900
-0.011067,-0.026600,-0.029900
-0.011064,-0.026600,-0.029900
-0.011061,-0.026600,-0.029900
-0.011058,-0.026600,-0.029900
-0.011054,-0.026600,-0.050000
-0.011051,-0.026600,-0.050000
-0.011048,-0.046701,-0.050000
-0.011045,-0.026600,-0.050000
-0.011042,-0.046701,-0.050000
-0.011038,-0.046701,-0.050000
-0.011035,-0.046701,-0.050000
-0.011032,-0.026600,-0.050000
-0.011029,-0.046701,-0.050000
-0.011026,-0.046701,-0.050000
-0.011022,-0.026600,-0.050000
-0.011019,-0.046701,-0.050000
-0.011016,-0.046701,-0.050000
-0.011013,-0.046701,-0.029900
-0.011010,-0.026600,-0.029900
-0.011006,-0.046701,-0.029900
-0.011003,-0.046701,-0.050000
-0.011000,-0.046701,-0.029900
-0.010997,-0.046701,-0.029900
-0.010994,-0.046701,-0.029900
-0.010990,-0.046701,-0.029900
-0.010987,-0.046701,-0.029900
-0.010984,-0.066801,-0.029900
-0.010981,-0.066801,-0.029900
-0.010978,-0.066801,-0.029900
-0.010974,-0.066801,-0.029900
-0.010971,-0.046701,-0.029900
-0.010968,-0.046701,-0.029900
-0.010965,-0.066801,-0.029900
-0.010962,-0.066801,-0.050000
-0.010958,-0.066801,-0.029900
-0.010955,-0.066801,-0.029900
-0.010952,-0.066801,-0.029900
-0.010949,-0.066801,-0.029900
-0.010946,-0.066801,-0.029900
-0.010942,-0.066801,-0.050000
-0.010939,-0.066801,-0.029900
-0.010936,-0.066801,-0.029900
-0.010933,-0.066801,-0.029900
-0.010930,-0.066801,-0.029900
-0.010926,-0.086902,-0.009799
-0.010923,-0.066801,-0.029900
-0.010920,-0.066801,-0.029900
-0.010917,-0.066801,-0.029900
-0.010914,-0.066801,-0.029900
-0.010910,-0.086902,-0.009799
-0.010907,-0.086902,-0.029900
-0.010904,-0.066801,-0.029900
-0.010901,-0.066801,-0.029900
-0.010898,-0.066801,-0.029900
-0.010894,-0.086902,-0.029900
-0.010891,-0.086902,-0.029900
-0.010888,-0.086902,-0.029900
-0.010885,-0.086902,-0.029900
-0.010882,-0.086902,-0.029900
-0.010878,-0.086902,-0.029900
-0.010875,-0.086902,-0.029900
-0.010872,-0.086902,-0.029900
-0.010869,-0.086902,-0.029900
-0.010866,-0.086902,-0.029900
-0.010862,-0.086902,-0.029900
-0.010859,-0.086902,-0.050000
-0.010856,-0.086902,-0.029900
-0.010853,-0.107003,-0.029900
-0.010850,-0.086902,-0.029900
-0.010846,-0.086902,-0.029900
-0.010843,-0.086902,-0.029900
-0.010840,-0.086902,-0.009799
-0.010837,-0.086902,-0.009799
-0.010834,-0.086902,-0.009799
-0.010830,-0.107003,-0.009799
-0.010827,-0.107003,-0.009799
-0.010824,-0.107003,-0.009799
-0.010821,-0.107003,-0.029900
-0.010818,-0.107003,-0.029900
-0.010814,-0.107003,-0.009799
-0.010811,-0.107003,-0.009799
-0.010808,-0.107003,-0.009799
-0.010805,-0.107003,-0.009799
-0.010802,-0.107003,-0.029900
-0.010798,-0.107003,-0.029900
-0.010795,-0.107003,-0.009799
-0.010792,-0.107003,-0.009799
-0.010789,-0.107003,-0.029900
-0.010786,-0.107003,-0.029900
-0.010782,-0.107003,-0.029900
-0.010779,-0.107003,-0.029900
-0.010776,-0.107003,-0.029900
-0.010773,-0.107003,-0.029900
-0.010770,-0.107003,-0.029900
-0.010766,-0.107003,-0.029900
-0.010763,-0.107003,-0.029900
-0.010760,-0.127103,-0.029900
-0.010757,-0.127103,-0.009799
-0.010754,-0.107003,-0.009799
-0.010750,-0.127103,-0.029900
-0.010747,-0.127103,-0.029900
-0.010744,-0.127103,-0.029900
-0.010741,-0.127103,-0.029900
-0.010738,-0.127103,-0.009799
-0.010734,-0.127103,-0.029900
-0.010731,-0.127103,-0.029900
-0.010728,-0.127103,-0.029900
-0.010725,-0.127103,-0.029900
-0.010722,-0.127103,-0.029900
-0.010718,-0.147204,-0.029900
-0.010715,-0.127103,-0.029900
-0.010712,-0.127103,-0.009799
-0.010709,-0.127103,-0.029900
-0.010706,-0.127103,-0.009799
-0.010702,-0.127103,-0.029900
-0.010699,-0.127103,-0.009799
-0.010696,-0.127103,-0.029900
-0.010693,-0.127103,-0.029900
-0.010690,-0.127103,-0.029900
-0.010686,-0.127103,-0.029900
-0.010683,-0.127103,-0.029900
-0.010680,-0.147204,-0.029900
-0.010677,-0.127103,-0.029900
-0.010674,-0.147204,-0.050000
-0.010670,-0.147204,-0.009799
-0.010667,-0.147204,-0.050000
-0.010664,-0.127103,-0.029900
-0.010661,-0.147204,-0.029900
-0.010658,-0.147204,-0.009799
-0.010654,-0.147204,-0.029900
-0.010651,-0.147204,-0.029900
-0.010648,-0.147204,-0.029900
-0.010645,-0.147204,-0.029900
-0.010642,-0.147204,-0.029900
-0.010638,-0.147204,-0.029900
-0.010635,-0.147204,-0.009799
-0.010632,-0.147204,-0.050000
-0.010629,-0.147204,-0.029900
-0.010626,-0.147204,-0.029900
-0.010622,-0.167304,-0.050000
-0.010619,-0.147204,-0.050000
-0.010616,-0.147204,-0.050000
-0.010613,-0.167304,-0.050000
-0.010610,-0.167304,-0.050000
-0.010606,-0.147204,-0.050000
-0.010603,-0.167304,-0.029900
-0.010600,-0.167304,-0.029900
-0.010597,-0.167304,-0.050000
-0.010594,-0.147204,-0.050000
-0.010590,-0.167304,-0.029900
-0.010587,-0.167304,-0.050000
-0.010584,-0.167304,-0.029900
-0.010581,-0.167304,-0.050000
-0.010578,-0.167304,-0.050000
-0.010574,-0.167304,-0.050000
-0.010571,-0.167304,-0.029900
-0.010568,-0.167304,-0.029900
-0.010565,-0.167304,-0.029900
-0.010562,-0.167304,-0.050000
-0.010558,-0.167304,-0.029900
-0.010555,-0.167304,-0.029900
-0.010552,-0.167304,-0.050000
-0.010549,-0.167304,-0.029900
-0.010546,-0.167304,-0.050000
-0.010542,-0.167304,-0.050000
-0.010539,-0.187405,-0.050000
-0.010536,-0.167304,-0.050000
-0.010533,-0.187405,-0.050000
-0.010530,-0.167304,-0.050000
-0.010526,-0.187405,-0.050000
-0.010523,-0.167304,-0.070101
-0.010520,-0.187405,-0.029900
-0.010517,-0.187405,-0.050000
-0.010514,-0.187405,-0.050000
-0.010510,-0.187405,-0.050000
-0.010507,-0.187405,-0.050000
-0.010504,-0.167304,-0.029900
-0.010501,-0.187405,-0.050000
-0.010498,-0.187405,-0.050000
-0.010494,-0.187405,-0.029900
-0.010491,-0.187405,-0.050000
-0.010488,-0.187405,-0.050000
-0.010485,-0.187405,-0.050000
-0.010482,-0.187405,-0.050000
-0.010478,-0.187405,-0.050000
-0.010475,-0.187405,-0.029900
-0.010472,-0.187405,-0.050000
-0.010469,-0.187405,-0.050000
-0.010466,-0.187405,-0.050000
-0.010462,-0.187405,-0.050000
-0.010459,-0.187405,-0.029900
-0.010456,-0.207505,-0.029900
-0.010453,-0.207505,-0.050000
-0.010450,-0.207505,-0.029900
-0.010446,-0.207505,-0.050000
-0.010443,-0.207505,-0.050000
-0.010440,-0.207505,-0.029900
-0.010437,-0.207505,-0.029900
-0.010434,-0.207505,-0.029900
-0.010430,-0.207505,-0.029900
-0.010427,-0.207505,-0.009799
-0.010424,-0.207505,-0.009799
-0.010421,-0.207505,-0.029900
-0.010418,-0.207505,-0.009799
-0.010414,-0.207505,-0.029900
-0.010411,-0.207505,-0.029900
-0.010408,-0.227606,-0.029900
-0.010405,-0.207505,-0.029900
-0.010402,-0.207505,-0.029900
-0.010398,-0.207505,-0.029900
-0.010395,-0.227606,-0.029900
-0.010392,-0.207505,-0.029900
-0.010389,-0.227606,-0.029900
-0.010386,-0.227606,-0.050000
-0.010382,-0.227606,-0.050000
-0.010379,-0.227606,-0.029900
-0.010376,-0.227606,-0.050000
-0.010373,-0.227606,-0.050000
-0.010370,-0.227606,-0.050000
-0.010366,-0.227606,-0.050000
-0.010363,-0.227606,-0.050000
-0.010360,-0.227606,-0.050000
-0.010357,-0.227606,-0.050000
-0.010354,-0.227606,-0.050000
-0.010350,-0.227606,-0.050000
-0.010347,-0.227606,-0.050000
-0.010344,-0.227606,-0.050000
-0.010341,-0.227606,-0.050000
-0.010338,-0.227606,-0.050000
-0.010334,-0.227606,-0.050000
-0.010331,-0.227606,-0.070101
-0.010328,-0.227606,-0.050000
-0.010325,-0.227606,-0.050000
-0.010322,-0.247706,-0.050000
-0.010318,-0.227606,-0.029900
-0.010315,-0.247706,-0.050000
-0.010312,-0.227606,-0.050000
-0.010309,-0.247706,-0.050000
-0.010306,-0.247706,-0.050000
-0.010302,-0.227606,-0.050000
-0.010299,-0.227606,-0.050000
-0.010296,-0.227606,-0.070101
-0.010293,-0.247706,-0.050000
-0.010290,-0.247706,-0.050000
-0.010286,-0.247706,-0.050000
-0.010283,-0.247706,-0.050000
-0.010280,-0.247706,-0.050000
-0.010277,-0.247706,-0.029900
-0.010274,-0.247706,-0.050000
-0.010270,-0.247706,-0.050000
-0.010267,-0.247706,-0.050000
-0.010264,-0.247706,-0.050000
-0.010261,-0.227606,-0.050000
-0.010258,-0.247706,-0.050000
-0.010254,-0.247706,-0.050000
-0.010251,-0.247706,-0.029900
-0.010248,-0.247706,-0.050000
-0.010245,-0.247706,-0.029900
-0.010242,-0.267807,-0.029900
-0.010238,-0.267807,-0.029900
-0.010235,-0.247706,-0.029900
-0.010232,-0.267807,-0.029900
-0.010229,-0.247706,-0.029900
-0.010226,-0.267807,-0.029900
-0.010222,-0.267807,-0.029900
-0.010219,-0.267807,-0.029900
-0.010216,-0.267807,-0.029900
-0.010213,-0.267807,-0.029900
-0.010210,-0.267807,-0.029900
-0.010206,-0.267807,-0.029900
-0.010203,-0.267807,-0.029900
-0.010200,-0.267807,-0.029900
-0.010197,-0.267807,-0.029900
-0.010194,-0.267807,-0.029900
-0.010190,-0.267807,-0.029900
-0.010187,-0.267807,-0.029900
-0.010184,-0.287907,-0.029900
-0.010181,-0.267807,-0.050000
-0.010178,-0.267807,-0.050000
-0.010174,-0.267807,-0.050000
-0.010171,-0.287907,-0.029900
-0.010168,-0.267807,-0.029900
-0.010165,-0.287907,-0.029900
-0.010162,-0.267807,-0.029900
-0.010158,-0.287907,-0.029900
-0.010155,-0.287907,-0.009799
-0.010152,-0.267807,-0.009799
-0.010149,-0.287907,-0.029900
-0.010146,-0.267807,-0.029900
-0.010142,-0.287907,-0.029900
-0.010139,-0.287907,-0.029900
-0.010136,-0.287907,-0.029900
-0.010133,-0.287907,-0.029900
-0.010130,-0.287907,-0.029900
-0.010126,-0.287907,-0.050000
-0.010123,-0.287907,-0.050000
-0.010120,-0.287907,-0.050000
-0.010117,-0.287907,-0.050000
-0.010114,-0.287907,-0.050000
-0.010110,-0.287907,-0.050000
-0.010107,-0.287907,-0.050000
-0.010104,-0.287907,-0.029900
-0.010101,-0.308007,-0.029900
-0.010098,-0.287907,-0.029900
-0.010094,-0.308007,-0.029900
-0.010091,-0.308007,-0.050000
-0.010088,-0.287907,-0.029900
-0.010085,-0.308007,-0.029900
-0.010082,-0.308007,-0.029900
-0.010078,-0.308007,-0.029900
-0.010075,-0.287907,-0.050000
-0.010072,-0.308007,-0.029900
-0.010069,-0.308007,-0.029900
-0.010066,-0.308007,-0.029900
-0.010062,-0.308007,-0.029900
-0.010059,-0.308007,-0.029900
-0.010056,-0.287907,-0.029900
-0.010053,-0.308007,-0.050000
-0.010050,-0.308007,-0.029900
-0.010046,-0.308007,-0.029900
-0.010043,-0.308007,-0.029900
-0.010040,-0.308007,-0.029900
-0.010037,-0.308007,-0.029900
-0.010034,-0.308007,-0.050000
-0.010030,-0.308007,-0.029900
-0.010027,-0.308007,-0.009799
-0.010024,-0.308007,-0.029900
-0.010021,-0.328108,-0.029900
-0.010018,-0.308007,-0.009799
-0.010014,-0.328108,-0.009799
-0.010011,-0.328108,-0.009799
-0.010008,-0.308007,-0.009799
-0.010005,-0.308007,-0.009799
-0.010002,-0.328108,-0.009799
-0.009998,-0.328108,-0.009799
-0.009995,-0.328108,-0.009799
-0.009992,-0.308007,-0.009799
-0.009989,-0.328108,-0.009799
-0.009986,-0.328108,-0.009799
-0.009982,-0.328108,0.010301
-0.009979,-0.328108,0.010301
-0.009976,-0.328108,0.010301
-0.009973,-0.328108,0.010301
-0.009970,-0.328108,0.010301
-0.009966,-0.328108,0.010301
-0.009963,-0.328108,0.010301
-0.009960,-0.348209,-0.009799
-0.009957,-0.328108,0.010301
-0.009954,-0.348209,0.010301
-0.009950,-0.328108,0.010301
-0.009947,-0.328108,0.010301
-0.009944,-0.328108,0.010301
-0.009941,-0.348209,0.010301
-0.009938,-0.348209,0.030402
-0.009934,-0.328108,0.010301
-0.009931,-0.348209,0.010301
-0.009928,-0.348209,0.030402
-0.009925,-0.348209,0.010301
-0.009922,-0.348209,0.030402
-0.009918,-0.348209,0.030402
-0.009915,-0.348209,0.030402
-0.009912,-0.348209,0.030402
-0.009909,-0.348209,0.030402
-0.009906,-0.348209,0.030402
-0.009902,-0.348209,0.030402
-0.009899,-0.348209,0.030402
-0.009896,-0.348209,0.030402
-0.009893,-0.348209,0.050502
-0.009890,-0.348209,0.030402
-0.009886,-0.368309,0.030402
-0.009883,-0.348209,0.030402
-0.009880,-0.348209,0.030402
-0.009877,-0.348209,0.030402
-0.009874,-0.348209,0.030402
-0.009870,-0.348209,0.010301
-0.009867,-0.368309,0.030402
-0.009864,-0.348209,0.030402
-0.009861,-0.348209,0.030402
-0.009858,-0.368309,0.030402
-0.009854,-0.348209,0.030402
-0.009851,-0.348209,0.030402
-0.009848,-0.348209,0.030402
-0.009845,-0.348209,0.030402
-0.009842,-0.368309,0.050502
-0.009838,-0.368309,0.050502
-0.009835,-0.368309,0.070603
-0.009832,-0.368309,0.070603
-0.009829,-0.368309,0.070603
-0.009826,-0.348209,0.070603
-0.009822,-0.368309,0.090704
-0.009819,-0.368309,0.070603
-0.009816,-0.368309,0.110804
-0.009813,-0.388410,0.110804
-0.009810,-0.368309,0.110804
-0.009806,-0.368309,0.110804
-0.009803,-0.368309,0.110804
-0.009800,-0.368309,0.130904
-0.009797,-0.368309,0.130904
-0.009794,-0.368309,0.151005
-0.009790,-0.368309,0.151005
-0.009787,-0.368309,0.171106
-0.009784,-0.368309,0.171106
-0.009781,-0.388410,0.191206
-0.009778,-0.368309,0.191206
-0.009774,-0.368309,0.211307
-0.009771,-0.388410,0.211307
-0.009768,-0.368309,0.231407
-0.009765,-0.388410,0.251507
-0.009762,-0.388410,0.251507
-0.009758,-0.368309,0.251507
-0.009755,-0.388410,0.271608
-0.009752,-0.388410,0.271608
-0.009749,-0.388410,0.291709
-0.009746,-0.388410,0.311809
-0.009742,-0.388410,0.311809
-0.009739,-0.388410,0.352010
-0.009736,-0.388410,0.352010
-0.009733,-0.388410,0.392211
-0.009730,-0.388410,0.412311
-0.009726,-0.388410,0.432412
-0.009723,-0.388410,0.452513
-0.009720,-0.388410,0.492713
-0.009717,-0.388410,0.512814
-0.009714,-0.388410,0.553015
-0.009710,-0.408510,0.553015
-0.009707,-0.408510,0.593216
-0.009704,-0.388410,0.633417
-0.009701,-0.408510,0.653517
-0.009698,-0.408510,0.693719
-0.009694,-0.388410,0.713819
-0.009691,-0.388410,0.754020
-0.009688,-0.408510,0.794221
-0.009685,-0.388410,0.814321
-0.009682,-0.408510,0.834422
-0.009678,-0.408510,0.854522
-0.009675,-0.408510,0.874623
-0.009672,-0.408510,0.894724
-0.009669,-0.408510,0.914824
-0.009666,-0.408510,0.914824
-0.009662,-0.388410,0.914824
-0.009659,-0.408510,0.914824
-0.009656,-0.408510,0.914824
-0.009653,-0.408510,0.894724
-0.009650,-0.428611,0.874623
-0.009646,-0.408510,0.874623
-0.009643,-0.408510,0.834422
-0.009640,-0.408510,0.814321
-0.009637,-0.408510,0.774120
-0.009634,-0.408510,0.774120
-0.009630,-0.428611,0.713819
-0.009627,-0.408510,0.693719
-0.009624,-0.408510,0.673618
-0.009621,-0.408510,0.633417
-0.009618,-0.408510,0.613316
-0.009614,-0.428611,0.573115
-0.009611,-0.428611,0.553015
-0.009608,-0.408510,0.512814
-0.009605,-0.408510,0.492713
-0.009602,-0.408510,0.452513
-0.009598,-0.428611,0.412311
-0.009595,-0.428611,0.372111
-0.009592,-0.428611,0.352010
-0.009589,-0.428611,0.311809
-0.009586,-0.428611,0.291709
-0.009582,-0.428611,0.271608
-0.009579,-0.428611,0.251507
-0.009576,-0.428611,0.231407
-0.009573,-0.428611,0.211307
-0.009570,-0.428611,0.191206
-0.009566,-0.428611,0.171106
-0.009563,-0.428611,0.151005
-0.009560,-0.428611,0.130904
-0.009557,-0.428611,0.110804
-0.009554,-0.428611,0.110804
-0.009550,-0.448711,0.090704
-0.009547,-0.428611,0.070603
-0.009544,-0.428611,0.070603
-0.009541,-0.428611,0.050502
-0.009538,-0.428611,0.050502
-0.009534,-0.448711,0.050502
-0.009531,-0.428611,0.030402
-0.009528,-0.428611,0.010301
-0.009525,-0.448711,0.010301
-0.009522,-0.448711,-0.009799
-0.009518,-0.448711,-0.009799
-0.009515,-0.468811,-0.029900
-0.009512,-0.448711,-0.009799
-0.009509,-0.448711,-0.029900
-0.009506,-0.448711,-0.029900
-0.009502,-0.448711,-0.029900
-0.009499,-0.428611,-0.050000
-0.009496,-0.448711,-0.070101
-0.009493,-0.448711,-0.070101
-0.009490,-0.448711,-0.070101
-0.009486,-0.468811,-0.070101
-0.009483,-0.448711,-0.070101
-0.009480,-0.468811,-0.070101
-0.009477,-0.468811,-0.070101
-0.009474,-0.448711,-0.090201
-0.009470,-0.448711,-0.090201
-0.009467,-0.448711,-0.090201
-0.009464,-0.448711,-0.090201
-0.009461,-0.468811,-0.090201
-0.009458,-0.448711,-0.090201
-0.009454,-0.448711,-0.110301
-0.009451,-0.468811,-0.090201
-0.009448,-0.448711,-0.110301
-0.009445,-0.468811,-0.110301
-0.009442,-0.468811,-0.110301
-0.009438,-0.468811,-0.110301
-0.009435,-0.468811,-0.110301
-0.009432,-0.468811,-0.110301
-0.009429,-0.468811,-0.110301
-0.009426,-0.468811,-0.110301
-0.009422,-0.468811,-0.110301
-0.009419,-0.468811,-0.130402
-0.009416,-0.468811,-0.110301
-0.009413,-0.468811,-0.130402
-0.009410,-0.468811,-0.130402
-0.009406,-0.468811,-0.130402
-0.009403,-0.468811,-0.130402
-0.009400,-0.468811,-0.130402
-0.009397,-0.468811,-0.130402
-0.009394,-0.468811,-0.130402
-0.009390,-0.488912,-0.130402
-0.009387,-0.468811,-0.130402
-0.009384,-0.468811,-0.130402
-0.009381,-0.468811,-0.130402
-0.009378,-0.488912,-0.150502
-0.009374,-0.488912,-0.130402
-0.009371,-0.488912,-0.150502
-0.009368,-0.488912,-0.130402
-0.009365,-0.488912,-0.130402
-0.009362,-0.488912,-0.130402
-0.009358,-0.488912,-0.130402
-0.009355,-0.468811,-0.130402
-0.009352,-0.488912,-0.150502
-0.009349,-0.488912,-0.130402
-0.009346,-0.488912,-0.130402
-0.009342,-0.488912,-0.130402
-0.009339,-0.488912,-0.130402
-0.009336,-0.488912,-0.130402
-0.009333,-0.488912,-0.130402
-0.009330,-0.488912,-0.130402
-0.009326,-0.488912,-0.130402
-0.009323,-0.488912,-0.130402
-0.009320,-0.509012,-0.110301
-0.009317,-0.488912,-0.130402
-0.009314,-0.488912,-0.130402
-0.009310,-0.488912,-0.130402
-0.009307,-0.509012,-0.130402
-0.009304,-0.488912,-0.130402
-0.009301,-0.488912,-0.130402
-0.009298,-0.509012,-0.130402
-0.009294,-0.509012,-0.110301
-0.009291,-0.509012,-0.130402
-0.009288,-0.488912,-0.130402
-0.009285,-0.509012,-0.110301
-0.009282,-0.509012,-0.130402
-0.009278,-0.509012,-0.130402
-0.009275,-0.509012,-0.130402
-0.009272,-0.488912,-0.130402
-0.009269,-0.509012,-0.150502
-0.009266,-0.509012,-0.130402
-0.009262,-0.488912,-0.150502
-0.009259,-0.509012,-0.130402
-0.009256,-0.509012,-0.130402
-0.009253,-0.509012,-0.150502
-0.009250,-0.509012,-0.150502
-0.009246,-0.509012,-0.150502
-0.009243,-0.509012,-0.130402
-0.009240,-0.529113,-0.150502
-0.009237,-0.509012,-0.130402
-0.009234,-0.529113,-0.150502
-0.009230,-0.529113,-0.130402
-0.009227,-0.509012,-0.150502
-0.009224,-0.529113,-0.150502
-0.009221,-0.509012,-0.150502
-0.009218,-0.529113,-0.150502
-0.009214,-0.529113,-0.130402
-0.009211,-0.529113,-0.130402
-0.009208,-0.529113,-0.130402
-0.009205,-0.509012,-0.130402
-0.009202,-0.529113,-0.130402
-0.009198,-0.529113,-0.130402
-0.009195,-0.529113,-0.130402
-0.009192,-0.509012,-0.110301
-0.009189,-0.529113,-0.110301
-0.009186,-0.529113,-0.110301
-0.009182,-0.529113,-0.130402
-0.009179,-0.529113,-0.130402
-0.009176,-0.529113,-0.130402
-0.009173,-0.529113,-0.150502
-0.009170,-0.529113,-0.150502
-0.009166,-0.529113,-0.130402
-0.009163,-0.529113,-0.130402
-0.009160,-0.529113,-0.110301
-0.009157,-0.529113,-0.130402
-0.009154,-0.549213,-0.130402
-0.009150,-0.529113,-0.130402
-0.009147,-0.549213,-0.110301
-0.009144,-0.549213,-0.130402
-0.009141,-0.529113,-0.130402
-0.009138,-0.549213,-0.150502
-0.009134,-0.549213,-0.130402
-0.009131,-0.529113,-0.130402
-0.009128,-0.549213,-0.150502
-0.009125,-0.549213,-0.130402
-0.009122,-0.549213,-0.130402
-0.009118,-0.549213,-0.130402
-0.009115,-0.549213,-0.130402
-0.009112,-0.549213,-0.130402
-0.009109,-0.549213,-0.130402
-0.009106,-0.549213,-0.110301
-0.009102,-0.549213,-0.130402
-0.009099,-0.549213,-0.130402
-0.009096,-0.549213,-0.130402
-0.009093,-0.549213,-0.130402
-0.009090,-0.549213,-0.130402
-0.009086,-0.549213,-0.130402
-0.009083,-0.569314,-0.130402
-0.009080,-0.549213,-0.130402
-0.009077,-0.549213,-0.130402
-0.009074,-0.569314,-0.130402
-0.009070,-0.549213,-0.130402
-0.009067,-0.549213,-0.130402
-0.009064,-0.569314,-0.150502
-0.009061,-0.569314,-0.130402
-0.009058,-0.549213,-0.150502
-0.009054,-0.549213,-0.130402
-0.009051,-0.549213,-0.150502
-0.009048,-0.569314,-0.150502
-0.009045,-0.569314,-0.150502
-0.009042,-0.569314,-0.150502
-0.009038,-0.569314,-0.150502
-0.009035,-0.569314,-0.130402
-0.009032,-0.569314,-0.150502
-0.009029,-0.549213,-0.150502
-0.009026,-0.569314,-0.150502
-0.009022,-0.569314,-0.130402
-0.009019,-0.569314,-0.150502
-0.009016,-0.569314,-0.130402
-0.009013,-0.569314,-0.130402
-0.009010,-0.569314,-0.130402
-0.009006,-0.569314,-0.130402
-0.009003,-0.569314,-0.130402
-0.009000,-0.569314,-0.130402
-0.008997,-0.569314,-0.130402
-0.008994,-0.569314,-0.130402
-0.008990,-0.569314,-0.130402
-0.008987,-0.569314,-0.130402
-0.008984,-0.569314,-0.150502
-0.008981,-0.589414,-0.130402
-0.008978,-0.589414,-0.130402
-0.008974,-0.569314,-0.150502
-0.008971,-0.589414,-0.150502
-0.008968,-0.569314,-0.150502
-0.008965,-0.569314,-0.150502
-0.008962,-0.589414,-0.150502
-0.008958,-0.569314,-0.150502
-0.008955,-0.589414,-0.150502
-0.008952,-0.589414,-0.130402
-0.008949,-0.589414,-0.130402
-0.008946,-0.589414,-0.130402
-0.008942,-0.569314,-0.130402
-0.008939,-0.589414,-0.130402
-0.008936,-0.589414,-0.130402
-0.008933,-0.589414,-0.130402
-0.008930,-0.589414,-0.130402
-0.008926,-0.589414,-0.130402
-0.008923,-0.589414,-0.130402
-0.008920,-0.589414,-0.130402
-0.008917,-0.589414,-0.130402
-0.008914,-0.609515,-0.130402
-0.008910,-0.589414,-0.130402
-0.008907,-0.589414,-0.130402
-0.008904,-0.589414,-0.130402
-0.008901,-0.609515,-0.130402
-0.008898,-0.589414,-0.130402
-0.008894,-0.589414,-0.150502
-0.008891,-0.609515,-0.150502
-0.008888,-0.609515,-0.130402
-0.008885,-0.589414,-0.150502
-0.008882,-0.609515,-0.150502
-0.008878,-0.589414,-0.150502
-0.008875,-0.589414,-0.130402
-0.008872,-0.609515,-0.130402
-0.008869,-0.589414,-0.130402
-0.008866,-0.609515,-0.130402
-0.008862,-0.609515,-0.130402
-0.008859,-0.609515,-0.130402
-0.008856,-0.609515,-0.130402
-0.008853,-0.609515,-0.130402
-0.008850,-0.589414,-0.130402
-0.008846,-0.609515,-0.110301
-0.008843,-0.609515,-0.110301
-0.008840,-0.609515,-0.110301
-0.008837,-0.609515,-0.110301
-0.008834,-0.609515,-0.110301
-0.008830,-0.609515,-0.130402
-0.008827,-0.609515,-0.110301
-0.008824,-0.609515,-0.110301
-0.008821,-0.609515,-0.110301
-0.008818,-0.629615,-0.090201
-0.008814,-0.609515,-0.110301
-0.008811,-0.609515,-0.110301
-0.008808,-0.609515,-0.110301
-0.008805,-0.609515,-0.110301
-0.008802,-0.609515,-0.110301
-0.008798,-0.629615,-0.110301
-0.008795,-0.609515,-0.130402
-0.008792,-0.609515,-0.130402
-0.008789,-0.629615,-0.110301
-0.008786,-0.629615,-0.110301
-0.008782,-0.629615,-0.110301
-0.008779,-0.629615,-0.110301
-0.008776,-0.629615,-0.110301
-0.008773,-0.609515,-0.130402
-0.008770,-0.629615,-0.110301
-0.008766,-0.629615,-0.110301
-0.008763,-0.629615,-0.110301
-0.008760,-0.629615,-0.130402
-0.008757,-0.629615,-0.130402
-0.008754,-0.629615,-0.110301
-0.008750,-0.629615,-0.130402
-0.008747,-0.629615,-0.130402
-0.008744,-0.629615,-0.110301
-0.008741,-0.629615,-0.110301
-0.008738,-0.629615,-0.110301
-0.008734,-0.629615,-0.110301
-0.008731,-0.649716,-0.110301
-0.008728,-0.629615,-0.110301
-0.008725,-0.629615,-0.110301
-0.008722,-0.649716,-0.110301
-0.008718,-0.629615,-0.110301
-0.008715,-0.649716,-0.130402
-0.008712,-0.649716,-0.110301
-0.008709,-0.629615,-0.110301
-0.008706,-0.629615,-0.130402
-0.008702,-0.649716,-0.110301
-0.008699,-0.629615,-0.130402
-0.008696,-0.629615,-0.130402
-0.008693,-0.649716,-0.130402
-0.008690,-0.649716,-0.110301
-0.008686,-0.649716,-0.110301
-0.008683,-0.629615,-0.110301
-0.008680,-0.629615,-0.110301
-0.008677,-0.629615,-0.110301
-0.008674,-0.649716,-0.110301
-0.008670,-0.629615,-0.130402
-0.008667,-0.649716,-0.110301
-0.008664,-0.649716,-0.110301
-0.008661,-0.629615,-0.130402
-0.008658,-0.649716,-0.110301
-0.008654,-0.629615,-0.110301
-0.008651,-0.649716,-0.130402
-0.008648,-0.629615,-0.130402
-0.008645,-0.669816,-0.110301
-0.008642,-0.649716,-0.110301
-0.008638,-0.649716,-0.110301
-0.008635,-0.649716,-0.110301
-0.008632,-0.629615,-0.130402
-0.008629,-0.649716,-0.130402
-0.008626,-0.649716,-0.130402
-0.008622,-0.649716,-0.130402
-0.008619,-0.649716,-0.130402
-0.008616,-0.649716,-0.130402
-0.008613,-0.669816,-0.130402
-0.008610,-0.649716,-0.110301
-0.008606,-0.649716,-0.110301
-0.008603,-0.649716,-0.110301
-0.008600,-0.649716,-0.110301
-0.008597,-0.669816,-0.110301
-0.008594,-0.649716,-0.130402
-0.008590,-0.649716,-0.110301
-0.008587,-0.649716,-0.110301
-0.008584,-0.669816,-0.090201
-0.008581,-0.649716,-0.090201
-0.008578,-0.669816,-0.090201
-0.008574,-0.649716,-0.090201
-0.008571,-0.649716,-0.090201
-0.008568,-0.669816,-0.110301
-0.008565,-0.649716,-0.090201
-0.008562,-0.649716,-0.090201
-0.008558,-0.669816,-0.090201
-0.008555,-0.669816,-0.090201
-0.008552,-0.669816,-0.090201
-0.008549,-0.669816,-0.090201
-0.008546,-0.669816,-0.110301
-0.008542,-0.669816,-0.090201
-0.008539,-0.649716,-0.090201
-0.008536,-0.649716,-0.090201
-0.008533,-0.669816,-0.090201
-0.008530,-0.669816,-0.090201
-0.008526,-0.669816,-0.090201
-0.008523,-0.649716,-0.090201
-0.008520,-0.669816,-0.090201
-0.008517,-0.689917,-0.110301
-0.008514,-0.669816,-0.110301
-0.008510,-0.669816,-0.110301
-0.008507,-0.649716,-0.090201
-0.008504,-0.669816,-0.090201
-0.008501,-0.649716,-0.090201
-0.008498,-0.669816,-0.090201
-0.008494,-0.689917,-0.090201
-0.008491,-0.689917,-0.090201
-0.008488,-0.669816,-0.110301
-0.008485,-0.669816,-0.110301
-0.008482,-0.669816,-0.090201
-0.008478,-0.669816,-0.090201
-0.008475,-0.689917,-0.090201
-0.008472,-0.669816,-0.070101
-0.008469,-0.669816,-0.070101
-0.008466,-0.689917,-0.090201
-0.008462,-0.689917,-0.090201
-0.008459,-0.669816,-0.090201
-0.008456,-0.669816,-0.070101
-0.008453,-0.689917,-0.090201
-0.008450,-0.689917,-0.090201
-0.008446,-0.689917,-0.070101
-0.008443,-0.689917,-0.070101
-0.008440,-0.689917,-0.090201
-0.008437,-0.689917,-0.090201
-0.008434,-0.689917,-0.070101
-0.008430,-0.669816,-0.090201
-0.008427,-0.669816,-0.070101
-0.008424,-0.689917,-0.070101
-0.008421,-0.689917,-0.070101
-0.008418,-0.689917,-0.090201
-0.008414,-0.689917,-0.070101
-0.008411,-0.710017,-0.090201
-0.008408,-0.689917,-0.090201
-0.008405,-0.689917,-0.090201
-0.008402,-0.669816,-0.090201
-0.008398,-0.689917,-0.070101
-0.008395,-0.689917,-0.090201
-0.008392,-0.689917,-0.090201
-0.008389,-0.689917,-0.070101
-0.008386,-0.689917,-0.070101
-0.008382,-0.689917,-0.070101
-0.008379,-0.689917,-0.070101
-0.008376,-0.689917,-0.070101
-0.008373,-0.689917,-0.070101
-0.008370,-0.689917,-0.070101
-0.008366,-0.689917,-0.070101
-0.008363,-0.689917,-0.070101
-0.008360,-0.689917,-0.070101
-0.008357,-0.689917,-0.070101
-0.008354,-0.689917,-0.070101
-0.008350,-0.689917,-0.050000
-0.008347,-0.689917,-0.070101
-0.008344,-0.689917,-0.070101
-0.008341,-0.689917,-0.070101
-0.008338,-0.689917,-0.050000
-0.008334,-0.710017,-0.050000
-0.008331,-0.689917,-0.050000
-0.008328,-0.689917,-0.050000
-0.008325,-0.689917,-0.050000
-0.008322,-0.689917,-0.050000
-0.008318,-0.689917,-0.050000
-0.008315,-0.689917,-0.070101
-0.008312,-0.710017,-0.050000
-0.008309,-0.710017,-0.070101
-0.008306,-0.689917,-0.070101
-0.008302,-0.710017,-0.070101
-0.008299,-0.710017,-0.050000
-0.008296,-0.689917,-0.070101
-0.008293,-0.710017,-0.070101
-0.008290,-0.710017,-0.070101
-0.008286,-0.710017,-0.070101
-0.008283,-0.710017,-0.070101
-0.008280,-0.710017,-0.070101
-0.008277,-0.710017,-0.050000
-0.008274,-0.710017,-0.050000
-0.008270,-0.710017,-0.070101
-0.008267,-0.710017,-0.070101
-0.008264,-0.710017,-0.070101
-0.008261,-0.710017,-0.050000
-0.008258,-0.710017,-0.050000
-0.008254,-0.710017,-0.050000
-0.008251,-0.710017,-0.050000
-0.008248,-0.710017,-0.070101
-0.008245,-0.730118,-0.070101
-0.008242,-0.710017,-0.070101
-0.008238,-0.710017,-0.070101
-0.008235,-0.710017,-0.070101
-0.008232,-0.710017,-0.070101
-0.008229,-0.710017,-0.070101
-0.008226,-0.710017,-0.070101
-0.008222,-0.710017,-0.090201
-0.008219,-0.710017,-0.090201
-0.008216,-0.730118,-0.090201
-0.008213,-0.710017,-0.070101
-0.008210,-0.710017,-0.070101
-0.008206,-0.730118,-0.070101
-0.008203,-0.710017,-0.070101
-0.008200,-0.710017,-0.070101
-0.008197,-0.730118,-0.070101
-0.008194,-0.710017,-0.070101
-0.008190,-0.730118,-0.070101
-0.008187,-0.730118,-0.070101
-0.008184,-0.730118,-0.070101
-0.008181,-0.710017,-0.090201
-0.008178,-0.730118,-0.090201
-0.008174,-0.730118,-0.090201
-0.008171,-0.730118,-0.070101
-0.008168,-0.730118,-0.070101
-0.008165,-0.730118,-0.090201
-0.008162,-0.730118,-0.090201
-0.008158,-0.730118,-0.070101
-0.008155,-0.730118,-0.090201
-0.008152,-0.730118,-0.090201
-0.008149,-0.730118,-0.070101
-0.008146,-0.730118,-0.070101
-0.008142,-0.710017,-0.090201
-0.008139,-0.730118,-0.070101
-0.008136,-0.730118,-0.070101
-0.008133,-0.730118,-0.070101
-0.008130,-0.730118,-0.090201
-0.008126,-0.730118,-0.070101
-0.008123,-0.730118,-0.070101
-0.008120,-0.730118,-0.070101
-0.008117,-0.730118,-0.090201
-0.008114,-0.730118,-0.070101
-0.008110,-0.730118,-0.070101
-0.008107,-0.730118,-0.070101
-0.008104,-0.730118,-0.070101
-0.008101,-0.730118,-0.070101
-0.008098,-0.730118,-0.070101
-0.008094,-0.730118,-0.070101
-0.008091,-0.750219,-0.070101
-0.008088,-0.730118,-0.070101
-0.008085,-0.730118,-0.070101
-0.008082,-0.730118,-0.050000
-0.008078,-0.750219,-0.070101
-0.008075,-0.730118,-0.070101
-0.008072,-0.730118,-0.070101
-0.008069,-0.730118,-0.070101
-0.008066,-0.730118,-0.070101
-0.008062,-0.750219,-0.050000
-0.008059,-0.730118,-0.050000
-0.008056,-0.730118,-0.070101
-0.008053,-0.730118,-0.070101
-0.008050,-0.750219,-0.070101
-0.008046,-0.750219,-0.050000
-0.008043,-0.750219,-0.050000
-0.008040,-0.750219,-0.070101
-0.008037,-0.730118,-0.070101
-0.008034,-0.730118,-0.070101
-0.008030,-0.750219,-0.070101
-0.008027,-0.750219,-0.070101
-0.008024,-0.750219,-0.070101
-0.008021,-0.730118,-0.070101
-0.008018,-0.750219,-0.070101
-0.008014,-0.750219,-0.070101
-0.008011,-0.750219,-0.070101
-0.008008,-0.730118,-0.070101
-0.008005,-0.750219,-0.070101
-0.008002,-0.750219,-0.070101
-0.007998,-0.730118,-0.090201
-0.007995,-0.750219,-0.090201
-0.007992,-0.730118,-0.090201
-0.007989,-0.750219,-0.090201
-0.007986,-0.750219,-0.070101
-0.007982,-0.730118,-0.070101
-0.007979,-0.750219,-0.070101
-0.007976,-0.750219,-0.090201
-0.007973,-0.750219,-0.090201
-0.007970,-0.750219,-0.070101
-0.007966,-0.750219,-0.070101
-0.007963,-0.750219,-0.070101
-0.007960,-0.750219,-0.070101
-0.007957,-0.750219,-0.070101
-0.007954,-0.750219,-0.070101
-0.007950,-0.750219,-0.070101
-0.007947,-0.770319,-0.090201
-0.007944,-0.750219,-0.090201
-0.007941,-0.730118,-0.070101
-0.007938,-0.750219,-0.090201
-0.007934,-0.750219,-0.070101
-0.007931,-0.750219,-0.070101
-0.007928,-0.750219,-0.090201
-0.007925,-0.750219,-0.090201
-0.007922,-0.750219,-0.070101
-0.007918,-0.750219,-0.070101
-0.007915,-0.770319,-0.070101
-0.007912,-0.750219,-0.070101
-0.007909,-0.770319,-0.070101
-0.007906,-0.750219,-0.070101
-0.007902,-0.750219,-0.070101
-0.007899,-0.750219,-0.090201
-0.007896,-0.770319,-0.070101
-0.007893,-0.750219,-0.090201
-0.007890,-0.770319,-0.090201
-0.007886,-0.750219,-0.070101
-0.007883,-0.750219,-0.070101
-0.007880,-0.750219,-0.070101
-0.007877,-0.770319,-0.070101
-0.007874,-0.750219,-0.070101
-0.007870,-0.750219,-0.070101
-0.007867,-0.750219,-0.070101
-0.007864,-0.770319,-0.090201
-0.007861,-0.750219,-0.070101
-0.007858,-0.770319,-0.070101
-0.007854,-0.770319,-0.070101
-0.007851,-0.770319,-0.070101
-0.007848,-0.750219,-0.070101
-0.007845,-0.750219,-0.070101
-0.007842,-0.770319,-0.050000
-0.007838,-0.770319,-0.050000
-0.007835,-0.770319,-0.050000
-0.007832,-0.750219,-0.050000
-0.007829,-0.750219,-0.050000
-0.007826,-0.770319,-0.050000
-0.007822,-0.770319,-0.050000
-0.007819,-0.770319,-0.050000
-0.007816,-0.770319,-0.050000
-0.007813,-0.750219,-0.050000
-0.007810,-0.750219,-0.029900
-0.007806,-0.770319,-0.029900
-0.007803,-0.770319,-0.029900
-0.007800,-0.750219,-0.029900
-0.007797,-0.770319,-0.029900
-0.007794,-0.770319,-0.029900
-0.007790,-0.770319,-0.029900
-0.007787,-0.770319,-0.029900
-0.007784,-0.770319,-0.029900
-0.007781,-0.770319,-0.029900
-0.007778,-0.770319,-0.050000
-0.007774,-0.770319,-0.029900
-0.007771,-0.770319,-0.029900
-0.007768,-0.770319,-0.029900
-0.007765,-0.770319,-0.029900
-0.007762,-0.770319,-0.050000
-0.007758,-0.770319,-0.050000
-0.007755,-0.770319,-0.050000
-0.007752,-0.770319,-0.050000
-0.007749,-0.770319,-0.050000
-0.007746,-0.770319,-0.050000
-0.007742,-0.770319,-0.050000
-0.007739,-0.770319,-0.070101
-0.007736,-0.770319,-0.050000
-0.007733,-0.770319,-0.070101
-0.007730,-0.770319,-0.070101
-0.007726,-0.790419,-0.070101
-0.007723,-0.770319,-0.070101
-0.007720,-0.770319,-0.050000
-0.007717,-0.770319,-0.070101
-0.007714,-0.790419,-0.070101
-0.007710,-0.770319,-0.050000
-0.007707,-0.770319,-0.070101
-0.007704,-0.790419,-0.070101
-0.007701,-0.770319,-0.070101
-0.007698,-0.790419,-0.050000
-0.007694,-0.770319,-0.050000
-0.007691,-0.790419,-0.070101
-0.007688,-0.770319,-0.070101
-0.007685,-0.770319,-0.070101
-0.007682,-0.790419,-0.070101
-0.007678,-0.790419,-0.070101
-0.007675,-0.770319,-0.070101
-0.007672,-0.790419,-0.070101
-0.007669,-0.770319,-0.070101
-0.007666,-0.770319,-0.070101
-0.007662,-0.770319,-0.070101
-0.007659,-0.770319,-0.070101
-0.007656,-0.790419,-0.050000
-0.007653,-0.790419,-0.070101
-0.007650,-0.790419,-0.070101
-0.007646,-0.790419,-0.070101
-0.007643,-0.790419,-0.070101
-0.007640,-0.790419,-0.070101
-0.007637,-0.770319,-0.070101
-0.007634,-0.770319,-0.090201
-0.007630,-0.770319,-0.070101
-0.007627,-0.790419,-0.070101
-0.007624,-0.770319,-0.070101
-0.007621,-0.770319,-0.070101
-0.007618,-0.770319,-0.070101
-0.007614,-0.790419,-0.050000
-0.007611,-0.790419,-0.050000
-0.007608,-0.790419,-0.070101
-0.007605,-0.790419,-0.050000
-0.007602,-0.790419,-0.050000
-0.007598,-0.790419,-0.070101
-0.007595,-0.790419,-0.050000
-0.007592,-0.790419,-0.090201
-0.007589,-0.770319,-0.070101
-0.007586,-0.790419,-0.070101
-0.007582,-0.790419,-0.050000
-0.007579,-0.790419,-0.070101
-0.007576,-0.790419,-0.070101
-0.007573,-0.790419,-0.070101
-0.007570,-0.790419,-0.050000
-0.007566,-0.790419,-0.050000
-0.007563,-0.790419,-0.050000
-0.007560,-0.790419,-0.050000
-0.007557,-0.790419,-0.050000
-0.007554,-0.790419,-0.050000
-0.007550,-0.790419,-0.050000
-0.007547,-0.790419,-0.050000
-0.007544,-0.790419,-0.050000
-0.007541,-0.790419,-0.050000
-0.007538,-0.790419,-0.050000
-0.007534,-0.810520,-0.050000
-0.007531,-0.790419,-0.050000
-0.007528,-0.790419,-0.050000
-0.007525,-0.790419,-0.050000
-0.007522,-0.790419,-0.050000
-0.007518,-0.790419,-0.029900
-0.007515,-0.790419,-0.050000
-0.007512,-0.790419,-0.029900
-0.007509,-0.810520,-0.029900
-0.007506,-0.790419,-0.029900
-0.007502,-0.790419,-0.029900
-0.007499,-0.810520,-0.029900
-0.007496,-0.810520,-0.009799
-0.007493,-0.790419,-0.029900
-0.007490,-0.790419,-0.029900
-0.007486,-0.790419,-0.029900
-0.007483,-0.790419,-0.029900
-0.007480,-0.790419,-0.029900
-0.007477,-0.810520,-0.029900
-0.007474,-0.790419,-0.029900
-0.007470,-0.810520,-0.029900
-0.007467,-0.790419,-0.029900
-0.007464,-0.790419,-0.029900
-0.007461,-0.790419,-0.029900
-0.007458,-0.790419,-0.050000
-0.007454,-0.790419,-0.029900
-0.007451,-0.810520,-0.029900
-0.007448,-0.790419,-0.009799
-0.007445,-0.790419,-0.029900
-0.007442,-0.810520,-0.029900
-0.007438,-0.810520,-0.009799
-0.007435,-0.810520,-0.009799
-0.007432,-0.790419,-0.029900
-0.007429,-0.790419,-0.009799
-0.007426,-0.810520,-0.029900
-0.007422,-0.790419,-0.009799
-0.007419,-0.790419,-0.009799
-0.007416,-0.790419,-0.029900
-0.007413,-0.810520,-0.009799
-0.007410,-0.790419,-0.029900
-0.007406,-0.810520,-0.009799
-0.007403,-0.810520,-0.009799
-0.007400,-0.810520,-0.009799
-0.007397,-0.810520,-0.009799
-0.007394,-0.810520,-0.009799
-0.007390,-0.790419,-0.009799
-0.007387,-0.810520,-0.009799
-0.007384,-0.790419,-0.009799
-0.007381,-0.790419,-0.009799
-0.007378,-0.790419,-0.009799
-0.007374,-0.810520,-0.009799
-0.007371,-0.810520,-0.009799
-0.007368,-0.810520,-0.009799
-0.007365,-0.810520,-0.009799
-0.007362,-0.810520,-0.009799
-0.007358,-0.810520,-0.029900
-0.007355,-0.810520,-0.009799
-0.007352,-0.790419,-0.009799
-0.007349,-0.810520,-0.009799
-0.007346,-0.810520,0.010301
-0.007342,-0.810520,-0.009799
-0.007339,-0.790419,-0.009799
-0.007336,-0.810520,-0.009799
-0.007333,-0.810520,-0.009799
-0.007330,-0.810520,-0.009799
-0.007326,-0.810520,-0.009799
-0.007323,-0.810520,-0.009799
-0.007320,-0.810520,-0.009799
-0.007317,-0.810520,-0.009799
-0.007314,-0.810520,-0.009799
-0.007310,-0.810520,-0.029900
-0.007307,-0.810520,-0.009799
-0.007304,-0.810520,-0.029900
-0.007301,-0.810520,-0.029900
-0.007298,-0.810520,-0.009799
-0.007294,-0.810520,-0.029900
-0.007291,-0.810520,-0.029900
-0.007288,-0.810520,-0.029900
-0.007285,-0.790419,-0.029900
-0.007282,-0.810520,-0.029900
-0.007278,-0.810520,-0.029900
-0.007275,-0.810520,-0.029900
-0.007272,-0.810520,-0.009799
-0.007269,-0.810520,-0.009799
-0.007266,-0.810520,-0.029900
-0.007262,-0.810520,-0.009799
-0.007259,-0.830620,-0.029900
-0.007256,-0.790419,-0.029900
-0.007253,-0.810520,-0.009799
-0.007250,-0.810520,-0.009799
-0.007246,-0.810520,-0.029900
-0.007243,-0.810520,-0.029900
-0.007240,-0.810520,-0.029900
-0.007237,-0.810520,-0.009799
-0.007234,-0.810520,-0.029900
-0.007230,-0.810520,-0.029900
-0.007227,-0.830620,-0.029900
-0.007224,-0.810520,-0.009799
-0.007221,-0.810520,-0.029900
-0.007218,-0.810520,-0.029900
-0.007214,-0.810520,-0.050000
-0.007211,-0.810520,-0.050000
-0.007208,-0.790419,-0.029900
-0.007205,-0.810520,-0.029900
-0.007202,-0.810520,-0.050000
-0.007198,-0.810520,-0.050000
-0.007195,-0.810520,-0.050000
-0.007192,-0.810520,-0.050000
-0.007189,-0.810520,-0.050000
-0.007186,-0.810520,-0.050000
-0.007182,-0.830620,-0.050000
-0.007179,-0.810520,-0.050000
-0.007176,-0.810520,-0.050000
-0.007173,-0.810520,-0.050000
-0.007170,-0.810520,-0.050000
-0.007166,-0.810520,-0.029900
-0.007163,-0.830620,-0.029900
-0.007160,-0.830620,-0.029900
-0.007157,-0.810520,-0.029900
-0.007154,-0.810520,-0.050000
-0.007150,-0.810520,-0.029900
-0.007147,-0.810520,-0.050000
-0.007144,-0.810520,-0.029900
-0.007141,-0.810520,-0.029900
-0.007138,-0.810520,-0.029900
-0.007134,-0.810520,-0.029900
-0.007131,-0.810520,-0.029900
-0.007128,-0.830620,-0.029900
-0.007125,-0.810520,-0.029900
-0.007122,-0.830620,-0.050000
-0.007118,-0.830620,-0.050000
-0.007115,-0.830620,-0.050000
-0.007112,-0.830620,-0.050000
-0.007109,-0.810520,-0.029900
-0.007106,-0.830620,-0.029900
-0.007102,-0.830620,-0.009799
-0.007099,-0.830620,-0.029900
-0.007096,-0.830620,-0.009799
-0.007093,-0.830620,-0.009799
-0.007090,-0.830620,-0.009799
-0.007086,-0.830620,-0.029900
-0.007083,-0.830620,-0.009799
-0.007080,-0.830620,-0.009799
-0.007077,-0.830620,-0.009799
-0.007074,-0.810520,-0.029900
-0.007070,-0.830620,-0.009799
-0.007067,-0.830620,-0.009799
-0.007064,-0.830620,-0.009799
-0.007061,-0.810520,-0.009799
-0.007058,-0.810520,-0.009799
-0.007054,-0.810520,-0.029900
-0.007051,-0.830620,-0.029900
-0.007048,-0.810520,-0.029900
-0.007045,-0.830620,-0.050000
-0.007042,-0.830620,-0.050000
-0.007038,-0.810520,-0.050000
-0.007035,-0.810520,-0.029900
-0.007032,-0.810520,-0.050000
-0.007029,-0.830620,-0.029900
-0.007026,-0.830620,-0.029900
-0.007022,-0.810520,-0.029900
-0.007019,-0.810520,-0.029900
-0.007016,-0.830620,-0.029900
-0.007013,-0.830620,-0.029900
-0.007010,-0.810520,-0.029900
-0.007006,-0.810520,-0.029900
-0.007003,-0.830620,-0.029900
-0.007000,-0.830620,-0.029900
-0.006997,-0.830620,-0.029900
-0.006994,-0.810520,-0.029900
-0.006990,-0.830620,-0.029900
-0.006987,-0.830620,-0.029900
-0.006984,-0.830620,-0.029900
-0.006981,-0.810520,-0.029900
-0.006978,-0.830620,-0.029900
-0.006974,-0.830620,-0.029900
-0.006971,-0.830620,-0.050000
-0.006968,-0.830620,-0.050000
-0.006965,-0.830620,-0.029900
-0.006962,-0.810520,-0.029900
-0.006958,-0.830620,-0.050000
-0.006955,-0.830620,-0.029900
-0.006952,-0.830620,-0.029900
-0.006949,-0.830620,-0.029900
-0.006946,-0.830620,-0.029900
-0.006942,-0.830620,-0.029900
-0.006939,-0.830620,-0.029900
-0.006936,-0.830620,-0.050000
-0.006933,-0.830620,-0.050000
-0.006930,-0.830620,-0.050000
-0.006926,-0.830620,-0.050000
-0.006923,-0.830620,-0.050000
-0.006920,-0.830620,-0.029900
-0.006917,-0.830620,-0.050000
-0.006914,-0.830620,-0.050000
-0.006910,-0.810520,-0.050000
-0.006907,-0.830620,-0.050000
-0.006904,-0.830620,-0.050000
-0.006901,-0.830620,-0.050000
-0.006898,-0.830620,-0.050000
-0.006894,-0.830620,-0.050000
-0.006891,-0.830620,-0.050000
-0.006888,-0.830620,-0.050000
-0.006885,-0.830620,-0.050000
-0.006882,-0.830620,-0.050000
-0.006878,-0.830620,-0.029900
-0.006875,-0.830620,-0.029900
-0.006872,-0.830620,-0.029900
-0.006869,-0.830620,-0.029900
-0.006866,-0.830620,-0.029900
-0.006862,-0.830620,-0.029900
-0.006859,-0.830620,-0.029900
-0.006856,-0.830620,-0.029900
-0.006853,-0.830620,-0.029900
-0.006850,-0.830620,-0.029900
-0.006846,-0.830620,-0.050000
-0.006843,-0.850721,-0.029900
-0.006840,-0.830620,-0.029900
-0.006837,-0.810520,-0.050000
-0.006834,-0.810520,-0.050000
-0.006830,-0.830620,-0.050000
-0.006827,-0.830620,-0.050000
-0.006824,-0.850721,-0.050000
-0.006821,-0.830620,-0.050000
-0.006818,-0.830620,-0.050000
-0.006814,-0.830620,-0.050000
-0.006811,-0.830620,-0.050000
-0.006808,-0.830620,-0.050000
-0.006805,-0.830620,-0.050000
-0.006802,-0.830620,-0.070101
-0.006798,-0.830620,-0.050000
-0.006795,-0.850721,-0.050000
-0.006792,-0.830620,-0.050000
-0.006789,-0.830620,-0.050000
-0.006786,-0.850721,-0.050000
-0.006782,-0.830620,-0.050000
-0.006779,-0.850721,-0.029900
-0.006776,-0.830620,-0.029900
-0.006773,-0.830620,-0.029900
-0.006770,-0.830620,-0.029900
-0.006766,-0.830620,-0.050000
-0.006763,-0.830620,-0.029900
-0.006760,-0.830620,-0.050000
-0.006757,-0.830620,-0.029900
-0.006754,-0.830620,-0.029900
-0.006750,-0.830620,-0.029900
-0.006747,-0.830620,-0.029900
-0.006744,-0.830620,-0.029900
-0.006741,-0.830620,-0.029900
-0.006738,-0.830620,-0.029900
-0.006734,-0.830620,-0.029900
-0.006731,-0.830620,-0.029900
-0.006728,-0.830620,-0.029900
-0.006725,-0.830620,-0.029900
-0.006722,-0.830620,-0.009799
-0.006718,-0.850721,-0.029900
-0.006715,-0.830620,-0.029900
-0.006712,-0.830620,-0.009799
-0.006709,-0.830620,-0.009799
-0.006706,-0.830620,-0.009799
-0.006702,-0.830620,-0.009799
-0.006699,-0.830620,-0.009799
-0.006696,-0.830620,-0.009799
-0.006693,-0.830620,-0.029900
-0.006690,-0.830620,-0.029900
-0.006686,-0.830620,-0.009799
-0.006683,-0.830620,-0.009799
-0.006680,-0.830620,-0.009799
-0.006677,-0.830620,-0.029900
-0.006674,-0.830620,-0.009799
-0.006670,-0.830620,-0.029900
-0.006667,-0.830620,-0.009799
-0.006664,-0.830620,-0.029900
-0.006661,-0.830620,-0.029900
-0.006658,-0.850721,-0.029900
-0.006654,-0.830620,-0.009799
-0.006651,-0.830620,0.010301
-0.006648,-0.830620,-0.009799
-0.006645,-0.830620,-0.009799
-0.006642,-0.830620,0.010301
-0.006638,-0.830620,0.010301
-0.006635,-0.830620,-0.009799
-0.006632,-0.830620,-0.009799
-0.006629,-0.830620,-0.009799
-0.006626,-0.830620,-0.029900
-0.006622,-0.830620,-0.009799
-0.006619,-0.830620,-0.029900
-0.006616,-0.830620,-0.029900
-0.006613,-0.830620,-0.029900
-0.006610,-0.830620,-0.029900
-0.006606,-0.850721,-0.029900
-0.006603,-0.830620,-0.009799
-0.006600,-0.830620,-0.009799
-0.006597,-0.830620,-0.029900
-0.006594,-0.830620,-0.009799
-0.006590,-0.830620,-0.009799
-0.006587,-0.850721,-0.009799
-0.006584,-0.830620,-0.009799
-0.006581,-0.830620,-0.029900
-0.006578,-0.830620,-0.029900
-0.006574,-0.850721,-0.029900
-0.006571,-0.830620,-0.009799
-0.006568,-0.830620,-0.009799
-0.006565,-0.830620,0.010301
-0.006562,-0.830620,-0.009799
-0.006558,-0.830620,-0.009799
-0.006555,-0.830620,-0.009799
-0.006552,-0.850721,0.010301
-0.006549,-0.830620,-0.009799
-0.006546,-0.850721,-0.009799
-0.006542,-0.850721,-0.009799
-0.006539,-0.830620,-0.009799
-0.006536,-0.830620,-0.009799
-0.006533,-0.830620,-0.009799
-0.006530,-0.830620,-0.009799
-0.006526,-0.830620,-0.009799
-0.006523,-0.830620,-0.009799
-0.006520,-0.830620,-0.009799
-0.006517,-0.830620,-0.009799
-0.006514,-0.830620,-0.009799
-0.006510,-0.830620,-0.009799
-0.006507,-0.830620,-0.009799
-0.006504,-0.850721,-0.029900
-0.006501,-0.830620,-0.009799
-0.006498,-0.830620,-0.009799
-0.006494,-0.830620,-0.029900
-0.006491,-0.830620,-0.009799
-0.006488,-0.850721,-0.009799
-0.006485,-0.830620,-0.009799
-0.006482,-0.830620,-0.009799
-0.006478,-0.830620,-0.009799
-0.006475,-0.830620,-0.009799
-0.006472,-0.830620,-0.009799
-0.006469,-0.830620,-0.009799
-0.006466,-0.830620,-0.009799
-0.006462,-0.830620,-0.009799
-0.006459,-0.830620,-0.009799
-0.006456,-0.830620,-0.029900
-0.006453,-0.830620,-0.029900
-0.006450,-0.830620,-0.029900
-0.006446,-0.830620,-0.029900
-0.006443,-0.830620,-0.029900
-0.006440,-0.830620,-0.029900
-0.006437,-0.830620,-0.009799
-0.006434,-0.830620,-0.029900
-0.006430,-0.830620,-0.029900
-0.006427,-0.830620,-0.029900
-0.006424,-0.830620,-0.029900
-0.006421,-0.810520,-0.029900
-0.006418,-0.830620,-0.029900
-0.006414,-0.830620,-0.050000
-0.006411,-0.830620,-0.029900
-0.006408,-0.830620,-0.029900
-0.006405,-0.830620,-0.029900
-0.006402,-0.850721,-0.029900
-0.006398,-0.830620,-0.029900
-0.006395,-0.830620,-0.029900
-0.006392,-0.830620,-0.029900
-0.006389,-0.830620,-0.050000
-0.006386,-0.830620,-0.029900
-0.006382,-0.830620,-0.029900
-0.006379,-0.830620,-0.029900
-0.006376,-0.830620,-0.029900
-0.006373,-0.830620,-0.029900
-0.006370,-0.830620,-0.029900
-0.006366,-0.830620,-0.029900
-0.006363,-0.830620,-0.029900
-0.006360,-0.810520,-0.029900
-0.006357,-0.830620,-0.029900
-0.006354,-0.830620,-0.029900
-0.006350,-0.830620,-0.029900
-0.006347,-0.830620,-0.029900
-0.006344,-0.830620,-0.029900
-0.006341,-0.830620,-0.029900
-0.006338,-0.830620,-0.050000
-0.006334,-0.830620,-0.029900
-0.006331,-0.830620,-0.029900
-0.006328,-0.830620,-0.029900
-0.006325,-0.810520,-0.029900
-0.006322,-0.830620,-0.029900
-0.006318,-0.830620,-0.029900
-0.006315,-0.830620,-0.029900
-0.006312,-0.830620,-0.029900
-0.006309,-0.830620,-0.029900
-0.006306,-0.830620,-0.009799
-0.006302,-0.830620,-0.029900
-0.006299,-0.830620,-0.029900
-0.006296,-0.830620,-0.029900
-0.006293,-0.830620,-0.029900
-0.006290,-0.830620,-0.029900
-0.006286,-0.830620,-0.029900
-0.006283,-0.830620,-0.029900
-0.006280,-0.830620,-0.009799
-0.006277,-0.830620,-0.009799
-0.006274,-0.830620,-0.029900
-0.006270,-0.830620,-0.029900
-0.006267,-0.830620,-0.009799
-0.006264,-0.830620,-0.009799
-0.006261,-0.830620,-0.029900
-0.006258,-0.810520,-0.029900
-0.006254,-0.830620,-0.029900
-0.006251,-0.830620,-0.029900
-0.006248,-0.830620,-0.029900
-0.006245,-0.830620,-0.029900
-0.006242,-0.830620,-0.029900
-0.006238,-0.830620,-0.029900
-0.006235,-0.830620,-0.029900
-0.006232,-0.810520,-0.050000
-0.006229,-0.830620,-0.029900
-0.006226,-0.830620,-0.029900
-0.006222,-0.830620,-0.029900
-0.006219,-0.830620,-0.050000
-0.006216,-0.830620,-0.029900
-0.006213,-0.830620,-0.029900
-0.006210,-0.830620,-0.029900
-0.006206,-0.830620,-0.029900
-0.006203,-0.830620,-0.029900
-0.006200,-0.810520,-0.050000
-0.006197,-0.830620,-0.029900
-0.006194,-0.830620,-0.029900
-0.006190,-0.830620,-0.009799
-0.006187,-0.830620,-0.009799
-0.006184,-0.830620,-0.009799
-0.006181,-0.830620,-0.029900
-0.006178,-0.830620,-0.009799
-0.006174,-0.830620,-0.029900
-0.006171,-0.830620,-0.029900
-0.006168,-0.830620,-0.009799
-0.006165,-0.830620,-0.009799
-0.006162,-0.830620,-0.009799
-0.006158,-0.830620,-0.009799
-0.006155,-0.830620,-0.009799
-0.006152,-0.830620,-0.009799
-0.006149,-0.830620,-0.009799
-0.006146,-0.830620,-0.029900
-0.006142,-0.830620,-0.009799
-0.006139,-0.830620,-0.029900
-0.006136,-0.830620,-0.009799
-0.006133,-0.810520,-0.029900
-0.006130,-0.810520,-0.009799
-0.006126,-0.810520,-0.029900
-0.006123,-0.830620,-0.029900
-0.006120,-0.810520,-0.050000
-0.006117,-0.810520,-0.029900
-0.006114,-0.830620,-0.050000
-0.006110,-0.830620,-0.029900
-0.006107,-0.830620,-0.050000
-0.006104,-0.830620,-0.029900
-0.006101,-0.830620,-0.029900
-0.006098,-0.830620,-0.029900
-0.006094,-0.830620,-0.050000
-0.006091,-0.830620,-0.050000
-0.006088,-0.830620,-0.029900
-0.006085,-0.810520,-0.050000
-0.006082,-0.830620,-0.050000
-0.006078,-0.810520,-0.050000
-0.006075,-0.830620,-0.070101
-0.006072,-0.830620,-0.070101
-0.006069,-0.830620,-0.070101
-0.006066,-0.810520,-0.070101
-0.006062,-0.830620,-0.070101
-0.006059,-0.810520,-0.050000
-0.006056,-0.810520,-0.050000
-0.006053,-0.810520,-0.070101
-0.006050,-0.830620,-0.050000
-0.006046,-0.810520,-0.050000
-0.006043,-0.810520,-0.070101
-0.006040,-0.830620,-0.050000
-0.006037,-0.810520,-0.050000
-0.006034,-0.810520,-0.050000
-0.006030,-0.810520,-0.050000
-0.006027,-0.810520,-0.050000
-0.006024,-0.810520,-0.050000
-0.006021,-0.830620,-0.050000
-0.006018,-0.830620,-0.029900
-0.006014,-0.830620,-0.029900
-0.006011,-0.810520,-0.009799
-0.006008,-0.830620,-0.029900
-0.006005,-0.830620,-0.029900
-0.006002,-0.810520,-0.029900
-0.005998,-0.810520,-0.029900
-0.005995,-0.830620,-0.029900
-0.005992,-0.810520,-0.029900
-0.005989,-0.810520,-0.029900
-0.005986,-0.810520,-0.029900
-0.005982,-0.810520,-0.029900
-0.005979,-0.810520,-0.029900
-0.005976,-0.810520,-0.029900
-0.005973,-0.810520,-0.029900
-0.005970,-0.810520,-0.029900
-0.005966,-0.810520,-0.029900
-0.005963,-0.810520,-0.029900
-0.005960,-0.810520,-0.029900
-0.005957,-0.810520,-0.029900
-0.005954,-0.810520,-0.029900
-0.005950,-0.810520,-0.050000
-0.005947,-0.810520,-0.029900
-0.005944,-0.810520,-0.029900
-0.005941,-0.790419,-0.029900
-0.005938,-0.810520,-0.029900
-0.005934,-0.810520,-0.029900
-0.005931,-0.810520,-0.029900
-0.005928,-0.810520,-0.050000
-0.005925,-0.810520,-0.029900
-0.005922,-0.810520,-0.029900
-0.005918,-0.810520,-0.029900
-0.005915,-0.810520,-0.029900
-0.005912,-0.810520,-0.029900
-0.005909,-0.810520,-0.029900
-0.005906,-0.810520,-0.029900
-0.005902,-0.810520,-0.029900
-0.005899,-0.810520,-0.029900
-0.005896,-0.830620,-0.029900
-0.005893,-0.810520,-0.029900
-0.005890,-0.810520,-0.029900
-0.005886,-0.810520,-0.009799
-0.005883,-0.810520,-0.029900
-0.005880,-0.810520,-0.029900
-0.005877,-0.810520,-0.029900
-0.005874,-0.810520,-0.029900
-0.005870,-0.810520,-0.029900
-0.005867,-0.810520,-0.029900
-0.005864,-0.810520,-0.029900
-0.005861,-0.810520,-0.029900
-0.005858,-0.810520,-0.029900
-0.005854,-0.830620,-0.029900
-0.005851,-0.810520,-0.029900
-0.005848,-0.810520,-0.029900
-0.005845,-0.810520,-0.029900
-0.005842,-0.810520,-0.029900
-0.005838,-0.810520,-0.029900
-0.005835,-0.810520,-0.029900
-0.005832,-0.810520,-0.050000
-0.005829,-0.810520,-0.029900
-0.005826,-0.790419,-0.029900
-0.005822,-0.830620,-0.029900
-0.005819,-0.810520,-0.029900
-0.005816,-0.810520,-0.050000
-0.005813,-0.810520,-0.050000
-0.005810,-0.810520,-0.050000
-0.005806,-0.810520,-0.050000
-0.005803,-0.810520,-0.070101
-0.005800,-0.810520,-0.050000
-0.005797,-0.790419,-0.050000
-0.005794,-0.810520,-0.050000
-0.005790,-0.810520,-0.050000
-0.005787,-0.810520,-0.050000
-0.005784,-0.810520,-0.050000
-0.005781,-0.810520,-0.029900
-0.005778,-0.810520,-0.050000
-0.005774,-0.810520,-0.050000
-0.005771,-0.810520,-0.029900
-0.005768,-0.810520,-0.029900
-0.005765,-0.810520,-0.029900
-0.005762,-0.790419,-0.029900
-0.005758,-0.810520,-0.050000
-0.005755,-0.790419,-0.029900
-0.005752,-0.810520,-0.029900
-0.005749,-0.790419,-0.029900
-0.005746,-0.790419,-0.029900
-0.005742,-0.790419,-0.050000
-0.005739,-0.810520,-0.029900
-0.005736,-0.810520,-0.029900
-0.005733,-0.790419,-0.029900
-0.005730,-0.810520,-0.029900
-0.005726,-0.810520,-0.029900
-0.005723,-0.790419,-0.029900
-0.005720,-0.810520,-0.050000
-0.005717,-0.810520,-0.050000
-0.005714,-0.810520,-0.050000
-0.005710,-0.810520,-0.050000
-0.005707,-0.790419,-0.050000
-0.005704,-0.810520,-0.050000
-0.005701,-0.810520,-0.029900
-0.005698,-0.790419,-0.050000
-0.005694,-0.810520,-0.029900
-0.005691,-0.790419,-0.050000
-0.005688,-0.790419,-0.050000
-0.005685,-0.810520,-0.029900
-0.005682,-0.810520,-0.029900
-0.005678,-0.810520,-0.029900
-0.005675,-0.790419,-0.029900
-0.005672,-0.790419,-0.029900
-0.005669,-0.790419,-0.029900
-0.005666,-0.790419,-0.050000
-0.005662,-0.810520,-0.050000
-0.005659,-0.790419,-0.029900
-0.005656,-0.790419,-0.029900
-0.005653,-0.790419,-0.029900
-0.005650,-0.790419,-0.009799
-0.005646,-0.790419,-0.029900
-0.005643,-0.790419,-0.029900
-0.005640,-0.790419,-0.009799
-0.005637,-0.790419,-0.009799
-0.005634,-0.790419,-0.009799
-0.005630,-0.790419,-0.029900
-0.005627,-0.790419,-0.009799
-0.005624,-0.790419,-0.029900
-0.005621,-0.790419,-0.029900
-0.005618,-0.790419,-0.029900
-0.005614,-0.790419,-0.009799
-0.005611,-0.790419,-0.029900
-0.005608,-0.790419,-0.029900
-0.005605,-0.810520,-0.029900
-0.005602,-0.790419,-0.009799
-0.005598,-0.790419,-0.009799
-0.005595,-0.790419,-0.029900
-0.005592,-0.790419,-0.029900
-0.005589,-0.790419,-0.050000
-0.005586,-0.790419,-0.029900
-0.005582,-0.770319,-0.050000
-0.005579,-0.790419,-0.029900
-0.005576,-0.790419,-0.029900
-0.005573,-0.790419,-0.050000
-0.005570,-0.790419,-0.029900
-0.005566,-0.790419,-0.029900
-0.005563,-0.790419,-0.029900
-0.005560,-0.790419,-0.029900
-0.005557,-0.790419,-0.029900
-0.005554,-0.790419,-0.029900
-0.005550,-0.790419,-0.009799
-0.005547,-0.790419,-0.009799
-0.005544,-0.790419,-0.009799
-0.005541,-0.790419,0.010301
-0.005538,-0.770319,0.010301
-0.005534,-0.790419,0.010301
-0.005531,-0.790419,0.010301
-0.005528,-0.790419,-0.009799
-0.005525,-0.770319,0.010301
-0.005522,-0.790419,0.010301
-0.005518,-0.790419,0.010301
-0.005515,-0.790419,0.010301
-0.005512,-0.790419,0.030402
-0.005509,-0.790419,0.010301
-0.005506,-0.790419,0.010301
-0.005502,-0.790419,0.010301
-0.005499,-0.790419,0.010301
-0.005496,-0.790419,0.010301
-0.005493,-0.790419,0.010301
-0.005490,-0.790419,0.010301
-0.005486,-0.790419,0.010301
-0.005483,-0.790419,0.010301
-0.005480,-0.790419,0.010301
-0.005477,-0.790419,0.010301
-0.005474,-0.770319,0.010301
-0.005470,-0.770319,0.010301
-0.005467,-0.790419,0.030402
-0.005464,-0.770319,0.030402
-0.005461,-0.770319,0.010301
-0.005458,-0.790419,0.010301
-0.005454,-0.770319,0.010301
-0.005451,-0.790419,0.010301
-0.005448,-0.790419,0.010301
-0.005445,-0.790419,0.010301
-0.005442,-0.770319,-0.009799
-0.005438,-0.770319,-0.009799
-0.005435,-0.770319,0.010301
-0.005432,-0.770319,0.010301
-0.005429,-0.770319,0.010301
-0.005426,-0.790419,0.010301
-0.005422,-0.790419,-0.009799
-0.005419,-0.770319,0.010301
-0.005416,-0.790419,0.010301
-0.005413,-0.770319,-0.009799
-0.005410,-0.770319,0.010301
-0.005406,-0.770319,0.010301
-0.005403,-0.770319,0.010301
-0.005400,-0.770319,0.010301
-0.005397,-0.790419,0.010301
-0.005394,-0.770319,0.010301
-0.005390,-0.790419,0.010301
-0.005387,-0.770319,0.030402
-0.005384,-0.790419,0.030402
-0.005381,-0.790419,0.030402
-0.005378,-0.790419,0.030402
-0.005374,-0.770319,0.010301
-0.005371,-0.770319,0.010301
-0.005368,-0.770319,0.010301
-0.005365,-0.790419,0.010301
-0.005362,-0.790419,0.010301
-0.005358,-0.770319,-0.009799
-0.005355,-0.770319,0.010301
-0.005352,-0.770319,-0.009799
-0.005349,-0.770319,0.010301
-0.005346,-0.770319,-0.009799
-0.005342,-0.790419,-0.009799
-0.005339,-0.770319,-0.009799
-0.005336,-0.770319,-0.009799
-0.005333,-0.770319,-0.009799
-0.005330,-0.790419,0.010301
-0.005326,-0.790419,-0.009799
-0.005323,-0.770319,-0.009799
-0.005320,-0.770319,-0.009799
-0.005317,-0.770319,-0.009799
-0.005314,-0.770319,-0.009799
-0.005310,-0.770319,-0.009799
-0.005307,-0.770319,-0.009799
-0.005304,-0.750219,0.010301
-0.005301,-0.770319,0.010301
-0.005298,-0.770319,0.010301
-0.005294,-0.770319,0.010301
-0.005291,-0.770319,0.010301
-0.005288,-0.770319,0.030402
-0.005285,-0.770319,0.030402
-0.005282,-0.770319,0.030402
-0.005278,-0.770319,0.030402
-0.005275,-0.770319,0.030402
-0.005272,-0.770319,0.030402
-0.005269,-0.770319,0.010301
-0.005266,-0.770319,0.010301
-0.005262,-0.770319,0.010301
-0.005259,-0.750219,0.010301
-0.005256,-0.770319,0.010301
-0.005253,-0.770319,0.010301
-0.005250,-0.770319,0.010301
-0.005246,-0.770319,0.010301
-0.005243,-0.770319,0.030402
-0.005240,-0.770319,0.030402
-0.005237,-0.770319,0.010301
-0.005234,-0.770319,0.010301
-0.005230,-0.770319,0.010301
-0.005227,-0.770319,0.030402
-0.005224,-0.770319,0.010301
-0.005221,-0.770319,0.010301
-0.005218,-0.750219,0.030402
-0.005214,-0.750219,0.010301
-0.005211,-0.770319,0.010301
-0.005208,-0.770319,0.010301
-0.005205,-0.770319,0.030402
-0.005202,-0.750219,0.010301
-0.005198,-0.770319,0.010301
-0.005195,-0.770319,0.030402
-0.005192,-0.770319,0.010301
-0.005189,-0.750219,0.030402
-0.005186,-0.770319,0.010301
-0.005182,-0.770319,0.010301
-0.005179,-0.770319,0.010301
-0.005176,-0.770319,0.010301
-0.005173,-0.750219,0.010301
-0.005170,-0.770319,0.030402
-0.005166,-0.750219,0.050502
-0.005163,-0.750219,0.050502
-0.005160,-0.770319,0.030402
-0.005157,-0.750219,0.050502
-0.005154,-0.770319,0.030402
-0.005150,-0.750219,0.030402
-0.005147,-0.770319,0.030402
-0.005144,-0.770319,0.030402
-0.005141,-0.750219,0.030402
-0.005138,-0.750219,0.030402
-0.005134,-0.770319,0.030402
-0.005131,-0.750219,0.050502
-0.005128,-0.750219,0.030402
-0.005125,-0.750219,0.030402
-0.005122,-0.750219,0.050502
-0.005118,-0.750219,0.030402
-0.005115,-0.770319,0.030402
-0.005112,-0.750219,0.050502
-0.005109,-0.770319,0.030402
-0.005106,-0.750219,0.010301
-0.005102,-0.750219,0.030402
-0.005099,-0.750219,0.030402
-0.005096,-0.770319,0.030402
-0.005093,-0.750219,0.050502
-0.005090,-0.770319,0.030402
-0.005086,-0.770319,0.030402
-0.005083,-0.750219,0.030402
-0.005080,-0.750219,0.030402
-0.005077,-0.770319,0.030402
-0.005074,-0.770319,0.030402
-0.005070,-0.750219,0.030402
-0.005067,-0.750219,0.030402
-0.005064,-0.750219,0.030402
-0.005061,-0.750219,0.030402
-0.005058,-0.730118,0.030402
-0.005054,-0.750219,0.030402
-0.005051,-0.750219,0.010301
-0.005048,-0.750219,0.010301
-0.005045,-0.750219,0.010301
-0.005042,-0.750219,0.010301
-0.005038,-0.750219,0.010301
-0.005035,-0.750219,0.010301
-0.005032,-0.750219,0.010301
-0.005029,-0.750219,0.010301
-0.005026,-0.750219,0.010301
-0.005022,-0.750219,0.030402
-0.005019,-0.750219,0.030402
-0.005016,-0.730118,0.010301
-0.005013,-0.750219,0.030402
-0.005010,-0.750219,0.010301
-0.005006,-0.750219,0.010301
-0.005003,-0.750219,0.010301
-0.005000,-0.750219,0.030402
-0.004997,-0.750219,0.010301
-0.004994,-0.750219,0.030402
-0.004990,-0.750219,0.010301
-0.004987,-0.730118,0.010301
-0.004984,-0.750219,0.030402
-0.004981,-0.750219,0.030402
-0.004978,-0.750219,0.010301
-0.004974,-0.750219,0.030402
-0.004971,-0.730118,0.030402
-0.004968,-0.730118,0.030402
-0.004965,-0.730118,0.010301
-0.004962,-0.750219,0.030402
-0.004958,-0.730118,0.030402
-0.004955,-0.750219,0.030402
-0.004952,-0.750219,0.030402
-0.004949,-0.750219,0.030402
-0.004946,-0.730118,0.030402
-0.004942,-0.750219,0.010301
-0.004939,-0.730118,0.010301
-0.004936,-0.730118,0.010301
-0.004933,-0.730118,-0.009799
-0.004930,-0.750219,0.010301
-0.004926,-0.730118,0.010301
-0.004923,-0.730118,0.010301
-0.004920,-0.730118,0.010301
-0.004917,-0.730118,0.010301
-0.004914,-0.750219,-0.009799
-0.004910,-0.750219,-0.009799
-0.004907,-0.730118,-0.009799
-0.004904,-0.750219,-0.009799
-0.004901,-0.730118,-0.009799
-0.004898,-0.750219,-0.009799
-0.004894,-0.750219,-0.009799
-0.004891,-0.730118,-0.009799
-0.004888,-0.730118,-0.009799
-0.004885,-0.750219,-0.029900
-0.004882,-0.730118,-0.029900
-0.004878,-0.730118,-0.029900
-0.004875,-0.730118,-0.029900
-0.004872,-0.730118,-0.029900
-0.004869,-0.730118,-0.029900
-0.004866,-0.730118,-0.029900
-0.004862,-0.730118,-0.029900
-0.004859,-0.750219,-0.029900
-0.004856,-0.730118,-0.029900
-0.004853,-0.750219,-0.009799
-0.004850,-0.730118,-0.029900
-0.004846,-0.730118,-0.050000
-0.004843,-0.730118,-0.050000
-0.004840,-0.730118,-0.029900
-0.004837,-0.730118,-0.050000
-0.004834,-0.730118,-0.050000
-0.004830,-0.730118,-0.050000
-0.004827,-0.730118,-0.050000
-0.004824,-0.730118,-0.050000
-0.004821,-0.730118,-0.050000
-0.004818,-0.730118,-0.050000
-0.004814,-0.730118,-0.050000
-0.004811,-0.730118,-0.050000
-0.004808,-0.730118,-0.050000
-0.004805,-0.730118,-0.029900
-0.004802,-0.730118,-0.029900
-0.004798,-0.710017,-0.029900
-0.004795,-0.730118,-0.029900
-0.004792,-0.730118,-0.029900
-0.004789,-0.710017,-0.029900
-0.004786,-0.730118,-0.029900
-0.004782,-0.730118,-0.029900
-0.004779,-0.730118,-0.029900
-0.004776,-0.730118,-0.029900
-0.004773,-0.710017,-0.029900
-0.004770,-0.730118,-0.029900
-0.004766,-0.730118,-0.029900
-0.004763,-0.730118,-0.009799
-0.004760,-0.730118,-0.029900
-0.004757,-0.730118,-0.029900
-0.004754,-0.730118,-0.029900
-0.004750,-0.730118,-0.029900
-0.004747,-0.730118,-0.029900
-0.004744,-0.730118,-0.029900
-0.004741,-0.710017,-0.029900
-0.004738,-0.730118,-0.029900
-0.004734,-0.730118,-0.009799
-0.004731,-0.730118,-0.029900
-0.004728,-0.730118,-0.029900
-0.004725,-0.730118,-0.029900
-0.004722,-0.730118,-0.029900
-0.004718,-0.710017,-0.050000
-0.004715,-0.730118,-0.029900
-0.004712,-0.730118,-0.050000
-0.004709,-0.730118,-0.050000
-0.004706,-0.730118,-0.050000
-0.004702,-0.730118,-0.029900
-0.004699,-0.730118,-0.029900
-0.004696,-0.730118,-0.029900
-0.004693,-0.730118,-0.050000
-0.004690,-0.730118,-0.029900
-0.004686,-0.730118,-0.029900
-0.004683,-0.730118,-0.050000
-0.004680,-0.730118,-0.029900
-0.004677,-0.730118,-0.029900
-0.004674,-0.730118,-0.050000
-0.004670,-0.730118,-0.029900
-0.004667,-0.710017,-0.029900
-0.004664,-0.710017,-0.029900
-0.004661,-0.710017,-0.029900
-0.004658,-0.710017,-0.029900
-0.004654,-0.710017,-0.029900
-0.004651,-0.730118,-0.009799
-0.004648,-0.710017,-0.029900
-0.004645,-0.710017,-0.029900
-0.004642,-0.710017,-0.029900
-0.004638,-0.730118,-0.009799
-0.004635,-0.710017,-0.029900
-0.004632,-0.710017,-0.009799
-0.004629,-0.710017,-0.009799
-0.004626,-0.710017,-0.009799
-0.004622,-0.710017,-0.009799
-0.004619,-0.710017,-0.009799
-0.004616,-0.710017,-0.029900
-0.004613,-0.710017,-0.029900
-0.004610,-0.710017,-0.029900
-0.004606,-0.710017,-0.029900
-0.004603,-0.689917,-0.009799
-0.004600,-0.730118,-0.029900
-0.004597,-0.710017,-0.029900
-0.004594,-0.710017,-0.009799
-0.004590,-0.710017,-0.029900
-0.004587,-0.710017,-0.029900
-0.004584,-0.710017,-0.029900
-0.004581,-0.710017,-0.029900
-0.004578,-0.710017,-0.029900
-0.004574,-0.689917,-0.029900
-0.004571,-0.710017,-0.029900
-0.004568,-0.710017,-0.029900
-0.004565,-0.710017,-0.029900
-0.004562,-0.710017,-0.029900
-0.004558,-0.710017,-0.009799
-0.004555,-0.710017,-0.009799
-0.004552,-0.710017,-0.029900
-0.004549,-0.710017,-0.029900
-0.004546,-0.710017,-0.009799
-0.004542,-0.710017,-0.029900
-0.004539,-0.710017,-0.029900
-0.004536,-0.689917,-0.009799
-0.004533,-0.710017,-0.009799
-0.004530,-0.710017,-0.009799
-0.004526,-0.710017,-0.009799
-0.004523,-0.710017,-0.009799
-0.004520,-0.710017,-0.009799
-0.004517,-0.710017,-0.009799
-0.004514,-0.710017,-0.029900
-0.004510,-0.710017,-0.009799
-0.004507,-0.710017,-0.029900
-0.004504,-0.710017,-0.029900
-0.004501,-0.689917,-0.029900
-0.004498,-0.689917,-0.029900
-0.004494,-0.710017,-0.050000
-0.004491,-0.689917,-0.029900
-0.004488,-0.710017,-0.029900
-0.004485,-0.710017,-0.029900
-0.004482,-0.710017,-0.029900
-0.004478,-0.710017,-0.029900
-0.004475,-0.689917,-0.050000
-0.004472,-0.710017,-0.029900
-0.004469,-0.710017,-0.050000
-0.004466,-0.710017,-0.029900
-0.004462,-0.689917,-0.029900
-0.004459,-0.689917,-0.050000
-0.004456,-0.689917,-0.029900
-0.004453,-0.689917,-0.050000
-0.004450,-0.689917,-0.050000
-0.004446,-0.689917,-0.029900
-0.004443,-0.710017,-0.009799
-0.004440,-0.689917,-0.029900
-0.004437,-0.689917,-0.029900
-0.004434,-0.689917,-0.050000
-0.004430,-0.689917,-0.029900
-0.004427,-0.689917,-0.029900
-0.004424,-0.689917,-0.029900
-0.004421,-0.689917,-0.029900
-0.004418,-0.689917,-0.029900
-0.004414,-0.689917,-0.009799
-0.004411,-0.710017,-0.029900
-0.004408,-0.710017,-0.009799
-0.004405,-0.689917,-0.029900
-0.004402,-0.689917,-0.009799
-0.004398,-0.710017,-0.009799
-0.004395,-0.689917,-0.009799
-0.004392,-0.689917,-0.009799
-0.004389,-0.689917,-0.009799
-0.004386,-0.689917,-0.009799
-0.004382,-0.710017,-0.009799
-0.004379,-0.710017,0.010301
-0.004376,-0.689917,0.010301
-0.004373,-0.689917,0.010301
-0.004370,-0.689917,-0.009799
-0.004366,-0.689917,-0.009799
-0.004363,-0.689917,-0.009799
-0.004360,-0.689917,-0.009799
-0.004357,-0.689917,-0.009799
-0.004354,-0.689917,0.010301
-0.004350,-0.710017,-0.009799
-0.004347,-0.689917,-0.009799
-0.004344,-0.689917,-0.009799
-0.004341,-0.689917,-0.009799
-0.004338,-0.689917,-0.029900
-0.004334,-0.669816,-0.009799
-0.004331,-0.689917,-0.009799
-0.004328,-0.689917,-0.009799
-0.004325,-0.689917,-0.009799
-0.004322,-0.689917,-0.029900
-0.004318,-0.689917,-0.009799
-0.004315,-0.689917,-0.009799
-0.004312,-0.669816,-0.009799
-0.004309,-0.669816,-0.009799
-0.004306,-0.689917,-0.009799
-0.004302,-0.689917,-0.009799
-0.004299,-0.669816,-0.009799
-0.004296,-0.669816,-0.009799
-0.004293,-0.689917,-0.029900
-0.004290,-0.689917,-0.009799
-0.004286,-0.669816,-0.029900
-0.004283,-0.689917,-0.009799
-0.004280,-0.689917,-0.009799
-0.004277,-0.669816,-0.009799
-0.004274,-0.669816,-0.009799
-0.004270,-0.669816,-0.009799
-0.004267,-0.669816,-0.009799
-0.004264,-0.689917,-0.009799
-0.004261,-0.669816,-0.009799
-0.004258,-0.669816,-0.009799
-0.004254,-0.669816,-0.009799
-0.004251,-0.669816,-0.009799
-0.004248,-0.669816,-0.009799
-0.004245,-0.689917,-0.009799
-0.004242,-0.669816,-0.009799
-0.004238,-0.689917,-0.009799
-0.004235,-0.689917,-0.029900
-0.004232,-0.669816,-0.009799
-0.004229,-0.669816,-0.009799
-0.004226,-0.689917,-0.009799
-0.004222,-0.669816,-0.009799
-0.004219,-0.669816,-0.009799
-0.004216,-0.669816,-0.009799
-0.004213,-0.669816,-0.009799
-0.004210,-0.669816,-0.009799
-0.004206,-0.669816,-0.009799
-0.004203,-0.669816,-0.009799
-0.004200,-0.669816,-0.009799
-0.004197,-0.669816,0.010301
-0.004194,-0.669816,0.010301
-0.004190,-0.669816,0.010301
-0.004187,-0.649716,0.010301
-0.004184,-0.669816,0.010301
-0.004181,-0.669816,0.010301
-0.004178,-0.669816,0.010301
-0.004174,-0.649716,0.010301
-0.004171,-0.669816,0.010301
-0.004168,-0.669816,0.010301
-0.004165,-0.669816,0.010301
-0.004162,-0.649716,0.010301
-0.004158,-0.669816,0.010301
-0.004155,-0.669816,0.010301
-0.004152,-0.649716,0.010301
-0.004149,-0.669816,-0.009799
-0.004146,-0.649716,-0.009799
-0.004142,-0.669816,0.010301
-0.004139,-0.649716,0.010301
-0.004136,-0.649716,0.010301
-0.004133,-0.649716,-0.009799
-0.004130,-0.649716,0.010301
-0.004126,-0.649716,-0.009799
-0.004123,-0.669816,0.010301
-0.004120,-0.649716,-0.009799
-0.004117,-0.669816,-0.009799
-0.004114,-0.649716,-0.009799
-0.004110,-0.669816,-0.009799
-0.004107,-0.649716,-0.009799
-0.004104,-0.649716,-0.009799
-0.004101,-0.649716,-0.029900
-0.004098,-0.669816,-0.009799
-0.004094,-0.649716,-0.009799
-0.004091,-0.649716,0.010301
-0.004088,-0.649716,-0.009799
-0.004085,-0.669816,-0.009799
-0.004082,-0.649716,-0.009799
-0.004078,-0.649716,-0.009799
-0.004075,-0.649716,-0.009799
-0.004072,-0.649716,-0.009799
-0.004069,-0.649716,0.010301
-0.004066,-0.649716,0.010301
-0.004062,-0.649716,0.010301
-0.004059,-0.649716,-0.009799
-0.004056,-0.649716,0.010301
-0.004053,-0.649716,0.010301
-0.004050,-0.649716,-0.009799
-0.004046,-0.649716,-0.009799
-0.004043,-0.649716,0.010301
-0.004040,-0.649716,0.010301
-0.004037,-0.649716,0.010301
-0.004034,-0.649716,0.010301
-0.004030,-0.649716,0.010301
-0.004027,-0.649716,0.010301
-0.004024,-0.649716,-0.009799
-0.004021,-0.649716,0.010301
-0.004018,-0.629615,-0.009799
-0.004014,-0.649716,-0.009799
-0.004011,-0.629615,-0.009799
-0.004008,-0.629615,-0.009799
-0.004005,-0.629615,-0.009799
-0.004002,-0.649716,0.010301
-0.003998,-0.629615,-0.009799
-0.003995,-0.649716,0.010301
-0.003992,-0.649716,-0.009799
-0.003989,-0.629615,-0.009799
-0.003986,-0.629615,-0.009799
-0.003982,-0.629615,-0.009799
-0.003979,-0.649716,-0.009799
-0.003976,-0.629615,-0.009799
-0.003973,-0.629615,-0.009799
-0.003970,-0.629615,0.010301
-0.003966,-0.629615,-0.009799
-0.003963,-0.629615,-0.009799
-0.003960,-0.629615,-0.009799
-0.003957,-0.629615,-0.009799
-0.003954,-0.629615,-0.009799
-0.003950,-0.629615,-0.009799
-0.003947,-0.629615,-0.009799
-0.003944,-0.629615,-0.009799
-0.003941,-0.629615,-0.009799
-0.003938,-0.629615,-0.009799
-0.003934,-0.629615,-0.029900
-0.003931,-0.629615,-0.029900
-0.003928,-0.629615,-0.029900
-0.003925,-0.609515,-0.009799
-0.003922,-0.629615,-0.009799
-0.003918,-0.629615,-0.009799
-0.003915,-0.629615,-0.009799
-0.003912,-0.629615,-0.029900
-0.003909,-0.609515,-0.029900
-0.003906,-0.629615,-0.029900
-0.003902,-0.629615,-0.029900
-0.003899,-0.629615,-0.029900
-0.003896,-0.609515,-0.029900
-0.003893,-0.629615,-0.029900
-0.003890,-0.609515,-0.029900
-0.003886,-0.609515,-0.009799
-0.003883,-0.609515,-0.009799
-0.003880,-0.609515,-0.029900
-0.003877,-0.609515,-0.009799
-0.003874,-0.609515,-0.009799
-0.003870,-0.629615,-0.009799
-0.003867,-0.609515,0.010301
-0.003864,-0.609515,0.010301
-0.003861,-0.609515,-0.009799
-0.003858,-0.629615,-0.009799
-0.003854,-0.609515,-0.009799
-0.003851,-0.609515,-0.009799
-0.003848,-0.609515,0.010301
-0.003845,-0.609515,-0.009799
-0.003842,-0.609515,0.010301
-0.003838,-0.609515,-0.009799
-0.003835,-0.609515,-0.009799
-0.003832,-0.629615,-0.009799
-0.003829,-0.609515,0.010301
-0.003826,-0.609515,-0.009799
-0.003822,-0.609515,-0.009799
-0.003819,-0.609515,-0.009799
-0.003816,-0.609515,-0.009799
-0.003813,-0.609515,-0.009799
-0.003810,-0.589414,-0.009799
-0.003806,-0.609515,-0.029900
-0.003803,-0.609515,-0.009799
-0.003800,-0.609515,-0.029900
-0.003797,-0.609515,-0.029900
-0.003794,-0.609515,-0.009799
-0.003790,-0.609515,-0.009799
-0.003787,-0.589414,-0.009799
-0.003784,-0.589414,-0.009799
-0.003781,-0.589414,-0.009799
-0.003778,-0.609515,-0.009799
-0.003774,-0.589414,-0.009799
-0.003771,-0.609515,-0.009799
-0.003768,-0.589414,-0.009799
-0.003765,-0.589414,-0.009799
-0.003762,-0.589414,-0.009799
-0.003758,-0.589414,0.010301
-0.003755,-0.589414,-0.009799
-0.003752,-0.589414,-0.009799
-0.003749,-0.589414,-0.009799
-0.003746,-0.589414,-0.009799
-0.003742,-0.589414,-0.009799
-0.003739,-0.589414,-0.009799
-0.003736,-0.589414,-0.009799
-0.003733,-0.589414,-0.009799
-0.003730,-0.589414,0.010301
-0.003726,-0.569314,-0.009799
-0.003723,-0.589414,-0.009799
-0.003720,-0.589414,-0.009799
-0.003717,-0.589414,-0.009799
-0.003714,-0.589414,-0.009799
-0.003710,-0.589414,-0.029900
-0.003707,-0.569314,-0.029900
-0.003704,-0.589414,-0.029900
-0.003701,-0.589414,-0.029900
-0.003698,-0.589414,-0.029900
-0.003694,-0.569314,-0.050000
-0.003691,-0.589414,-0.029900
-0.003688,-0.589414,-0.029900
-0.003685,-0.569314,-0.029900
-0.003682,-0.569314,-0.029900
-0.003678,-0.589414,-0.050000
-0.003675,-0.569314,-0.029900
-0.003672,-0.569314,-0.029900
-0.003669,-0.569314,-0.029900
-0.003666,-0.569314,-0.029900
-0.003662,-0.569314,-0.029900
-0.003659,-0.569314,-0.029900
-0.003656,-0.569314,-0.009799
-0.003653,-0.569314,-0.029900
-0.003650,-0.569314,-0.029900
-0.003646,-0.569314,-0.029900
-0.003643,-0.569314,-0.029900
-0.003640,-0.569314,-0.050000
-0.003637,-0.569314,-0.029900
-0.003634,-0.569314,-0.050000
-0.003630,-0.569314,-0.050000
-0.003627,-0.569314,-0.029900
-0.003624,-0.569314,-0.029900
-0.003621,-0.549213,-0.029900
-0.003618,-0.549213,-0.029900
-0.003614,-0.569314,-0.050000
-0.003611,-0.569314,-0.050000
-0.003608,-0.569314,-0.029900
-0.003605,-0.569314,-0.029900
-0.003602,-0.569314,-0.029900
-0.003598,-0.569314,-0.029900
-0.003595,-0.549213,-0.029900
-0.003592,-0.549213,-0.029900
-0.003589,-0.549213,-0.029900
-0.003586,-0.549213,-0.009799
-0.003582,-0.549213,-0.009799
-0.003579,-0.569314,-0.029900
-0.003576,-0.549213,-0.029900
-0.003573,-0.549213,-0.029900
-0.003570,-0.549213,-0.029900
-0.003566,-0.549213,-0.009799
-0.003563,-0.549213,-0.029900
-0.003560,-0.549213,-0.029900
-0.003557,-0.549213,-0.009799
-0.003554,-0.569314,-0.009799
-0.003550,-0.549213,-0.029900
-0.003547,-0.549213,-0.029900
-0.003544,-0.549213,-0.009799
-0.003541,-0.549213,-0.029900
-0.003538,-0.549213,-0.029900
-0.003534,-0.549213,-0.029900
-0.003531,-0.549213,-0.029900
-0.003528,-0.549213,-0.009799
-0.003525,-0.529113,-0.009799
-0.003522,-0.529113,-0.029900
-0.003518,-0.549213,-0.029900
-0.003515,-0.549213,-0.029900
-0.003512,-0.549213,-0.029900
-0.003509,-0.529113,-0.050000
-0.003506,-0.549213,-0.029900
-0.003502,-0.549213,-0.050000
-0.003499,-0.529113,-0.050000
-0.003496,-0.529113,-0.029900
-0.003493,-0.529113,-0.050000
-0.003490,-0.529113,-0.050000
-0.003486,-0.529113,-0.050000
-0.003483,-0.529113,-0.050000
-0.003480,-0.529113,-0.050000
-0.003477,-0.529113,-0.029900
-0.003474,-0.529113,-0.050000
-0.003470,-0.529113,-0.050000
-0.003467,-0.529113,-0.050000
-0.003464,-0.529113,-0.029900
-0.003461,-0.529113,-0.050000
-0.003458,-0.529113,-0.029900
-0.003454,-0.529113,-0.050000
-0.003451,-0.529113,-0.029900
-0.003448,-0.529113,-0.050000
-0.003445,-0.509012,-0.050000
-0.003442,-0.529113,-0.029900
-0.003438,-0.529113,-0.029900
-0.003435,-0.529113,-0.050000
-0.003432,-0.529113,-0.029900
-0.003429,-0.509012,-0.029900
-0.003426,-0.529113,-0.050000
-0.003422,-0.509012,-0.050000
-0.003419,-0.509012,-0.050000
-0.003416,-0.509012,-0.029900
-0.003413,-0.509012,-0.050000
-0.003410,-0.509012,-0.050000
-0.003406,-0.529113,-0.050000
-0.003403,-0.509012,-0.050000
-0.003400,-0.509012,-0.029900
-0.003397,-0.529113,-0.029900
-0.003394,-0.529113,-0.029900
-0.003390,-0.509012,-0.029900
-0.003387,-0.509012,-0.050000
-0.003384,-0.509012,-0.029900
-0.003381,-0.509012,-0.029900
-0.003378,-0.488912,-0.029900
-0.003374,-0.488912,-0.029900
-0.003371,-0.509012,-0.029900
-0.003368,-0.509012,-0.029900
-0.003365,-0.509012,-0.029900
-0.003362,-0.488912,-0.009799
-0.003358,-0.488912,-0.009799
-0.003355,-0.509012,-0.009799
-0.003352,-0.488912,-0.029900
-0.003349,-0.509012,-0.029900
-0.003346,-0.488912,-0.029900
-0.003342,-0.488912,-0.050000
-0.003339,-0.488912,-0.029900
-0.003336,-0.488912,-0.029900
-0.003333,-0.488912,-0.029900
-0.003330,-0.488912,-0.009799
-0.003326,-0.468811,-0.029900
-0.003323,-0.488912,-0.009799
-0.003320,-0.488912,-0.009799
-0.003317,-0.488912,-0.009799
-0.003314,-0.488912,-0.029900
-0.003310,-0.488912,-0.009799
-0.003307,-0.488912,-0.009799
-0.003304,-0.488912,-0.009799
-0.003301,-0.488912,-0.009799
-0.003298,-0.488912,-0.009799
-0.003294,-0.468811,-0.009799
-0.003291,-0.488912,-0.009799
-0.003288,-0.488912,-0.009799
-0.003285,-0.488912,-0.029900
-0.003282,-0.488912,-0.009799
-0.003278,-0.488912,-0.009799
-0.003275,-0.488912,-0.009799
-0.003272,-0.468811,-0.029900
-0.003269,-0.488912,-0.029900
-0.003266,-0.468811,-0.029900
-0.003262,-0.468811,-0.029900
-0.003259,-0.468811,-0.009799
-0.003256,-0.468811,-0.029900
-0.003253,-0.468811,-0.029900
-0.003250,-0.468811,-0.009799
-0.003246,-0.468811,-0.009799
-0.003243,-0.468811,-0.009799
-0.003240,-0.468811,-0.009799
-0.003237,-0.468811,-0.009799
-0.003234,-0.468811,-0.009799
-0.003230,-0.468811,0.010301
-0.003227,-0.468811,0.010301
-0.003224,-0.468811,-0.009799
-0.003221,-0.468811,-0.009799
-0.003218,-0.468811,-0.009799
-0.003214,-0.468811,-0.009799
-0.003211,-0.448711,0.010301
-0.003208,-0.468811,-0.009799
-0.003205,-0.448711,0.010301
-0.003202,-0.468811,-0.009799
-0.003198,-0.468811,-0.009799
-0.003195,-0.468811,0.010301
-0.003192,-0.448711,0.010301
-0.003189,-0.468811,-0.009799
-0.003186,-0.468811,0.010301
-0.003182,-0.448711,0.010301
-0.003179,-0.448711,0.010301
-0.003176,-0.448711,0.030402
-0.003173,-0.448711,0.030402
-0.003170,-0.448711,0.010301
-0.003166,-0.448711,0.030402
-0.003163,-0.448711,0.030402
-0.003160,-0.448711,0.010301
-0.003157,-0.448711,0.030402
-0.003154,-0.428611,0.030402
-0.003150,-0.448711,0.030402
-0.003147,-0.448711,0.050502
-0.003144,-0.448711,0.050502
-0.003141,-0.448711,0.050502
-0.003138,-0.448711,0.050502
-0.003134,-0.448711,0.050502
-0.003131,-0.428611,0.050502
-0.003128,-0.448711,0.050502
-0.003125,-0.448711,0.050502
-0.003122,-0.448711,0.070603
-0.003118,-0.428611,0.070603
-0.003115,-0.448711,0.070603
-0.003112,-0.428611,0.090704
-0.003109,-0.428611,0.070603
-0.003106,-0.428611,0.070603
-0.003102,-0.428611,0.090704
-0.003099,-0.428611,0.090704
-0.003096,-0.428611,0.090704
-0.003093,-0.428611,0.110804
-0.003090,-0.428611,0.110804
-0.003086,-0.448711,0.130904
-0.003083,-0.408510,0.130904
-0.003080,-0.428611,0.130904
-0.003077,-0.428611,0.130904
-0.003074,-0.428611,0.151005
-0.003070,-0.408510,0.171106
-0.003067,-0.428611,0.171106
-0.003064,-0.428611,0.171106
-0.003061,-0.428611,0.171106
-0.003058,-0.408510,0.191206
-0.003054,-0.428611,0.211307
-0.003051,-0.428611,0.211307
-0.003048,-0.428611,0.231407
-0.003045,-0.428611,0.251507
-0.003042,-0.408510,0.271608
-0.003038,-0.408510,0.291709
-0.003035,-0.408510,0.291709
-0.003032,-0.408510,0.311809
-0.003029,-0.408510,0.331910
-0.003026,-0.408510,0.352010
-0.003022,-0.408510,0.372111
-0.003019,-0.408510,0.392211
-0.003016,-0.408510,0.412311
-0.003013,-0.408510,0.452513
-0.003010,-0.408510,0.452513
-0.003006,-0.388410,0.492713
-0.003003,-0.408510,0.512814
-0.003000,-0.408510,0.573115
-0.002997,-0.408510,0.593216
-0.002994,-0.388410,0.613316
-0.002990,-0.408510,0.653517
-0.002987,-0.408510,0.693719
-0.002984,-0.408510,0.713819
-0.002981,-0.408510,0.754020
-0.002978,-0.408510,0.774120
-0.002974,-0.388410,0.814321
-0.002971,-0.388410,0.834422
-0.002968,-0.388410,0.854522
-0.002965,-0.388410,0.854522
-0.002962,-0.388410,0.874623
-0.002958,-0.388410,0.874623
-0.002955,-0.408510,0.874623
-0.002952,-0.388410,0.894724
-0.002949,-0.388410,0.874623
-0.002946,-0.388410,0.854522
-0.002942,-0.388410,0.854522
-0.002939,-0.388410,0.834422
-0.002936,-0.388410,0.794221
-0.002933,-0.388410,0.774120
-0.002930,-0.388410,0.733919
-0.002926,-0.388410,0.713819
-0.002923,-0.388410,0.693719
-0.002920,-0.388410,0.653517
-0.002917,-0.388410,0.613316
-0.002914,-0.388410,0.593216
-0.002910,-0.388410,0.553015
-0.002907,-0.368309,0.512814
-0.002904,-0.368309,0.492713
-0.002901,-0.388410,0.432412
-0.002898,-0.388410,0.432412
-0.002894,-0.368309,0.392211
-0.002891,-0.368309,0.352010
-0.002888,-0.368309,0.331910
-0.002885,-0.368309,0.311809
-0.002882,-0.368309,0.271608
-0.002878,-0.368309,0.251507
-0.002875,-0.368309,0.251507
-0.002872,-0.368309,0.211307
-0.002869,-0.368309,0.191206
-0.002866,-0.368309,0.171106
-0.002862,-0.368309,0.151005
-0.002859,-0.368309,0.130904
-0.002856,-0.368309,0.110804
-0.002853,-0.368309,0.110804
-0.002850,-0.348209,0.070603
-0.002846,-0.348209,0.070603
-0.002843,-0.368309,0.070603
-0.002840,-0.368309,0.050502
-0.002837,-0.368309,0.030402
-0.002834,-0.368309,0.030402
-0.002830,-0.368309,0.010301
-0.002827,-0.368309,0.010301
-0.002824,-0.368309,-0.009799
-0.002821,-0.348209,-0.009799
-0.002818,-0.368309,-0.029900
-0.002814,-0.368309,-0.009799
-0.002811,-0.368309,-0.009799
-0.002808,-0.348209,-0.029900
-0.002805,-0.368309,-0.029900
-0.002802,-0.368309,-0.050000
-0.002798,-0.348209,-0.050000
-0.002795,-0.348209,-0.050000
-0.002792,-0.348209,-0.050000
-0.002789,-0.348209,-0.050000
-0.002786,-0.348209,-0.070101
-0.002782,-0.348209,-0.070101
-0.002779,-0.348209,-0.070101
-0.002776,-0.348209,-0.090201
-0.002773,-0.328108,-0.090201
-0.002770,-0.348209,-0.090201
-0.002766,-0.328108,-0.090201
-0.002763,-0.328108,-0.110301
-0.002760,-0.328108,-0.110301
-0.002757,-0.328108,-0.090201
-0.002754,-0.348209,-0.090201
-0.002750,-0.328108,-0.090201
-0.002747,-0.328108,-0.090201
-0.002744,-0.348209,-0.110301
-0.002741,-0.328108,-0.110301
-0.002738,-0.328108,-0.110301
-0.002734,-0.328108,-0.110301
-0.002731,-0.328108,-0.110301
-0.002728,-0.308007,-0.110301
-0.002725,-0.328108,-0.110301
-0.002722,-0.328108,-0.090201
-0.002718,-0.328108,-0.110301
-0.002715,-0.328108,-0.090201
-0.002712,-0.328108,-0.090201
-0.002709,-0.328108,-0.110301
-0.002706,-0.328108,-0.110301
-0.002702,-0.328108,-0.110301
-0.002699,-0.328108,-0.110301
-0.002696,-0.328108,-0.110301
-0.002693,-0.308007,-0.130402
-0.002690,-0.308007,-0.130402
-0.002686,-0.328108,-0.130402
-0.002683,-0.308007,-0.110301
-0.002680,-0.328108,-0.130402
-0.002677,-0.308007,-0.110301
-0.002674,-0.308007,-0.130402
-0.002670,-0.328108,-0.130402
-0.002667,-0.328108,-0.130402
-0.002664,-0.308007,-0.130402
-0.002661,-0.308007,-0.130402
-0.002658,-0.308007,-0.130402
-0.002654,-0.308007,-0.130402
-0.002651,-0.308007,-0.130402
-0.002648,-0.308007,-0.130402
-0.002645,-0.308007,-0.150502
-0.002642,-0.287907,-0.110301
-0.002638,-0.287907,-0.130402
-0.002635,-0.308007,-0.130402
-0.002632,-0.287907,-0.110301
-0.002629,-0.308007,-0.130402
-0.002626,-0.308007,-0.130402
-0.002622,-0.287907,-0.130402
-0.002619,-0.308007,-0.130402
-0.002616,-0.287907,-0.130402
-0.002613,-0.287907,-0.130402
-0.002610,-0.287907,-0.130402
-0.002606,-0.287907,-0.110301
-0.002603,-0.287907,-0.130402
-0.002600,-0.287907,-0.130402
-0.002597,-0.287907,-0.130402
-0.002594,-0.287907,-0.130402
-0.002590,-0.287907,-0.130402
-0.002587,-0.287907,-0.130402
-0.002584,-0.287907,-0.130402
-0.002581,-0.287907,-0.130402
-0.002578,-0.308007,-0.150502
-0.002574,-0.267807,-0.150502
-0.002571,-0.287907,-0.150502
-0.002568,-0.287907,-0.150502
-0.002565,-0.287907,-0.150502
-0.002562,-0.287907,-0.150502
-0.002558,-0.287907,-0.150502
-0.002555,-0.287907,-0.150502
-0.002552,-0.287907,-0.150502
-0.002549,-0.267807,-0.150502
-0.002546,-0.287907,-0.150502
-0.002542,-0.287907,-0.150502
-0.002539,-0.287907,-0.150502
-0.002536,-0.287907,-0.150502
-0.002533,-0.267807,-0.150502
-0.002530,-0.287907,-0.170603
-0.002526,-0.287907,-0.150502
-0.002523,-0.287907,-0.150502
-0.002520,-0.287907,-0.130402
-0.002517,-0.267807,-0.150502
-0.002514,-0.267807,-0.130402
-0.002510,-0.267807,-0.170603
-0.002507,-0.267807,-0.150502
-0.002504,-0.267807,-0.150502
-0.002501,-0.267807,-0.150502
-0.002498,-0.267807,-0.150502
-0.002494,-0.267807,-0.150502
-0.002491,-0.267807,-0.150502
-0.002488,-0.267807,-0.150502
-0.002485,-0.267807,-0.130402
-0.002482,-0.267807,-0.150502
-0.002478,-0.267807,-0.130402
-0.002475,-0.267807,-0.130402
-0.002472,-0.267807,-0.150502
-0.002469,-0.247706,-0.110301
-0.002466,-0.247706,-0.130402
-0.002462,-0.267807,-0.110301
-0.002459,-0.267807,-0.130402
-0.002456,-0.267807,-0.130402
-0.002453,-0.267807,-0.110301
-0.002450,-0.267807,-0.110301
-0.002446,-0.247706,-0.110301
-0.002443,-0.247706,-0.110301
-0.002440,-0.267807,-0.130402
-0.002437,-0.247706,-0.130402
-0.002434,-0.247706,-0.130402
-0.002430,-0.247706,-0.130402
-0.002427,-0.247706,-0.130402
-0.002424,-0.247706,-0.130402
-0.002421,-0.247706,-0.130402
-0.002418,-0.247706,-0.130402
-0.002414,-0.247706,-0.150502
-0.002411,-0.247706,-0.130402
-0.002408,-0.227606,-0.130402
-0.002405,-0.247706,-0.130402
-0.002402,-0.247706,-0.130402
-0.002398,-0.247706,-0.150502
-0.002395,-0.227606,-0.130402
-0.002392,-0.227606,-0.130402
-0.002389,-0.227606,-0.110301
-0.002386,-0.227606,-0.110301
-0.002382,-0.247706,-0.110301
-0.002379,-0.227606,-0.110301
-0.002376,-0.247706,-0.110301
-0.002373,-0.227606,-0.110301
-0.002370,-0.227606,-0.110301
-0.002366,-0.227606,-0.110301
-0.002363,-0.227606,-0.110301
-0.002360,-0.227606,-0.090201
-0.002357,-0.227606,-0.110301
-0.002354,-0.227606,-0.130402
-0.002350,-0.227606,-0.090201
-0.002347,-0.207505,-0.110301
-0.002344,-0.227606,-0.110301
-0.002341,-0.227606,-0.110301
-0.002338,-0.227606,-0.130402
-0.002334,-0.227606,-0.110301
-0.002331,-0.227606,-0.130402
-0.002328,-0.227606,-0.130402
-0.002325,-0.207505,-0.110301
-0.002322,-0.207505,-0.110301
-0.002318,-0.227606,-0.110301
-0.002315,-0.227606,-0.130402
-0.002312,-0.227606,-0.110301
-0.002309,-0.207505,-0.130402
-0.002306,-0.207505,-0.130402
-0.002302,-0.227606,-0.130402
-0.002299,-0.207505,-0.130402
-0.002296,-0.207505,-0.130402
-0.002293,-0.227606,-0.130402
-0.002290,-0.207505,-0.130402
-0.002286,-0.207505,-0.130402
-0.002283,-0.227606,-0.130402
-0.002280,-0.207505,-0.130402
-0.002277,-0.207505,-0.130402
-0.002274,-0.207505,-0.130402
-0.002270,-0.207505,-0.130402
-0.002267,-0.207505,-0.110301
-0.002264,-0.207505,-0.110301
-0.002261,-0.207505,-0.110301
-0.002258,-0.207505,-0.110301
-0.002254,-0.207505,-0.110301
-0.002251,-0.207505,-0.110301
-0.002248,-0.207505,-0.110301
-0.002245,-0.187405,-0.090201
-0.002242,-0.187405,-0.110301
-0.002238,-0.207505,-0.110301
-0.002235,-0.207505,-0.110301
-0.002232,-0.207505,-0.130402
-0.002229,-0.187405,-0.110301
-0.002226,-0.187405,-0.130402
-0.002222,-0.207505,-0.150502
-0.002219,-0.187405,-0.130402
-0.002216,-0.207505,-0.130402
-0.002213,-0.187405,-0.130402
-0.002210,-0.207505,-0.130402
-0.002206,-0.187405,-0.130402
-0.002203,-0.187405,-0.150502
-0.002200,-0.187405,-0.130402
-0.002197,-0.187405,-0.130402
-0.002194,-0.187405,-0.150502
-0.002190,-0.187405,-0.130402
-0.002187,-0.187405,-0.130402
-0.002184,-0.167304,-0.130402
-0.002181,-0.167304,-0.150502
-0.002178,-0.187405,-0.150502
-0.002174,-0.187405,-0.150502
-0.002171,-0.167304,-0.150502
-0.002168,-0.187405,-0.150502
-0.002165,-0.187405,-0.150502
-0.002162,-0.167304,-0.150502
-0.002158,-0.187405,-0.130402
-0.002155,-0.187405,-0.150502
-0.002152,-0.187405,-0.130402
-0.002149,-0.167304,-0.150502
-0.002146,-0.167304,-0.130402
-0.002142,-0.167304,-0.150502
-0.002139,-0.167304,-0.150502
-0.002136,-0.167304,-0.150502
-0.002133,-0.167304,-0.150502
-0.002130,-0.167304,-0.130402
-0.002126,-0.147204,-0.150502
-0.002123,-0.167304,-0.130402
-0.002120,-0.187405,-0.130402
-0.002117,-0.167304,-0.110301
-0.002114,-0.167304,-0.110301
-0.002110,-0.147204,-0.130402
-0.002107,-0.167304,-0.130402
-0.002104,-0.167304,-0.110301
-0.002101,-0.167304,-0.110301
-0.002098,-0.147204,-0.110301
-0.002094,-0.167304,-0.110301
-0.002091,-0.167304,-0.110301
-0.002088,-0.167304,-0.110301
-0.002085,-0.167304,-0.110301
-0.002082,-0.167304,-0.110301
-0.002078,-0.167304,-0.110301
-0.002075,-0.147204,-0.110301
-0.002072,-0.167304,-0.110301
-0.002069,-0.167304,-0.090201
-0.002066,-0.167304,-0.110301
-0.002062,-0.147204,-0.110301
-0.002059,-0.147204,-0.110301
-0.002056,-0.147204,-0.110301
-0.002053,-0.147204,-0.090201
-0.002050,-0.147204,-0.110301
-0.002046,-0.147204,-0.110301
-0.002043,-0.167304,-0.110301
-0.002040,-0.147204,-0.090201
-0.002037,-0.147204,-0.110301
-0.002034,-0.147204,-0.110301
-0.002030,-0.147204,-0.110301
-0.002027,-0.147204,-0.110301
-0.002024,-0.147204,-0.110301
-0.002021,-0.147204,-0.110301
-0.002018,-0.127103,-0.090201
-0.002014,-0.127103,-0.090201
-0.002011,-0.147204,-0.090201
-0.002008,-0.147204,-0.090201
-0.002005,-0.147204,-0.090201
-0.002002,-0.147204,-0.070101
-0.001998,-0.147204,-0.070101
-0.001995,-0.127103,-0.070101
-0.001992,-0.147204,-0.070101
-0.001989,-0.127103,-0.070101
-0.001986,-0.147204,-0.070101
-0.001982,-0.147204,-0.070101
-0.001979,-0.127103,-0.090201
-0.001976,-0.127103,-0.070101
-0.001973,-0.127103,-0.070101
-0.001970,-0.147204,-0.090201
-0.001966,-0.127103,-0.090201
-0.001963,-0.127103,-0.070101
-0.001960,-0.127103,-0.070101
-0.001957,-0.127103,-0.090201
-0.001954,-0.127103,-0.090201
-0.001950,-0.127103,-0.090201
-0.001947,-0.127103,-0.090201
-0.001944,-0.127103,-0.090201
-0.001941,-0.107003,-0.070101
-0.001938,-0.107003,-0.110301
-0.001934,-0.107003,-0.090201
-0.001931,-0.107003,-0.110301
-0.001928,-0.127103,-0.110301
-0.001925,-0.127103,-0.110301
-0.001922,-0.107003,-0.090201
-0.001918,-0.127103,-0.090201
-0.001915,-0.107003,-0.110301
-0.001912,-0.107003,-0.090201
-0.001909,-0.107003,-0.090201
-0.001906,-0.127103,-0.110301
-0.001902,-0.107003,-0.110301
-0.001899,-0.107003,-0.110301
-0.001896,-0.107003,-0.090201
-0.001893,-0.107003,-0.110301
-0.001890,-0.107003,-0.110301
-0.001886,-0.107003,-0.110301
-0.001883,-0.107003,-0.090201
-0.001880,-0.107003,-0.110301
-0.001877,-0.107003,-0.090201
-0.001874,-0.107003,-0.090201
-0.001870,-0.107003,-0.090201
-0.001867,-0.107003,-0.090201
-0.001864,-0.107003,-0.090201
-0.001861,-0.107003,-0.090201
-0.001858,-0.107003,-0.090201
-0.001854,-0.107003,-0.090201
-0.001851,-0.107003,-0.090201
-0.001848,-0.107003,-0.090201
-0.001845,-0.086902,-0.090201
-0.001842,-0.086902,-0.090201
-0.001838,-0.107003,-0.090201
-0.001835,-0.107003,-0.090201
-0.001832,-0.086902,-0.110301
-0.001829,-0.086902,-0.090201
-0.001826,-0.086902,-0.110301
-0.001822,-0.086902,-0.090201
-0.001819,-0.086902,-0.090201
-0.001816,-0.107003,-0.090201
-0.001813,-0.086902,-0.090201
-0.001810,-0.086902,-0.090201
-0.001806,-0.086902,-0.090201
-0.001803,-0.086902,-0.090201
-0.001800,-0.086902,-0.090201
-0.001797,-0.086902,-0.090201
-0.001794,-0.086902,-0.090201
-0.001790,-0.086902,-0.110301
-0.001787,-0.086902,-0.110301
-0.001784,-0.086902,-0.090201
-0.001781,-0.086902,-0.110301
-0.001778,-0.086902,-0.110301
-0.001774,-0.086902,-0.110301
-0.001771,-0.086902,-0.110301
-0.001768,-0.066801,-0.090201
-0.001765,-0.086902,-0.110301
-0.001762,-0.066801,-0.090201
-0.001758,-0.086902,-0.110301
-0.001755,-0.066801,-0.110301
-0.001752,-0.086902,-0.090201
-0.001749,-0.066801,-0.090201
-0.001746,-0.066801,-0.090201
-0.001742,-0.066801,-0.090201
-0.001739,-0.066801,-0.110301
-0.001736,-0.066801,-0.110301
-0.001733,-0.066801,-0.110301
-0.001730,-0.066801,-0.110301
-0.001726,-0.086902,-0.090201
-0.001723,-0.066801,-0.110301
-0.001720,-0.066801,-0.110301
-0.001717,-0.066801,-0.090201
-0.001714,-0.066801,-0.090201
-0.001710,-0.066801,-0.090201
-0.001707,-0.066801,-0.090201
-0.001704,-0.066801,-0.090201
-0.001701,-0.066801,-0.090201
-0.001698,-0.046701,-0.090201
-0.001694,-0.066801,-0.090201
-0.001691,-0.066801,-0.110301
-0.001688,-0.066801,-0.110301
-0.001685,-0.066801,-0.110301
-0.001682,-0.066801,-0.110301
-0.001678,-0.046701,-0.110301
-0.001675,-0.046701,-0.110301
-0.001672,-0.046701,-0.110301
-0.001669,-0.046701,-0.110301
-0.001666,-0.046701,-0.110301
-0.001662,-0.046701,-0.090201
-0.001659,-0.046701,-0.090201
-0.001656,-0.046701,-0.110301
-0.001653,-0.046701,-0.110301
-0.001650,-0.046701,-0.110301
-0.001646,-0.046701,-0.110301
-0.001643,-0.046701,-0.090201
-0.001640,-0.026600,-0.090201
-0.001637,-0.046701,-0.090201
-0.001634,-0.046701,-0.090201
-0.001630,-0.046701,-0.090201
-0.001627,-0.026600,-0.070101
-0.001624,-0.046701,-0.070101
-0.001621,-0.046701,-0.070101
-0.001618,-0.026600,-0.070101
-0.001614,-0.046701,-0.070101
-0.001611,-0.026600,-0.070101
-0.001608,-0.046701,-0.070101
-0.001605,-0.026600,-0.070101
-0.001602,-0.046701,-0.070101
-0.001598,-0.026600,-0.070101
-0.001595,-0.026600,-0.070101
-0.001592,-0.026600,-0.070101
-0.001589,-0.026600,-0.070101
-0.001586,-0.026600,-0.070101
-0.001582,-0.026600,-0.050000
-0.001579,-0.046701,-0.050000
-0.001576,-0.026600,-0.050000
-0.001573,-0.026600,-0.070101
-0.001570,-0.026600,-0.050000
-0.001566,-0.026600,-0.070101
-0.001563,-0.046701,-0.050000
-0.001560,-0.026600,-0.070101
-0.001557,-0.026600,-0.070101
-0.001554,-0.026600,-0.070101
-0.001550,-0.026600,-0.070101
-0.001547,-0.026600,-0.070101
-0.001544,-0.026600,-0.070101
-0.001541,-0.026600,-0.070101
-0.001538,-0.026600,-0.050000
-0.001534,-0.006500,-0.070101
-0.001531,-0.026600,-0.070101
-0.001528,-0.006500,-0.050000
-0.001525,-0.026600,-0.070101
-0.001522,-0.006500,-0.050000
-0.001518,-0.026600,-0.070101
-0.001515,-0.006500,-0.050000
-0.001512,-0.026600,-0.050000
-0.001509,-0.006500,-0.050000
-0.001506,-0.006500,-0.050000
-0.001502,-0.006500,-0.050000
-0.001499,-0.006500,-0.050000
-0.001496,-0.006500,-0.050000
-0.001493,-0.006500,-0.050000
-0.001490,-0.006500,-0.050000
-0.001486,-0.006500,-0.070101
-0.001483,-0.006500,-0.050000
-0.001480,-0.006500,-0.050000
-0.001477,-0.006500,-0.029900
-0.001474,-0.006500,-0.050000
-0.001470,-0.006500,-0.029900
-0.001467,-0.006500,-0.050000
-0.001464,-0.006500,-0.029900
-0.001461,-0.006500,-0.050000
-0.001458,-0.006500,-0.050000
-0.001454,0.013601,-0.050000
-0.001451,-0.006500,-0.050000
-0.001448,-0.006500,-0.050000
-0.001445,0.013601,-0.050000
-0.001442,-0.006500,-0.050000
-0.001438,-0.006500,-0.050000
-0.001435,0.013601,-0.050000
-0.001432,0.013601,-0.050000
-0.001429,-0.006500,-0.050000
-0.001426,-0.006500,-0.050000
-0.001422,0.013601,-0.029900
-0.001419,0.013601,-0.029900
-0.001416,-0.006500,-0.050000
-0.001413,0.013601,-0.070101
-0.001410,0.013601,-0.070101
-0.001406,0.013601,-0.050000
-0.001403,0.013601,-0.050000
-0.001400,0.013601,-0.050000
-0.001397,0.013601,-0.050000
-0.001394,0.013601,-0.050000
-0.001390,0.013601,-0.050000
-0.001387,0.013601,-0.050000
-0.001384,0.013601,-0.050000
-0.001381,0.033701,-0.070101
-0.001378,0.013601,-0.050000
-0.001374,0.013601,-0.050000
-0.001371,0.013601,-0.050000
-0.001368,0.013601,-0.029900
-0.001365,0.013601,-0.050000
-0.001362,0.033701,-0.050000
-0.001358,0.033701,-0.050000
-0.001355,0.033701,-0.070101
-0.001352,0.033701,-0.050000
-0.001349,0.033701,-0.050000
-0.001346,0.033701,-0.050000
-0.001342,0.013601,-0.050000
-0.001339,0.033701,-0.029900
-0.001336,0.013601,-0.029900
-0.001333,0.013601,-0.009799
-0.001330,0.033701,-0.029900
-0.001326,0.033701,-0.029900
-0.001323,0.033701,-0.029900
-0.001320,0.033701,-0.029900
-0.001317,0.033701,-0.029900
-0.001314,0.053802,-0.029900
-0.001310,0.033701,-0.050000
-0.001307,0.033701,-0.029900
-0.001304,0.033701,-0.050000
-0.001301,0.033701,-0.029900
-0.001298,0.033701,-0.050000
-0.001294,0.033701,-0.070101
-0.001291,0.033701,-0.050000
-0.001288,0.053802,-0.050000
-0.001285,0.033701,-0.050000
-0.001282,0.033701,-0.029900
-0.001278,0.053802,-0.050000
-0.001275,0.053802,-0.050000
-0.001272,0.053802,-0.050000
-0.001269,0.033701,-0.029900
-0.001266,0.053802,-0.029900
-0.001262,0.053802,-0.029900
-0.001259,0.053802,-0.050000
-0.001256,0.033701,-0.029900
-0.001253,0.053802,-0.050000
-0.001250,0.053802,-0.029900
-0.001246,0.053802,-0.029900
-0.001243,0.053802,-0.050000
-0.001240,0.053802,-0.050000
-0.001237,0.053802,-0.029900
-0.001234,0.053802,-0.029900
-0.001230,0.053802,-0.050000
-0.001227,0.053802,-0.050000
-0.001224,0.053802,-0.050000
-0.001221,0.053802,-0.029900
-0.001218,0.053802,-0.050000
-0.001214,0.053802,-0.050000
-0.001211,0.053802,-0.050000
-0.001208,0.053802,-0.050000
-0.001205,0.053802,-0.050000
-0.001202,0.053802,-0.050000
-0.001198,0.073902,-0.050000
-0.001195,0.053802,-0.050000
-0.001192,0.053802,-0.050000
-0.001189,0.053802,-0.050000
-0.001186,0.053802,-0.029900
-0.001182,0.073902,-0.029900
-0.001179,0.073902,-0.029900
-0.001176,0.073902,-0.009799
-0.001173,0.073902,-0.029900
-0.001170,0.073902,-0.029900
-0.001166,0.053802,-0.029900
-0.001163,0.073902,-0.029900
-0.001160,0.073902,-0.029900
-0.001157,0.073902,-0.029900
-0.001154,0.073902,-0.050000
-0.001150,0.073902,-0.029900
-0.001147,0.073902,-0.029900
-0.001144,0.094002,-0.029900
-0.001141,0.073902,-0.029900
-0.001138,0.073902,-0.029900
-0.001134,0.094002,-0.029900
-0.001131,0.073902,-0.029900
-0.001128,0.073902,-0.050000
-0.001125,0.073902,-0.029900
-0.001122,0.094002,-0.029900
-0.001118,0.073902,-0.029900
-0.001115,0.073902,-0.029900
-0.001112,0.073902,-0.029900
-0.001109,0.094002,-0.029900
-0.001106,0.094002,-0.009799
-0.001102,0.094002,-0.029900
-0.001099,0.094002,-0.050000
-0.001096,0.094002,-0.050000
-0.001093,0.094002,-0.029900
-0.001090,0.094002,-0.050000
-0.001086,0.094002,-0.029900
-0.001083,0.094002,-0.050000
-0.001080,0.094002,-0.050000
-0.001077,0.094002,-0.029900
-0.001074,0.094002,-0.029900
-0.001070,0.114103,-0.029900
-0.001067,0.094002,-0.029900
-0.001064,0.094002,-0.029900
-0.001061,0.114103,-0.029900
-0.001058,0.114103,-0.029900
-0.001054,0.094002,-0.050000
-0.001051,0.094002,-0.029900
-0.001048,0.094002,-0.029900
-0.001045,0.114103,-0.029900
-0.001042,0.114103,-0.029900
-0.001038,0.114103,-0.029900
-0.001035,0.094002,-0.029900
-0.001032,0.114103,-0.009799
-0.001029,0.114103,-0.009799
-0.001026,0.114103,-0.029900
-0.001022,0.094002,-0.029900
-0.001019,0.114103,-0.050000
-0.001016,0.114103,-0.029900
-0.001013,0.114103,-0.029900
-0.001010,0.114103,-0.029900
-0.001006,0.114103,-0.029900
-0.001003,0.114103,-0.029900
-0.001000,0.114103,-0.009799
-0.000997,0.114103,-0.050000
-0.000994,0.114103,-0.029900
-0.000990,0.114103,-0.029900
-0.000987,0.134204,-0.050000
-0.000984,0.134204,-0.029900
-0.000981,0.134204,-0.029900
-0.000978,0.134204,-0.029900
-0.000974,0.114103,-0.029900
-0.000971,0.134204,-0.029900
-0.000968,0.134204,-0.009799
-0.000965,0.134204,-0.009799
-0.000962,0.134204,-0.029900
-0.000958,0.134204,-0.029900
-0.000955,0.134204,-0.009799
-0.000952,0.134204,-0.029900
-0.000949,0.134204,-0.029900
-0.000946,0.134204,-0.029900
-0.000942,0.134204,-0.029900
-0.000939,0.134204,-0.029900
-0.000936,0.134204,-0.029900
-0.000933,0.134204,-0.029900
-0.000930,0.114103,-0.029900
-0.000926,0.134204,-0.050000
-0.000923,0.134204,-0.029900
-0.000920,0.134204,-0.029900
-0.000917,0.154304,-0.029900
-0.000914,0.134204,-0.029900
-0.000910,0.134204,-0.029900
-0.000907,0.134204,-0.029900
-0.000904,0.134204,-0.029900
-0.000901,0.154304,-0.029900
-0.000898,0.134204,-0.029900
-0.000894,0.154304,-0.029900
-0.000891,0.134204,-0.009799
-0.000888,0.134204,-0.050000
-0.000885,0.154304,-0.029900
-0.000882,0.134204,-0.029900
-0.000878,0.154304,-0.029900
-0.000875,0.154304,-0.029900
-0.000872,0.154304,-0.009799
-0.000869,0.154304,-0.029900
-0.000866,0.134204,-0.029900
-0.000862,0.154304,-0.009799
-0.000859,0.154304,-0.009799
-0.000856,0.154304,-0.009799
-0.000853,0.154304,-0.009799
-0.000850,0.154304,-0.009799
-0.000846,0.154304,-0.009799
-0.000843,0.154304,-0.029900
-0.000840,0.154304,-0.029900
-0.000837,0.154304,-0.009799
-0.000834,0.154304,-0.029900
-0.000830,0.154304,-0.029900
-0.000827,0.154304,-0.029900
-0.000824,0.154304,-0.029900
-0.000821,0.174404,-0.009799
-0.000818,0.174404,-0.029900
-0.000814,0.154304,-0.029900
-0.000811,0.174404,-0.009799
-0.000808,0.174404,-0.009799
-0.000805,0.174404,-0.009799
-0.000802,0.174404,-0.009799
-0.000798,0.154304,-0.009799
-0.000795,0.194505,-0.009799
-0.000792,0.174404,-0.009799
-0.000789,0.174404,-0.009799
-0.000786,0.174404,-0.009799
-0.000782,0.174404,-0.009799
-0.000779,0.174404,-0.009799
-0.000776,0.174404,-0.009799
-0.000773,0.174404,-0.009799
-0.000770,0.194505,-0.009799
-0.000766,0.194505,-0.009799
-0.000763,0.174404,-0.009799
-0.000760,0.174404,-0.009799
-0.000757,0.174404,-0.009799
-0.000754,0.194505,-0.009799
-0.000750,0.194505,-0.009799
-0.000747,0.174404,-0.009799
-0.000744,0.194505,-0.029900
-0.000741,0.194505,0.010301
-0.000738,0.174404,-0.009799
-0.000734,0.194505,-0.009799
-0.000731,0.194505,-0.009799
-0.000728,0.194505,-0.009799
-0.000725,0.194505,-0.009799
-0.000722,0.174404,-0.009799
-0.000718,0.194505,-0.009799
-0.000715,0.194505,-0.009799
-0.000712,0.194505,-0.009799
-0.000709,0.174404,-0.009799
-0.000706,0.214606,0.010301
-0.000702,0.194505,0.010301
-0.000699,0.194505,-0.009799
-0.000696,0.194505,0.010301
-0.000693,0.214606,-0.009799
-0.000690,0.194505,0.010301
-0.000686,0.194505,-0.009799
-0.000683,0.194505,-0.009799
-0.000680,0.194505,-0.009799
-0.000677,0.194505,-0.009799
-0.000674,0.214606,0.010301
-0.000670,0.194505,-0.009799
-0.000667,0.214606,-0.009799
-0.000664,0.214606,-0.009799
-0.000661,0.214606,-0.009799
-0.000658,0.214606,-0.009799
-0.000654,0.194505,-0.009799
-0.000651,0.214606,-0.009799
-0.000648,0.214606,0.010301
-0.000645,0.214606,0.010301
-0.000642,0.214606,-0.009799
-0.000638,0.214606,-0.009799
-0.000635,0.214606,-0.009799
-0.000632,0.214606,0.010301
-0.000629,0.214606,0.030402
-0.000626,0.214606,0.010301
-0.000622,0.214606,0.010301
-0.000619,0.214606,0.010301
-0.000616,0.214606,0.010301
-0.000613,0.214606,0.010301
-0.000610,0.234706,0.030402
-0.000606,0.214606,0.030402
-0.000603,0.214606,0.010301
-0.000600,0.234706,0.030402
-0.000597,0.214606,0.010301
-0.000594,0.214606,0.010301
-0.000590,0.234706,0.010301
-0.000587,0.234706,0.010301
-0.000584,0.214606,0.010301
-0.000581,0.214606,0.010301
-0.000578,0.234706,0.010301
-0.000574,0.234706,0.010301
-0.000571,0.234706,0.010301
-0.000568,0.214606,0.030402
-0.000565,0.214606,0.010301
-0.000562,0.234706,0.010301
-0.000558,0.234706,0.010301
-0.000555,0.234706,0.010301
-0.000552,0.234706,0.010301
-0.000549,0.254806,0.010301
-0.000546,0.234706,0.010301
-0.000542,0.234706,0.010301
-0.000539,0.234706,0.010301
-0.000536,0.234706,0.010301
-0.000533,0.234706,0.010301
-0.000530,0.234706,0.010301
-0.000526,0.234706,0.010301
-0.000523,0.254806,0.010301
-0.000520,0.254806,0.030402
-0.000517,0.234706,0.010301
-0.000514,0.234706,0.010301
-0.000510,0.254806,0.010301
-0.000507,0.254806,0.010301
-0.000504,0.254806,0.010301
-0.000501,0.254806,0.010301
-0.000498,0.234706,0.010301
-0.000494,0.254806,0.010301
-0.000491,0.254806,0.010301
-0.000488,0.254806,0.010301
-0.000485,0.254806,0.030402
-0.000482,0.254806,0.030402
-0.000478,0.234706,0.010301
-0.000475,0.254806,0.010301
-0.000472,0.254806,0.010301
-0.000469,0.254806,0.010301
-0.000466,0.254806,0.010301
-0.000462,0.254806,-0.009799
-0.000459,0.254806,0.010301
-0.000456,0.254806,0.010301
-0.000453,0.274907,0.010301
-0.000450,0.254806,0.030402
-0.000446,0.254806,0.010301
-0.000443,0.274907,0.010301
-0.000440,0.274907,0.010301
-0.000437,0.274907,0.010301
-0.000434,0.274907,0.030402
-0.000430,0.254806,0.010301
-0.000427,0.274907,0.010301
-0.000424,0.274907,0.010301
-0.000421,0.274907,0.010301
-0.000418,0.274907,0.010301
-0.000414,0.274907,0.010301
-0.000411,0.274907,0.010301
-0.000408,0.274907,0.010301
-0.000405,0.274907,0.010301
-0.000402,0.274907,0.010301
-0.000398,0.274907,0.010301
-0.000395,0.274907,0.010301
-0.000392,0.274907,0.010301
-0.000389,0.274907,0.010301
-0.000386,0.274907,-0.009799
-0.000382,0.254806,-0.009799
-0.000379,0.295007,-0.009799
-0.000376,0.295007,0.010301
-0.000373,0.274907,0.010301
-0.000370,0.274907,0.010301
-0.000366,0.274907,0.010301
-0.000363,0.274907,0.010301
-0.000360,0.295007,0.010301
-0.000357,0.295007,0.010301
-0.000354,0.295007,0.010301
-0.000350,0.274907,0.010301
-0.000347,0.295007,0.030402
-0.000344,0.295007,0.010301
-0.000341,0.274907,0.030402
-0.000338,0.295007,0.050502
-0.000334,0.295007,0.030402
-0.000331,0.295007,0.010301
-0.000328,0.295007,0.030402
-0.000325,0.295007,0.030402
-0.000322,0.295007,0.030402
-0.000318,0.295007,0.030402
-0.000315,0.295007,0.050502
-0.000312,0.295007,0.030402
-0.000309,0.315108,0.030402
-0.000306,0.295007,0.030402
-0.000302,0.295007,0.030402
-0.000299,0.315108,0.030402
-0.000296,0.295007,0.030402
-0.000293,0.295007,0.050502
-0.000290,0.295007,0.050502
-0.000286,0.295007,0.050502
-0.000283,0.315108,0.050502
-0.000280,0.274907,0.030402
-0.000277,0.315108,0.050502
-0.000274,0.295007,0.050502
-0.000270,0.295007,0.050502
-0.000267,0.315108,0.050502
-0.000264,0.315108,0.050502
-0.000261,0.315108,0.070603
-0.000258,0.315108,0.050502
-0.000254,0.295007,0.050502
-0.000251,0.315108,0.050502
-0.000248,0.295007,0.050502
-0.000245,0.315108,0.030402
-0.000242,0.315108,0.050502
-0.000238,0.315108,0.050502
-0.000235,0.315108,0.050502
-0.000232,0.315108,0.050502
-0.000229,0.315108,0.050502
-0.000226,0.315108,0.050502
-0.000222,0.315108,0.050502
-0.000219,0.315108,0.050502
-0.000216,0.315108,0.070603
-0.000213,0.315108,0.050502
-0.000210,0.335209,0.090704
-0.000206,0.335209,0.090704
-0.000203,0.335209,0.070603
-0.000200,0.315108,0.070603
-0.000197,0.335209,0.070603
-0.000194,0.335209,0.070603
-0.000190,0.335209,0.070603
-0.000187,0.335209,0.070603
-0.000184,0.315108,0.090704
-0.000181,0.335209,0.090704
-0.000178,0.335209,0.090704
-0.000174,0.335209,0.110804
-0.000171,0.315108,0.090704
-0.000168,0.335209,0.110804
-0.000165,0.335209,0.110804
-0.000162,0.335209,0.110804
-0.000158,0.335209,0.110804
-0.000155,0.335209,0.110804
-0.000152,0.355309,0.110804
-0.000149,0.335209,0.110804
-0.000146,0.335209,0.130904
-0.000142,0.355309,0.130904
-0.000139,0.335209,0.130904
-0.000136,0.355309,0.151005
-0.000133,0.355309,0.151005
-0.000130,0.335209,0.151005
-0.000126,0.335209,0.171106
-0.000123,0.335209,0.171106
-0.000120,0.335209,0.171106
-0.000117,0.355309,0.191206
-0.000114,0.355309,0.191206
-0.000110,0.355309,0.191206
-0.000107,0.355309,0.191206
-0.000104,0.355309,0.211307
-0.000101,0.335209,0.211307
-0.000098,0.355309,0.231407
-0.000094,0.335209,0.231407
-0.000091,0.355309,0.251507
-0.000088,0.355309,0.251507
-0.000085,0.355309,0.271608
-0.000082,0.355309,0.291709
-0.000078,0.355309,0.291709
-0.000075,0.355309,0.291709
-0.000072,0.355309,0.331910
-0.000069,0.355309,0.331910
-0.000066,0.355309,0.331910
-0.000062,0.355309,0.352010
-0.000059,0.355309,0.372111
-0.000056,0.375410,0.392211
-0.000053,0.355309,0.412311
-0.000050,0.355309,0.432412
-0.000046,0.355309,0.452513
-0.000043,0.355309,0.472613
-0.000040,0.375410,0.512814
-0.000037,0.375410,0.532914
-0.000034,0.375410,0.553015
-0.000030,0.375410,0.573115
-0.000027,0.375410,0.613316
-0.000024,0.375410,0.633417
-0.000021,0.375410,0.653517
-0.000018,0.375410,0.693719
-0.000014,0.375410,0.693719
-0.000011,0.375410,0.733919
-0.000008,0.375410,0.754020
-0.000005,0.375410,0.774120
-0.000002,0.375410,0.814321
0.000002,0.375410,0.814321
0.000005,0.375410,0.834422
0.000008,0.395510,0.854522
0.000011,0.395510,0.854522
0.000014,0.375410,0.874623
0.000018,0.375410,0.894724
0.000021,0.375410,0.894724
0.000024,0.375410,0.894724
0.000027,0.395510,0.914824
0.000030,0.395510,0.894724
0.000034,0.375410,0.874623
0.000037,0.395510,0.854522
0.000040,0.395510,0.854522
0.000043,0.375410,0.834422
0.000046,0.395510,0.794221
0.000050,0.395510,0.774120
0.000053,0.395510,0.754020
0.000056,0.375410,0.733919
0.000059,0.395510,0.693719
0.000062,0.395510,0.673618
0.000066,0.395510,0.633417
0.000069,0.395510,0.613316
0.000072,0.395510,0.573115
0.000075,0.395510,0.532914
0.000078,0.395510,0.512814
0.000082,0.415610,0.472613
0.000085,0.395510,0.452513
0.000088,0.395510,0.412311
0.000091,0.395510,0.392211
0.000094,0.395510,0.372111
0.000098,0.395510,0.331910
0.000101,0.415610,0.311809
0.000104,0.395510,0.271608
0.000107,0.395510,0.251507
0.000110,0.415610,0.231407
0.000114,0.395510,0.211307
0.000117,0.415610,0.211307
0.000120,0.415610,0.171106
0.000123,0.395510,0.151005
0.000126,0.415610,0.130904
0.000130,0.415610,0.110804
0.000133,0.395510,0.110804
0.000136,0.415610,0.090704
0.000139,0.415610,0.070603
0.000142,0.415610,0.070603
0.000146,0.415610,0.050502
0.000149,0.415610,0.030402
0.000152,0.415610,0.030402
0.000155,0.415610,0.010301
0.000158,0.415610,0.010301
0.000162,0.415610,0.010301
0.000165,0.415610,0.010301
0.000168,0.415610,-0.009799
0.000171,0.415610,-0.029900
0.000174,0.415610,-0.029900
0.000178,0.415610,-0.029900
0.000181,0.415610,-0.029900
0.000184,0.415610,-0.050000
0.000187,0.415610,-0.050000
0.000190,0.435711,-0.070101
0.000194,0.435711,-0.070101
0.000197,0.415610,-0.090201
0.000200,0.415610,-0.090201
0.000203,0.435711,-0.090201
0.000206,0.435711,-0.110301
0.000210,0.415610,-0.090201
0.000213,0.435711,-0.110301
0.000216,0.415610,-0.110301
0.000219,0.435711,-0.110301
0.000222,0.435711,-0.110301
0.000226,0.435711,-0.110301
0.000229,0.435711,-0.110301
0.000232,0.435711,-0.130402
0.000235,0.435711,-0.110301
0.000238,0.435711,-0.130402
0.000242,0.435711,-0.130402
0.000245,0.455811,-0.110301
0.000248,0.435711,-0.130402
0.000251,0.435711,-0.110301
0.000254,0.435711,-0.130402
0.000258,0.435711,-0.110301
0.000261,0.435711,-0.130402
0.000264,0.455811,-0.130402
0.000267,0.435711,-0.150502
0.000270,0.435711,-0.130402
0.000274,0.455811,-0.130402
0.000277,0.435711,-0.150502
0.000280,0.435711,-0.130402
0.000283,0.455811,-0.150502
0.000286,0.455811,-0.130402
0.000290,0.435711,-0.130402
0.000293,0.455811,-0.150502
0.000296,0.455811,-0.130402
0.000299,0.455811,-0.150502
0.000302,0.455811,-0.150502
0.000306,0.455811,-0.150502
0.000309,0.455811,-0.150502
0.000312,0.455811,-0.170603
0.000315,0.455811,-0.150502
0.000318,0.435711,-0.150502
0.000322,0.455811,-0.150502
0.000325,0.455811,-0.150502
0.000328,0.475912,-0.150502
0.000331,0.455811,-0.150502
0.000334,0.455811,-0.150502
0.000338,0.455811,-0.150502
0.000341,0.455811,-0.130402
0.000344,0.455811,-0.150502
0.000347,0.455811,-0.150502
0.000350,0.455811,-0.130402
0.000354,0.475912,-0.150502
0.000357,0.475912,-0.130402
0.000360,0.455811,-0.130402
0.000363,0.475912,-0.130402
0.000366,0.475912,-0.150502
0.000370,0.475912,-0.130402
0.000373,0.475912,-0.130402
0.000376,0.475912,-0.130402
0.000379,0.475912,-0.130402
0.000382,0.475912,-0.130402
0.000386,0.475912,-0.130402
0.000389,0.455811,-0.130402
0.000392,0.475912,-0.130402
0.000395,0.475912,-0.110301
0.000398,0.475912,-0.150502
0.000402,0.475912,-0.150502
0.000405,0.475912,-0.130402
0.000408,0.475912,-0.130402
0.000411,0.475912,-0.130402
0.000414,0.496013,-0.130402
0.000418,0.475912,-0.130402
0.000421,0.475912,-0.130402
0.000424,0.475912,-0.130402
0.000427,0.475912,-0.130402
0.000430,0.475912,-0.130402
0.000434,0.475912,-0.130402
0.000437,0.496013,-0.130402
0.000440,0.496013,-0.150502
0.000443,0.496013,-0.150502
0.000446,0.496013,-0.150502
0.000450,0.496013,-0.150502
0.000453,0.496013,-0.150502
0.000456,0.496013,-0.130402
0.000459,0.496013,-0.150502
0.000462,0.496013,-0.150502
0.000466,0.496013,-0.150502
0.000469,0.496013,-0.150502
0.000472,0.496013,-0.150502
0.000475,0.496013,-0.150502
0.000478,0.496013,-0.150502
0.000482,0.496013,-0.150502
0.000485,0.496013,-0.150502
0.000488,0.496013,-0.170603
0.000491,0.496013,-0.150502
0.000494,0.516113,-0.150502
0.000498,0.496013,-0.150502
0.000501,0.496013,-0.150502
0.000504,0.496013,-0.150502
0.000507,0.496013,-0.150502
0.000510,0.496013,-0.150502
0.000514,0.496013,-0.150502
0.000517,0.516113,-0.150502
0.000520,0.516113,-0.170603
0.000523,0.516113,-0.150502
0.000526,0.516113,-0.150502
0.000530,0.496013,-0.150502
0.000533,0.496013,-0.150502
0.000536,0.516113,-0.170603
0.000539,0.516113,-0.150502
0.000542,0.516113,-0.150502
0.000546,0.516113,-0.170603
0.000549,0.516113,-0.150502
0.000552,0.516113,-0.150502
0.000555,0.516113,-0.150502
0.000558,0.516113,-0.150502
0.000562,0.516113,-0.150502
0.000565,0.516113,-0.150502
0.000568,0.516113,-0.150502
0.000571,0.536214,-0.150502
0.000574,0.516113,-0.150502
0.000578,0.516113,-0.150502
0.000581,0.516113,-0.150502
0.000584,0.516113,-0.150502
0.000587,0.536214,-0.150502
0.000590,0.516113,-0.150502
0.000594,0.516113,-0.150502
0.000597,0.536214,-0.130402
0.000600,0.516113,-0.150502
0.000603,0.536214,-0.130402
0.000606,0.536214,-0.130402
0.000610,0.536214,-0.130402
0.000613,0.536214,-0.130402
0.000616,0.536214,-0.130402
0.000619,0.536214,-0.130402
0.000622,0.536214,-0.130402
0.000626,0.536214,-0.130402
0.000629,0.536214,-0.150502
0.000632,0.536214,-0.150502
0.000635,0.536214,-0.150502
0.000638,0.536214,-0.150502
0.000642,0.536214,-0.130402
0.000645,0.536214,-0.130402
0.000648,0.536214,-0.130402
0.000651,0.536214,-0.130402
0.000654,0.536214,-0.130402
0.000658,0.536214,-0.130402
0.000661,0.556314,-0.130402
0.000664,0.556314,-0.130402
0.000667,0.536214,-0.130402
0.000670,0.556314,-0.150502
0.000674,0.536214,-0.150502
0.000677,0.556314,-0.150502
0.000680,0.556314,-0.150502
0.000683,0.556314,-0.130402
0.000686,0.536214,-0.150502
0.000690,0.556314,-0.150502
0.000693,0.536214,-0.150502
0.000696,0.556314,-0.150502
0.000699,0.556314,-0.150502
0.000702,0.556314,-0.150502
0.000706,0.556314,-0.150502
0.000709,0.556314,-0.150502
0.000712,0.556314,-0.150502
0.000715,0.556314,-0.150502
0.000718,0.556314,-0.150502
0.000722,0.576415,-0.150502
0.000725,0.556314,-0.130402
0.000728,0.576415,-0.130402
0.000731,0.556314,-0.150502
0.000734,0.556314,-0.150502
0.000738,0.556314,-0.150502
0.000741,0.576415,-0.130402
0.000744,0.576415,-0.150502
0.000747,0.556314,-0.150502
0.000750,0.576415,-0.150502
0.000754,0.556314,-0.170603
0.000757,0.576415,-0.150502
0.000760,0.576415,-0.150502
0.000763,0.576415,-0.170603
0.000766,0.576415,-0.170603
0.000770,0.556314,-0.150502
0.000773,0.576415,-0.170603
0.000776,0.576415,-0.150502
0.000779,0.576415,-0.150502
0.000782,0.576415,-0.150502
0.000786,0.576415,-0.130402
0.000789,0.576415,-0.150502
0.000792,0.576415,-0.130402
0.000795,0.596515,-0.130402
0.000798,0.596515,-0.130402
0.000802,0.576415,-0.130402
0.000805,0.596515,-0.110301
0.000808,0.576415,-0.110301
0.000811,0.576415,-0.110301
0.000814,0.576415,-0.110301
0.000818,0.596515,-0.130402
0.000821,0.596515,-0.110301
0.000824,0.596515,-0.110301
0.000827,0.596515,-0.110301
0.000830,0.576415,-0.110301
0.000834,0.596515,-0.110301
0.000837,0.596515,-0.110301
0.000840,0.596515,-0.110301
0.000843,0.596515,-0.110301
0.000846,0.596515,-0.110301
0.000850,0.596515,-0.090201
0.000853,0.576415,-0.110301
0.000856,0.596515,-0.110301
0.000859,0.596515,-0.110301
0.000862,0.596515,-0.110301
0.000866,0.596515,-0.110301
0.000869,0.596515,-0.110301
0.000872,0.596515,-0.090201
0.000875,0.596515,-0.090201
0.000878,0.596515,-0.090201
0.000882,0.616616,-0.090201
0.000885,0.596515,-0.090201
0.000888,0.596515,-0.090201
0.000891,0.596515,-0.070101
0.000894,0.596515,-0.090201
0.000898,0.596515,-0.090201
0.000901,0.616616,-0.090201
0.000904,0.616616,-0.090201
0.000907,0.616616,-0.090201
0.000910,0.596515,-0.090201
0.000914,0.596515,-0.090201
0.000917,0.596515,-0.090201
0.000920,0.616616,-0.090201
0.000923,0.596515,-0.090201
0.000926,0.616616,-0.090201
0.000930,0.616616,-0.090201
0.000933,0.616616,-0.070101
0.000936,0.596515,-0.090201
0.000939,0.616616,-0.070101
0.000942,0.616616,-0.090201
0.000946,0.616616,-0.070101
0.000949,0.616616,-0.090201
0.000952,0.616616,-0.090201
0.000955,0.616616,-0.070101
0.000958,0.616616,-0.090201
0.000962,0.616616,-0.090201
0.000965,0.616616,-0.070101
0.000968,0.616616,-0.090201
0.000971,0.616616,-0.090201
0.000974,0.616616,-0.090201
0.000978,0.636716,-0.070101
0.000981,0.616616,-0.090201
0.000984,0.616616,-0.070101
0.000987,0.636716,-0.070101
0.000990,0.616616,-0.090201
0.000994,0.636716,-0.070101
0.000997,0.616616,-0.090201
0.001000,0.636716,-0.070101
0.001003,0.616616,-0.070101
0.001006,0.636716,-0.090201
0.001010,0.636716,-0.090201
0.001013,0.636716,-0.070101
0.001016,0.616616,-0.090201
0.001019,0.636716,-0.070101
0.001022,0.636716,-0.090201
0.001026,0.636716,-0.070101
0.001029,0.636716,-0.090201
0.001032,0.636716,-0.090201
0.001035,0.636716,-0.090201
0.001038,0.636716,-0.090201
0.001042,0.636716,-0.090201
0.001045,0.636716,-0.070101
0.001048,0.636716,-0.090201
0.001051,0.636716,-0.090201
0.001054,0.636716,-0.070101
0.001058,0.636716,-0.090201
0.001061,0.636716,-0.070101
0.001064,0.636716,-0.090201
0.001067,0.636716,-0.090201
0.001070,0.636716,-0.090201
0.001074,0.636716,-0.090201
0.001077,0.636716,-0.090201
0.001080,0.636716,-0.090201
0.001083,0.636716,-0.090201
0.001086,0.636716,-0.090201
0.001090,0.656817,-0.070101
0.001093,0.636716,-0.090201
0.001096,0.656817,-0.090201
0.001099,0.656817,-0.090201
0.001102,0.656817,-0.070101
0.001106,0.656817,-0.090201
0.001109,0.656817,-0.070101
0.001112,0.656817,-0.070101
0.001115,0.656817,-0.070101
0.001118,0.656817,-0.070101
0.001122,0.656817,-0.070101
0.001125,0.656817,-0.070101
0.001128,0.656817,-0.070101
0.001131,0.656817,-0.070101
0.001134,0.656817,-0.070101
0.001138,0.656817,-0.070101
0.001141,0.656817,-0.090201
0.001144,0.656817,-0.070101
0.001147,0.656817,-0.070101
0.001150,0.656817,-0.070101
0.001154,0.656817,-0.090201
0.001157,0.676917,-0.070101
0.001160,0.656817,-0.070101
0.001163,0.656817,-0.070101
0.001166,0.656817,-0.070101
0.001170,0.656817,-0.070101
0.001173,0.656817,-0.070101
0.001176,0.656817,-0.070101
0.001179,0.656817,-0.050000
0.001182,0.656817,-0.070101
0.001186,0.656817,-0.050000
0.001189,0.676917,-0.050000
0.001192,0.676917,-0.050000
0.001195,0.656817,-0.070101
0.001198,0.676917,-0.050000
0.001202,0.656817,-0.050000
0.001205,0.676917,-0.070101
0.001208,0.676917,-0.050000
0.001211,0.676917,-0.050000
0.001214,0.676917,-0.070101
0.001218,0.656817,-0.050000
0.001221,0.676917,-0.050000
0.001224,0.676917,-0.050000
0.001227,0.676917,-0.050000
0.001230,0.676917,-0.050000
0.001234,0.697018,-0.050000
0.001237,0.676917,-0.050000
0.001240,0.676917,-0.029900
0.001243,0.676917,-0.050000
0.001246,0.676917,-0.050000
0.001250,0.676917,-0.050000
0.001253,0.676917,-0.050000
0.001256,0.676917,-0.029900
0.001259,0.676917,-0.050000
0.001262,0.676917,-0.050000
0.001266,0.676917,-0.029900
0.001269,0.676917,-0.029900
0.001272,0.676917,-0.029900
0.001275,0.697018,-0.050000
0.001278,0.697018,-0.029900
0.001282,0.697018,-0.050000
0.001285,0.676917,-0.029900
0.001288,0.697018,-0.029900
0.001291,0.697018,-0.050000
0.001294,0.717118,-0.050000
0.001298,0.676917,-0.029900
0.001301,0.697018,-0.050000
0.001304,0.697018,-0.050000
0.001307,0.697018,-0.050000
0.001310,0.676917,-0.070101
0.001314,0.697018,-0.050000
0.001317,0.697018,-0.050000
0.001320,0.697018,-0.050000
0.001323,0.697018,-0.070101
0.001326,0.697018,-0.070101
0.001330,0.676917,-0.050000
0.001333,0.697018,-0.070101
0.001336,0.697018,-0.070101
0.001339,0.697018,-0.050000
0.001342,0.697018,-0.070101
0.001346,0.697018,-0.070101
0.001349,0.697018,-0.070101
0.001352,0.697018,-0.070101
0.001355,0.717118,-0.070101
0.001358,0.697018,-0.070101
0.001362,0.697018,-0.050000
0.001365,0.697018,-0.070101
0.001368,0.717118,-0.070101
0.001371,0.697018,-0.050000
0.001374,0.697018,-0.070101
0.001378,0.697018,-0.070101
0.001381,0.717118,-0.050000
0.001384,0.697018,-0.070101
0.001387,0.717118,-0.070101
0.001390,0.717118,-0.070101
0.001394,0.697018,-0.070101
0.001397,0.717118,-0.050000
0.001400,0.697018,-0.050000
0.001403,0.717118,-0.070101
0.001406,0.717118,-0.070101
0.001410,0.717118,-0.050000
0.001413,0.717118,-0.070101
0.001416,0.737219,-0.070101
0.001419,0.717118,-0.050000
0.001422,0.717118,-0.070101
0.001426,0.717118,-0.070101
0.001429,0.717118,-0.050000
0.001432,0.717118,-0.070101
0.001435,0.717118,-0.050000
0.001438,0.717118,-0.050000
0.001442,0.717118,-0.050000
0.001445,0.717118,-0.050000
0.001448,0.737219,-0.050000
0.001451,0.717118,-0.070101
0.001454,0.717118,-0.050000
0.001458,0.717118,-0.029900
0.001461,0.737219,-0.050000
0.001464,0.717118,-0.029900
0.001467,0.717118,-0.050000
0.001470,0.717118,-0.050000
0.001474,0.717118,-0.029900
0.001477,0.717118,-0.029900
0.001480,0.737219,-0.029900
0.001483,0.717118,-0.029900
0.001486,0.737219,-0.029900
0.001490,0.737219,-0.029900
0.001493,0.737219,-0.029900
0.001496,0.737219,-0.050000
0.001499,0.717118,-0.029900
0.001502,0.737219,-0.029900
0.001506,0.717118,-0.029900
0.001509,0.717118,-0.050000
0.001512,0.717118,-0.050000
0.001515,0.737219,-0.050000
0.001518,0.737219,-0.029900
0.001522,0.737219,-0.050000
0.001525,0.737219,-0.050000
0.001528,0.717118,-0.050000
0.001531,0.737219,-0.050000
0.001534,0.737219,-0.029900
0.001538,0.737219,-0.029900
0.001541,0.717118,-0.029900
0.001544,0.737219,-0.029900
0.001547,0.737219,-0.029900
0.001550,0.737219,-0.009799
0.001554,0.757319,-0.029900
0.001557,0.737219,-0.009799
0.001560,0.737219,-0.029900
0.001563,0.737219,-0.029900
0.001566,0.737219,-0.050000
0.001570,0.737219,-0.029900
0.001573,0.737219,-0.050000
0.001576,0.757319,-0.050000
0.001579,0.757319,-0.029900
0.001582,0.737219,-0.050000
0.001586,0.737219,-0.050000
0.001589,0.737219,-0.050000
0.001592,0.757319,-0.050000
0.001595,0.737219,-0.050000
0.001598,0.757319,-0.070101
0.001602,0.737219,-0.050000
0.001605,0.757319,-0.029900
0.001608,0.757319,-0.029900
0.001611,0.757319,-0.050000
0.001614,0.737219,-0.050000
0.001618,0.737219,-0.050000
0.001621,0.757319,-0.029900
0.001624,0.757319,-0.029900
0.001627,0.757319,-0.050000
0.001630,0.757319,-0.050000
0.001634,0.757319,-0.029900
0.001637,0.757319,-0.050000
0.001640,0.757319,-0.029900
0.001643,0.757319,-0.050000
0.001646,0.757319,-0.029900
0.001650,0.737219,-0.050000
0.001653,0.757319,-0.050000
0.001656,0.757319,-0.050000
0.001659,0.757319,-0.029900
0.001662,0.757319,-0.050000
0.001666,0.757319,-0.029900
0.001669,0.757319,-0.029900
0.001672,0.757319,-0.050000
0.001675,0.757319,-0.050000
0.001678,0.757319,-0.050000
0.001682,0.757319,-0.070101
0.001685,0.757319,-0.050000
0.001688,0.757319,-0.029900
0.001691,0.757319,-0.050000
0.001694,0.757319,-0.050000
0.001698,0.757319,-0.050000
0.001701,0.757319,-0.050000
0.001704,0.777420,-0.050000
0.001707,0.757319,-0.029900
0.001710,0.757319,-0.029900
0.001714,0.757319,-0.029900
0.001717,0.777420,-0.009799
0.001720,0.757319,-0.009799
0.001723,0.757319,-0.009799
0.001726,0.777420,-0.029900
0.001730,0.777420,-0.029900
0.001733,0.777420,-0.029900
0.001736,0.757319,-0.029900
0.001739,0.777420,-0.029900
0.001742,0.777420,-0.029900
0.001746,0.777420,-0.029900
0.001749,0.777420,-0.029900
0.001752,0.777420,-0.029900
0.001755,0.777420,-0.029900
0.001758,0.777420,-0.029900
0.001762,0.777420,-0.029900
0.001765,0.777420,-0.029900
0.001768,0.777420,-0.009799
0.001771,0.777420,-0.029900
0.001774,0.777420,-0.029900
0.001778,0.777420,-0.029900
0.001781,0.777420,-0.029900
0.001784,0.777420,-0.029900
0.001787,0.777420,-0.029900
0.001790,0.777420,-0.029900
0.001794,0.777420,-0.029900
0.001797,0.777420,-0.029900
0.001800,0.777420,-0.029900
0.001803,0.777420,-0.029900
0.001806,0.777420,-0.009799
0.001810,0.777420,-0.029900
0.001813,0.797520,-0.029900
0.001816,0.777420,-0.029900
0.001819,0.777420,-0.029900
0.001822,0.797520,-0.029900
0.001826,0.777420,-0.050000
0.001829,0.777420,-0.050000
0.001832,0.777420,-0.029900
0.001835,0.777420,-0.050000
0.001838,0.797520,-0.029900
0.001842,0.797520,-0.050000
0.001845,0.777420,-0.029900
0.001848,0.777420,-0.029900
0.001851,0.777420,-0.009799
0.001854,0.797520,-0.029900
0.001858,0.797520,-0.009799
0.001861,0.797520,-0.009799
0.001864,0.777420,-0.029900
0.001867,0.777420,-0.029900
0.001870,0.777420,-0.029900
0.001874,0.797520,-0.009799
0.001877,0.777420,-0.029900
0.001880,0.797520,-0.029900
0.001883,0.797520,-0.029900
0.001886,0.797520,-0.029900
0.001890,0.797520,-0.029900
0.001893,0.797520,-0.029900
0.001896,0.777420,-0.009799
0.001899,0.797520,-0.029900
0.001902,0.797520,-0.009799
0.001906,0.797520,-0.009799
0.001909,0.797520,-0.009799
0.001912,0.797520,-0.009799
0.001915,0.797520,-0.009799
0.001918,0.797520,-0.029900
0.001922,0.797520,-0.029900
0.001925,0.797520,-0.050000
0.001928,0.797520,-0.029900
0.001931,0.797520,-0.029900
0.001934,0.797520,-0.029900
0.001938,0.797520,-0.029900
0.001941,0.797520,-0.029900
0.001944,0.797520,-0.029900
0.001947,0.797520,-0.050000
0.001950,0.797520,-0.050000
0.001954,0.797520,-0.050000
0.001957,0.797520,-0.050000
0.001960,0.797520,-0.050000
0.001963,0.817621,-0.029900
0.001966,0.797520,-0.050000
0.001970,0.797520,-0.029900
0.001973,0.797520,-0.029900
0.001976,0.817621,-0.050000
0.001979,0.817621,-0.029900
0.001982,0.797520,-0.029900
0.001986,0.797520,-0.050000
0.001989,0.797520,-0.050000
0.001992,0.797520,-0.070101
0.001995,0.817621,-0.070101
0.001998,0.817621,-0.050000
0.002002,0.817621,-0.070101
0.002005,0.817621,-0.070101
0.002008,0.797520,-0.070101
0.002011,0.797520,-0.050000
0.002014,0.797520,-0.070101
0.002018,0.797520,-0.070101
0.002021,0.797520,-0.050000
0.002024,0.797520,-0.050000
0.002027,0.817621,-0.050000
0.002030,0.797520,-0.050000
0.002034,0.817621,-0.050000
0.002037,0.817621,-0.029900
0.002040,0.817621,-0.050000
0.002043,0.817621,-0.050000
0.002046,0.817621,-0.050000
0.002050,0.817621,-0.050000
0.002053,0.817621,-0.050000
0.002056,0.817621,-0.050000
0.002059,0.817621,-0.050000
0.002062,0.797520,-0.050000
0.002066,0.817621,-0.050000
0.002069,0.817621,-0.050000
0.002072,0.817621,-0.050000
0.002075,0.817621,-0.050000
0.002078,0.817621,-0.050000
0.002082,0.817621,-0.050000
0.002085,0.817621,-0.029900
0.002088,0.817621,-0.050000
0.002091,0.797520,-0.029900
0.002094,0.837721,-0.029900
0.002098,0.817621,-0.009799
0.002101,0.817621,-0.009799
0.002104,0.817621,-0.009799
0.002107,0.817621,0.010301
0.002110,0.817621,0.010301
0.002114,0.817621,0.010301
0.002117,0.817621,-0.009799
0.002120,0.817621,0.010301
0.002123,0.837721,0.010301
0.002126,0.817621,-0.009799
0.002130,0.837721,-0.009799
0.002133,0.817621,-0.009799
0.002136,0.817621,-0.009799
0.002139,0.817621,0.010301
0.002142,0.817621,-0.009799
0.002146,0.817621,-0.009799
0.002149,0.837721,-0.009799
0.002152,0.837721,-0.009799
0.002155,0.817621,-0.009799
0.002158,0.837721,-0.009799
0.002162,0.817621,-0.009799
0.002165,0.817621,-0.009799
0.002168,0.817621,-0.009799
0.002171,0.837721,-0.029900
0.002174,0.817621,-0.029900
0.002178,0.817621,-0.009799
0.002181,0.817621,-0.029900
0.002184,0.837721,-0.009799
0.002187,0.817621,-0.009799
0.002190,0.837721,-0.029900
0.002194,0.837721,-0.029900
0.002197,0.837721,-0.009799
0.002200,0.837721,-0.009799
0.002203,0.817621,-0.009799
0.002206,0.837721,0.010301
0.002210,0.837721,-0.009799
0.002213,0.837721,0.010301
0.002216,0.837721,0.010301
0.002219,0.837721,0.010301
0.002222,0.837721,0.010301
0.002226,0.817621,0.010301
0.002229,0.837721,-0.009799
0.002232,0.817621,0.010301
0.002235,0.837721,0.010301
0.002238,0.837721,0.010301
0.002242,0.817621,0.030402
0.002245,0.837721,0.010301
0.002248,0.837721,0.010301
0.002251,0.837721,0.010301
0.002254,0.837721,0.010301
0.002258,0.837721,0.030402
0.002261,0.837721,0.010301
0.002264,0.837721,0.030402
0.002267,0.837721,0.010301
0.002270,0.837721,0.030402
0.002274,0.837721,0.030402
0.002277,0.837721,0.010301
0.002280,0.837721,0.030402
0.002283,0.837721,0.030402
0.002286,0.837721,0.010301
0.002290,0.837721,0.030402
0.002293,0.837721,0.010301
0.002296,0.837721,0.010301
0.002299,0.837721,0.030402
0.002302,0.837721,0.030402
0.002306,0.837721,0.010301
0.002309,0.837721,0.030402
0.002312,0.837721,0.030402
0.002315,0.837721,0.010301
0.002318,0.837721,0.030402
0.002322,0.837721,0.030402
0.002325,0.837721,0.030402
0.002328,0.837721,0.030402
0.002331,0.837721,0.030402
0.002334,0.837721,0.030402
0.002338,0.837721,0.030402
0.002341,0.837721,0.030402
0.002344,0.857822,0.030402
0.002347,0.857822,0.030402
0.002350,0.857822,0.030402
0.002354,0.857822,0.010301
0.002357,0.837721,0.010301
0.002360,0.837721,0.010301
0.002363,0.837721,0.010301
0.002366,0.837721,0.030402
0.002370,0.837721,0.010301
0.002373,0.837721,0.030402
0.002376,0.857822,0.010301
0.002379,0.857822,0.010301
0.002382,0.837721,0.010301
0.002386,0.857822,0.010301
0.002389,0.857822,0.010301
0.002392,0.837721,0.030402
0.002395,0.857822,0.030402
0.002398,0.857822,0.030402
0.002402,0.857822,0.030402
0.002405,0.857822,0.010301
0.002408,0.857822,0.010301
0.002411,0.857822,0.010301
0.002414,0.857822,0.010301
0.002418,0.857822,0.010301
0.002421,0.857822,0.010301
0.002424,0.857822,0.010301
0.002427,0.857822,0.010301
0.002430,0.857822,-0.009799
0.002434,0.857822,0.010301
0.002437,0.857822,-0.009799
0.002440,0.857822,0.010301
0.002443,0.857822,0.010301
0.002446,0.877922,0.010301
0.002450,0.857822,0.010301
0.002453,0.857822,0.010301
0.002456,0.857822,0.030402
0.002459,0.857822,0.030402
0.002462,0.857822,0.030402
0.002466,0.857822,0.010301
0.002469,0.857822,0.030402
0.002472,0.837721,0.030402
0.002475,0.857822,0.010301
0.002478,0.857822,0.010301
0.002482,0.857822,0.030402
0.002485,0.857822,0.010301
0.002488,0.857822,0.010301
0.002491,0.857822,0.010301
0.002494,0.857822,0.010301
0.002498,0.857822,0.030402
0.002501,0.857822,0.010301
0.002504,0.857822,0.030402
0.002507,0.857822,0.030402
0.002510,0.857822,0.030402
0.002514,0.857822,0.030402
0.002517,0.857822,0.030402
0.002520,0.857822,0.010301
0.002523,0.857822,0.010301
0.002526,0.877922,0.010301
0.002530,0.857822,0.010301
0.002533,0.857822,0.010301
0.002536,0.857822,0.010301
0.002539,0.877922,0.010301
0.002542,0.857822,0.010301
0.002546,0.857822,0.010301
0.002549,0.877922,-0.009799
0.002552,0.857822,0.010301
0.002555,0.857822,0.010301
0.002558,0.877922,0.010301
0.002562,0.877922,0.010301
0.002565,0.877922,0.030402
0.002568,0.877922,0.010301
0.002571,0.857822,0.010301
0.002574,0.877922,0.010301
0.002578,0.857822,0.010301
0.002581,0.857822,0.010301
0.002584,0.877922,0.010301
0.002587,0.877922,0.010301
0.002590,0.857822,0.010301
0.002594,0.877922,0.030402
0.002597,0.877922,0.010301
0.002600,0.857822,0.010301
0.002603,0.877922,0.010301
0.002606,0.857822,0.010301
0.002610,0.877922,0.010301
0.002613,0.877922,-0.009799
0.002616,0.877922,0.010301
0.002619,0.877922,0.010301
0.002622,0.877922,0.010301
0.002626,0.857822,0.010301
0.002629,0.877922,0.030402
0.002632,0.877922,0.030402
0.002635,0.877922,0.030402
0.002638,0.877922,0.030402
0.002642,0.877922,0.010301
0.002645,0.877922,0.010301
0.002648,0.877922,0.010301
0.002651,0.877922,0.010301
0.002654,0.857822,0.010301
0.002658,0.877922,0.030402
0.002661,0.877922,-0.009799
0.002664,0.877922,0.010301
0.002667,0.877922,0.030402
0.002670,0.877922,0.010301
0.002674,0.877922,0.010301
0.002677,0.877922,0.030402
0.002680,0.877922,0.010301
0.002683,0.877922,0.010301
0.002686,0.877922,0.030402
0.002690,0.877922,0.030402
0.002693,0.877922,0.030402
0.002696,0.877922,0.030402
0.002699,0.877922,0.030402
0.002702,0.877922,0.030402
0.002706,0.877922,0.030402
0.002709,0.898023,0.010301
0.002712,0.877922,0.030402
0.002715,0.877922,0.030402
0.002718,0.877922,0.030402
0.002722,0.877922,0.030402
0.002725,0.877922,0.030402
0.002728,0.877922,0.010301
0.002731,0.877922,0.030402
0.002734,0.877922,0.010301
0.002738,0.877922,0.010301
0.002741,0.877922,-0.009799
0.002744,0.877922,0.010301
0.002747,0.877922,-0.009799
0.002750,0.877922,-0.009799
0.002754,0.877922,-0.009799
0.002757,0.877922,0.010301
0.002760,0.877922,0.010301
0.002763,0.877922,-0.009799
0.002766,0.877922,0.010301
0.002770,0.877922,0.010301
0.002773,0.898023,0.010301
0.002776,0.898023,0.010301
0.002779,0.877922,0.010301
0.002782,0.877922,0.010301
0.002786,0.877922,0.010301
0.002789,0.877922,-0.009799
0.002792,0.877922,0.010301
0.002795,0.877922,0.010301
0.002798,0.877922,0.010301
0.002802,0.877922,-0.009799
0.002805,0.877922,0.010301
0.002808,0.898023,-0.009799
0.002811,0.877922,-0.009799
0.002814,0.877922,-0.009799
0.002818,0.877922,-0.009799
0.002821,0.877922,-0.009799
0.002824,0.877922,-0.009799
0.002827,0.877922,-0.009799
0.002830,0.877922,-0.009799
0.002834,0.877922,-0.029900
0.002837,0.898023,-0.029900
0.002840,0.877922,-0.029900
0.002843,0.877922,-0.009799
0.002846,0.898023,-0.029900
0.002850,0.877922,-0.029900
0.002853,0.877922,-0.009799
0.002856,0.877922,-0.029900
0.002859,0.898023,-0.009799
0.002862,0.898023,-0.029900
0.002866,0.877922,-0.029900
0.002869,0.877922,-0.009799
0.002872,0.898023,-0.009799
0.002875,0.898023,-0.009799
0.002878,0.877922,-0.009799
0.002882,0.877922,-0.009799
0.002885,0.898023,-0.009799
0.002888,0.898023,-0.009799
0.002891,0.877922,-0.009799
0.002894,0.898023,-0.009799
0.002898,0.898023,-0.029900
0.002901,0.898023,-0.029900
0.002904,0.898023,-0.009799
0.002907,0.898023,-0.009799
0.002910,0.898023,-0.009799
0.002914,0.877922,-0.029900
0.002917,0.898023,-0.029900
0.002920,0.898023,-0.050000
0.002923,0.877922,-0.029900
0.002926,0.877922,-0.050000
0.002930,0.898023,-0.029900
0.002933,0.898023,-0.050000
0.002936,0.898023,-0.050000
0.002939,0.898023,-0.050000
0.002942,0.898023,-0.050000
0.002946,0.898023,-0.050000
0.002949,0.898023,-0.029900
0.002952,0.898023,-0.050000
0.002955,0.898023,-0.029900
0.002958,0.898023,-0.029900
0.002962,0.898023,-0.050000
0.002965,0.877922,-0.050000
0.002968,0.898023,-0.050000
0.002971,0.898023,-0.029900
0.002974,0.898023,-0.050000
0.002978,0.877922,-0.050000
0.002981,0.918123,-0.050000
0.002984,0.898023,-0.029900
0.002987,0.898023,-0.029900
0.002990,0.898023,-0.029900
0.002994,0.877922,-0.050000
0.002997,0.898023,-0.029900
0.003000,0.898023,-0.050000
0.003003,0.898023,-0.050000
0.003006,0.877922,-0.050000
0.003010,0.898023,-0.070101
0.003013,0.898023,-0.050000
0.003016,0.898023,-0.050000
0.003019,0.898023,-0.070101
0.003022,0.898023,-0.050000
0.003026,0.898023,-0.070101
0.003029,0.898023,-0.050000
0.003032,0.898023,-0.029900
0.003035,0.918123,-0.050000
0.003038,0.898023,-0.050000
0.003042,0.918123,-0.050000
0.003045,0.898023,-0.050000
0.003048,0.898023,-0.050000
0.003051,0.898023,-0.029900
0.003054,0.898023,-0.050000
0.003058,0.898023,-0.029900
0.003061,0.898023,-0.050000
0.003064,0.898023,-0.009799
0.003067,0.898023,-0.050000
0.003070,0.898023,-0.029900
0.003074,0.898023,-0.029900
0.003077,0.898023,-0.050000
0.003080,0.898023,-0.050000
0.003083,0.918123,-0.029900
0.003086,0.898023,-0.050000
0.003090,0.898023,-0.050000
0.003093,0.898023,-0.050000
0.003096,0.898023,-0.050000
0.003099,0.898023,-0.050000
0.003102,0.898023,-0.050000
0.003106,0.898023,-0.050000
0.003109,0.898023,-0.070101
0.003112,0.898023,-0.070101
0.003115,0.898023,-0.050000
0.003118,0.898023,-0.050000
0.003122,0.918123,-0.050000
0.003125,0.898023,-0.050000
0.003128,0.898023,-0.050000
0.003131,0.918123,-0.029900
0.003134,0.898023,-0.029900
0.003138,0.898023,-0.029900
0.003141,0.898023,-0.009799
0.003144,0.898023,-0.009799
0.003147,0.898023,-0.009799
0.003150,0.918123,-0.009799
0.003154,0.918123,-0.009799
0.003157,0.918123,-0.009799
0.003160,0.918123,-0.009799
0.003163,0.918123,-0.009799
0.003166,0.898023,-0.009799
0.003170,0.898023,-0.009799
0.003173,0.898023,-0.009799
0.003176,0.898023,-0.009799
0.003179,0.898023,-0.009799
0.003182,0.898023,-0.009799
0.003186,0.898023,-0.009799
0.003189,0.898023,-0.009799
0.003192,0.898023,-0.009799
0.003195,0.898023,-0.029900
0.003198,0.898023,-0.009799
0.003202,0.898023,-0.009799
0.003205,0.898023,-0.029900
0.003208,0.918123,-0.009799
0.003211,0.898023,-0.029900
0.003214,0.918123,-0.029900
0.003218,0.898023,-0.029900
0.003221,0.898023,-0.029900
0.003224,0.898023,-0.029900
0.003227,0.918123,-0.050000
0.003230,0.898023,-0.029900
0.003234,0.898023,-0.050000
0.003237,0.918123,-0.050000
0.003240,0.898023,-0.050000
0.003243,0.918123,-0.050000
0.003246,0.898023,-0.050000
0.003250,0.898023,-0.050000
0.003253,0.918123,-0.050000
0.003256,0.898023,-0.050000
0.003259,0.898023,-0.029900
0.003262,0.898023,-0.029900
0.003266,0.918123,-0.050000
0.003269,0.898023,-0.029900
0.003272,0.918123,-0.029900
0.003275,0.918123,-0.029900
0.003278,0.918123,-0.050000
0.003282,0.918123,-0.029900
0.003285,0.918123,-0.050000
0.003288,0.918123,-0.050000
0.003291,0.918123,-0.050000
0.003294,0.898023,-0.029900
0.003298,0.898023,-0.050000
0.003301,0.898023,-0.050000
0.003304,0.898023,-0.029900
0.003307,0.898023,-0.050000
0.003310,0.898023,-0.050000
0.003314,0.918123,-0.050000
0.003317,0.918123,-0.050000
0.003320,0.918123,-0.029900
0.003323,0.918123,-0.050000
0.003326,0.918123,-0.050000
0.003330,0.898023,-0.029900
0.003333,0.898023,-0.029900
0.003336,0.918123,-0.029900
0.003339,0.918123,-0.050000
0.003342,0.918123,-0.029900
0.003346,0.898023,-0.029900
0.003349,0.918123,-0.029900
0.003352,0.918123,-0.029900
0.003355,0.898023,-0.029900
0.003358,0.898023,-0.009799
0.003362,0.918123,-0.009799
0.003365,0.918123,-0.009799
0.003368,0.918123,-0.009799
0.003371,0.918123,-0.029900
0.003374,0.918123,-0.029900
0.003378,0.918123,-0.029900
0.003381,0.918123,-0.050000
0.003384,0.918123,-0.029900
0.003387,0.918123,-0.029900
0.003390,0.898023,-0.029900
0.003394,0.918123,-0.029900
0.003397,0.918123,-0.029900
0.003400,0.918123,-0.029900
0.003403,0.918123,-0.050000
0.003406,0.918123,-0.029900
0.003410,0.898023,-0.029900
0.003413,0.918123,-0.029900
0.003416,0.918123,-0.009799
0.003419,0.918123,-0.029900
0.003422,0.898023,-0.029900
0.003426,0.918123,-0.029900
0.003429,0.898023,-0.029900
0.003432,0.918123,-0.009799
0.003435,0.918123,-0.009799
0.003438,0.918123,-0.029900
0.003442,0.898023,-0.029900
0.003445,0.918123,-0.029900
0.003448,0.918123,-0.029900
0.003451,0.898023,-0.029900
0.003454,0.918123,-0.029900
0.003458,0.918123,-0.029900
0.003461,0.918123,-0.029900
0.003464,0.918123,-0.050000
0.003467,0.918123,-0.029900
0.003470,0.918123,-0.029900
0.003474,0.918123,-0.009799
0.003477,0.918123,-0.029900
0.003480,0.898023,-0.029900
0.003483,0.898023,-0.009799
0.003486,0.918123,-0.009799
0.003490,0.918123,-0.009799
0.003493,0.918123,-0.009799
0.003496,0.918123,-0.009799
0.003499,0.898023,-0.009799
0.003502,0.918123,-0.009799
0.003506,0.898023,-0.009799
0.003509,0.918123,-0.009799
0.003512,0.918123,-0.009799
0.003515,0.918123,-0.009799
0.003518,0.918123,-0.009799
0.003522,0.918123,-0.009799
0.003525,0.918123,-0.009799
0.003528,0.918123,-0.029900
0.003531,0.918123,-0.009799
0.003534,0.898023,-0.029900
0.003538,0.918123,-0.029900
0.003541,0.918123,-0.050000
0.003544,0.918123,-0.029900
0.003547,0.918123,-0.009799
0.003550,0.918123,-0.029900
0.003554,0.918123,-0.009799
0.003557,0.918123,-0.009799
0.003560,0.918123,-0.009799
0.003563,0.918123,-0.009799
0.003566,0.918123,-0.009799
0.003570,0.918123,-0.029900
0.003573,0.918123,-0.009799
0.003576,0.918123,-0.009799
0.003579,0.898023,-0.009799
0.003582,0.918123,-0.009799
0.003586,0.918123,-0.009799
0.003589,0.918123,-0.009799
0.003592,0.918123,-0.009799
0.003595,0.918123,-0.009799
0.003598,0.918123,-0.009799
0.003602,0.898023,-0.029900
0.003605,0.918123,-0.009799
0.003608,0.918123,-0.009799
0.003611,0.898023,-0.009799
0.003614,0.918123,-0.009799
0.003618,0.898023,-0.009799
0.003621,0.918123,-0.009799
0.003624,0.918123,-0.009799
0.003627,0.898023,-0.009799
0.003630,0.898023,-0.009799
0.003634,0.898023,-0.009799
0.003637,0.918123,0.010301
0.003640,0.898023,-0.009799
0.003643,0.898023,0.010301
0.003646,0.918123,0.010301
0.003650,0.918123,0.010301
0.003653,0.918123,-0.009799
0.003656,0.918123,-0.009799
0.003659,0.918123,0.010301
0.003662,0.918123,0.010301
0.003666,0.918123,0.010301
0.003669,0.918123,-0.009799
0.003672,0.918123,-0.009799
0.003675,0.918123,-0.009799
0.003678,0.918123,-0.009799
0.003682,0.918123,-0.009799
0.003685,0.898023,-0.009799
0.003688,0.918123,-0.009799
0.003691,0.918123,-0.009799
0.003694,0.898023,0.010301
0.003698,0.918123,-0.009799
0.003701,0.918123,-0.009799
0.003704,0.898023,-0.009799
0.003707,0.898023,-0.009799
0.003710,0.918123,0.010301
0.003714,0.918123,0.010301
0.003717,0.898023,0.010301
0.003720,0.898023,-0.009799
0.003723,0.918123,-0.009799
0.003726,0.918123,-0.009799
0.003730,0.918123,-0.009799
0.003733,0.918123,-0.009799
0.003736,0.918123,-0.009799
0.003739,0.898023,-0.009799
0.003742,0.918123,-0.009799
0.003746,0.898023,0.010301
0.003749,0.918123,-0.009799
0.003752,0.898023,-0.009799
0.003755,0.898023,-0.009799
0.003758,0.918123,-0.009799
0.003762,0.918123,-0.009799
0.003765,0.898023,-0.009799
0.003768,0.898023,-0.009799
0.003771,0.918123,-0.029900
0.003774,0.898023,-0.009799
0.003778,0.898023,-0.029900
0.003781,0.918123,-0.029900
0.003784,0.898023,-0.029900
0.003787,0.918123,-0.029900
0.003790,0.918123,-0.029900
0.003794,0.918123,-0.029900
0.003797,0.918123,-0.029900
0.003800,0.918123,-0.029900
0.003803,0.898023,-0.029900
0.003806,0.898023,-0.009799
0.003810,0.898023,-0.009799
0.003813,0.898023,-0.029900
0.003816,0.898023,-0.009799
0.003819,0.918123,-0.009799
0.003822,0.898023,-0.009799
0.003826,0.898023,-0.009799
0.003829,0.898023,-0.009799
0.003832,0.918123,-0.029900
0.003835,0.918123,-0.009799
0.003838,0.898023,-0.009799
0.003842,0.898023,-0.029900
0.003845,0.918123,-0.009799
0.003848,0.898023,-0.029900
0.003851,0.898023,-0.009799
0.003854,0.898023,-0.009799
0.003858,0.918123,-0.029900
0.003861,0.918123,-0.029900
0.003864,0.918123,-0.029900
0.003867,0.898023,-0.029900
0.003870,0.898023,-0.029900
0.003874,0.918123,-0.029900
0.003877,0.898023,-0.029900
0.003880,0.918123,-0.009799
0.003883,0.898023,-0.029900
0.003886,0.918123,-0.009799
0.003890,0.918123,-0.009799
0.003893,0.898023,-0.009799
0.003896,0.898023,-0.009799
0.003899,0.898023,-0.009799
0.003902,0.898023,-0.009799
0.003906,0.898023,-0.009799
0.003909,0.918123,-0.009799
0.003912,0.918123,-0.009799
0.003915,0.918123,0.010301
0.003918,0.918123,0.010301
0.003922,0.918123,-0.009799
0.003925,0.918123,0.010301
0.003928,0.918123,-0.009799
0.003931,0.898023,0.010301
0.003934,0.898023,0.010301
0.003938,0.918123,-0.009799
0.003941,0.898023,-0.009799
0.003944,0.918123,-0.009799
0.003947,0.898023,-0.009799
0.003950,0.918123,-0.009799
0.003954,0.898023,-0.009799
0.003957,0.898023,-0.009799
0.003960,0.898023,-0.009799
0.003963,0.898023,-0.009799
0.003966,0.918123,0.010301
0.003970,0.898023,0.010301
0.003973,0.898023,0.010301
0.003976,0.918123,0.010301
0.003979,0.898023,0.010301
0.003982,0.898023,0.010301
0.003986,0.898023,0.010301
0.003989,0.898023,0.030402
0.003992,0.918123,0.030402
0.003995,0.898023,0.010301
0.003998,0.898023,0.010301
0.004002,0.898023,0.010301
0.004005,0.898023,0.010301
0.004008,0.898023,0.010301
0.004011,0.898023,0.010301
0.004014,0.898023,0.010301
0.004018,0.898023,-0.009799
0.004021,0.898023,0.010301
0.004024,0.898023,-0.029900
0.004027,0.898023,0.010301
0.004030,0.898023,0.010301
0.004034,0.898023,-0.009799
0.004037,0.898023,-0.009799
0.004040,0.898023,-0.009799
0.004043,0.918123,-0.009799
0.004046,0.898023,-0.009799
0.004050,0.898023,-0.009799
0.004053,0.898023,-0.009799
0.004056,0.898023,-0.029900
0.004059,0.898023,-0.029900
0.004062,0.898023,-0.009799
0.004066,0.898023,-0.009799
0.004069,0.898023,-0.009799
0.004072,0.898023,-0.009799
0.004075,0.898023,-0.009799
0.004078,0.898023,-0.009799
0.004082,0.898023,-0.009799
0.004085,0.918123,-0.009799
0.004088,0.898023,-0.009799
0.004091,0.898023,-0.009799
0.004094,0.898023,-0.009799
0.004098,0.898023,-0.009799
0.004101,0.898023,-0.009799
0.004104,0.918123,-0.009799
0.004107,0.898023,-0.009799
0.004110,0.898023,-0.009799
0.004114,0.898023,0.010301
0.004117,0.918123,-0.009799
0.004120,0.898023,-0.009799
0.004123,0.898023,-0.009799
0.004126,0.898023,-0.009799
0.004130,0.898023,0.010301
0.004133,0.898023,0.010301
0.004136,0.877922,0.010301
0.004139,0.898023,0.010301
0.004142,0.877922,0.010301
0.004146,0.898023,0.010301
0.004149,0.898023,0.010301
0.004152,0.898023,0.010301
0.004155,0.898023,0.010301
0.004158,0.898023,0.010301
0.004162,0.898023,0.010301
0.004165,0.898023,-0.009799
0.004168,0.898023,0.010301
0.004171,0.898023,-0.009799
0.004174,0.898023,-0.009799
0.004178,0.898023,0.010301
0.004181,0.898023,0.010301
0.004184,0.898023,0.010301
0.004187,0.877922,0.010301
0.004190,0.877922,0.010301
0.004194,0.898023,0.010301
0.004197,0.898023,0.010301
0.004200,0.898023,0.010301
0.004203,0.877922,-0.009799
0.004206,0.898023,0.010301
0.004210,0.898023,-0.009799
0.004213,0.898023,-0.009799
0.004216,0.898023,-0.009799
0.004219,0.898023,-0.009799
0.004222,0.898023,-0.029900
0.004226,0.877922,-0.009799
0.004229,0.898023,-0.009799
0.004232,0.877922,-0.009799
0.004235,0.898023,-0.009799
0.004238,0.898023,-0.009799
0.004242,0.898023,0.010301
0.004245,0.898023,-0.009799
0.004248,0.898023,-0.009799
0.004251,0.898023,0.010301
0.004254,0.898023,-0.009799
0.004258,0.898023,0.010301
0.004261,0.877922,-0.009799
0.004264,0.877922,-0.009799
0.004267,0.898023,-0.009799
0.004270,0.898023,-0.009799
0.004274,0.877922,-0.009799
0.004277,0.877922,-0.009799
0.004280,0.898023,-0.009799
0.004283,0.877922,-0.029900
0.004286,0.877922,-0.009799
0.004290,0.877922,-0.009799
0.004293,0.898023,-0.009799
0.004296,0.898023,-0.029900
0.004299,0.877922,-0.029900
0.004302,0.877922,-0.009799
0.004306,0.877922,-0.029900
0.004309,0.898023,-0.029900
0.004312,0.898023,-0.029900
0.004315,0.898023,-0.009799
0.004318,0.898023,-0.009799
0.004322,0.898023,-0.009799
0.004325,0.877922,-0.009799
0.004328,0.877922,-0.009799
0.004331,0.877922,-0.009799
0.004334,0.877922,0.010301
0.004338,0.877922,-0.029900
0.004341,0.898023,-0.029900
0.004344,0.898023,-0.009799
0.004347,0.877922,-0.009799
0.004350,0.877922,-0.029900
0.004354,0.877922,-0.009799
0.004357,0.877922,-0.029900
0.004360,0.877922,-0.009799
0.004363,0.877922,-0.009799
0.004366,0.877922,-0.009799
0.004370,0.877922,-0.009799
0.004373,0.898023,-0.009799
0.004376,0.877922,0.010301
0.004379,0.877922,-0.009799
0.004382,0.877922,0.010301
0.004386,0.877922,0.010301
0.004389,0.877922,0.010301
0.004392,0.877922,-0.009799
0.004395,0.877922,-0.009799
0.004398,0.877922,-0.009799
0.004402,0.877922,-0.009799
0.004405,0.877922,-0.009799
0.004408,0.877922,-0.009799
0.004411,0.898023,-0.009799
0.004414,0.877922,-0.009799
0.004418,0.877922,-0.009799
0.004421,0.877922,-0.009799
0.004424,0.877922,-0.009799
0.004427,0.877922,-0.009799
0.004430,0.877922,-0.009799
0.004434,0.877922,-0.009799
0.004437,0.898023,-0.009799
0.004440,0.877922,0.010301
0.004443,0.877922,-0.009799
0.004446,0.877922,-0.029900
0.004450,0.877922,-0.009799
0.004453,0.898023,-0.029900
0.004456,0.877922,-0.009799
0.004459,0.877922,-0.009799
0.004462,0.877922,-0.029900
0.004466,0.877922,-0.009799
0.004469,0.877922,-0.029900
0.004472,0.877922,-0.029900
0.004475,0.877922,-0.029900
0.004478,0.877922,-0.029900
0.004482,0.877922,-0.050000
0.004485,0.877922,-0.029900
0.004488,0.877922,-0.029900
0.004491,0.857822,-0.029900
0.004494,0.877922,-0.029900
0.004498,0.877922,-0.029900
0.004501,0.877922,-0.029900
0.004504,0.877922,-0.029900
0.004507,0.877922,-0.050000
0.004510,0.877922,-0.029900
0.004514,0.877922,-0.050000
0.004517,0.877922,-0.050000
0.004520,0.877922,-0.029900
0.004523,0.877922,-0.050000
0.004526,0.877922,-0.029900
0.004530,0.877922,-0.029900
0.004533,0.877922,-0.009799
0.004536,0.877922,-0.029900
0.004539,0.877922,-0.029900
0.004542,0.877922,-0.029900
0.004546,0.857822,-0.009799
0.004549,0.877922,-0.009799
0.004552,0.877922,-0.029900
0.004555,0.857822,-0.009799
0.004558,0.877922,-0.029900
0.004562,0.857822,-0.009799
0.004565,0.877922,-0.009799
0.004568,0.877922,-0.009799
0.004571,0.877922,-0.009799
0.004574,0.877922,-0.009799
0.004578,0.877922,-0.009799
0.004581,0.877922,-0.009799
0.004584,0.857822,-0.009799
0.004587,0.857822,-0.009799
0.004590,0.877922,-0.009799
0.004594,0.857822,-0.009799
0.004597,0.877922,0.010301
0.004600,0.857822,0.010301
0.004603,0.857822,0.010301
0.004606,0.857822,-0.009799
0.004610,0.877922,-0.009799
0.004613,0.857822,-0.009799
0.004616,0.857822,0.010301
0.004619,0.877922,-0.009799
0.004622,0.857822,-0.009799
0.004626,0.857822,-0.009799
0.004629,0.857822,-0.009799
0.004632,0.877922,-0.009799
0.004635,0.857822,-0.009799
0.004638,0.857822,0.010301
0.004642,0.877922,0.010301
0.004645,0.857822,-0.009799
0.004648,0.877922,-0.009799
0.004651,0.877922,-0.009799
0.004654,0.857822,-0.009799
0.004658,0.857822,-0.009799
0.004661,0.857822,-0.009799
0.004664,0.857822,-0.009799
0.004667,0.877922,-0.009799
0.004670,0.877922,-0.009799
0.004674,0.857822,-0.009799
0.004677,0.857822,-0.009799
0.004680,0.877922,-0.009799
0.004683,0.857822,-0.009799
0.004686,0.857822,-0.029900
0.004690,0.857822,-0.009799
0.004693,0.857822,-0.029900
0.004696,0.877922,-0.029900
0.004699,0.857822,-0.009799
0.004702,0.857822,-0.029900
0.004706,0.857822,-0.029900
0.004709,0.857822,-0.029900
0.004712,0.857822,-0.029900
0.004715,0.857822,-0.029900
0.004718,0.857822,-0.050000
0.004722,0.857822,-0.050000
0.004725,0.857822,-0.050000
0.004728,0.857822,-0.050000
0.004731,0.857822,-0.050000
0.004734,0.857822,-0.029900
0.004738,0.857822,-0.029900
0.004741,0.857822,-0.050000
0.004744,0.857822,-0.050000
0.004747,0.837721,-0.050000
0.004750,0.857822,-0.050000
0.004754,0.857822,-0.029900
0.004757,0.857822,-0.029900
0.004760,0.857822,-0.029900
0.004763,0.857822,-0.029900
0.004766,0.857822,-0.029900
0.004770,0.857822,-0.029900
0.004773,0.837721,-0.029900
0.004776,0.857822,-0.029900
0.004779,0.857822,-0.029900
0.004782,0.857822,-0.029900
0.004786,0.857822,-0.029900
0.004789,0.857822,-0.029900
0.004792,0.857822,-0.009799
0.004795,0.857822,-0.009799
0.004798,0.857822,-0.009799
0.004802,0.857822,-0.009799
0.004805,0.837721,-0.029900
0.004808,0.857822,-0.029900
0.004811,0.857822,-0.029900
0.004814,0.837721,-0.029900
0.004818,0.857822,-0.029900
0.004821,0.857822,-0.009799
0.004824,0.857822,-0.029900
0.004827,0.857822,-0.029900
0.004830,0.857822,-0.029900
0.004834,0.857822,-0.029900
0.004837,0.837721,-0.050000
0.004840,0.857822,-0.050000
0.004843,0.857822,-0.029900
0.004846,0.857822,-0.029900
0.004850,0.857822,-0.029900
0.004853,0.837721,-0.029900
0.004856,0.857822,-0.029900
0.004859,0.857822,-0.050000
0.004862,0.857822,-0.050000
0.004866,0.857822,-0.050000
0.004869,0.857822,-0.050000
0.004872,0.857822,-0.029900
0.004875,0.837721,-0.050000
0.004878,0.837721,-0.050000
0.004882,0.857822,-0.050000
0.004885,0.857822,-0.029900
0.004888,0.857822,-0.050000
0.004891,0.857822,-0.029900
0.004894,0.857822,-0.029900
0.004898,0.857822,-0.029900
0.004901,0.837721,-0.029900
0.004904,0.837721,-0.029900
0.004907,0.837721,-0.029900
0.004910,0.837721,-0.009799
0.004914,0.837721,-0.009799
0.004917,0.837721,-0.009799
0.004920,0.837721,-0.009799
0.004923,0.857822,-0.009799
0.004926,0.837721,-0.009799
0.004930,0.857822,-0.009799
0.004933,0.837721,0.010301
0.004936,0.857822,-0.009799
0.004939,0.837721,-0.009799
0.004942,0.837721,-0.009799
0.004946,0.837721,-0.009799
0.004949,0.837721,-0.009799
0.004952,0.837721,-0.009799
0.004955,0.857822,-0.009799
0.004958,0.837721,-0.009799
0.004962,0.837721,-0.009799
0.004965,0.857822,-0.009799
0.004968,0.837721,-0.009799
0.004971,0.837721,-0.029900
0.004974,0.837721,-0.029900
0.004978,0.837721,-0.009799
0.004981,0.837721,-0.009799
0.004984,0.857822,-0.029900
0.004987,0.837721,-0.009799
0.004990,0.837721,-0.029900
0.004994,0.837721,-0.009799
0.004997,0.837721,-0.009799
0.005000,0.857822,-0.009799
0.005003,0.837721,-0.009799
0.005006,0.837721,-0.009799
0.005010,0.837721,-0.009799
0.005013,0.837721,-0.009799
0.005016,0.857822,-0.029900
0.005019,0.837721,-0.029900
0.005022,0.837721,-0.029900
0.005026,0.837721,-0.029900
0.005029,0.837721,-0.050000
0.005032,0.837721,-0.029900
0.005035,0.837721,-0.050000
0.005038,0.837721,-0.029900
0.005042,0.837721,-0.029900
0.005045,0.837721,-0.009799
0.005048,0.837721,-0.029900
0.005051,0.837721,-0.029900
0.005054,0.837721,-0.029900
0.005058,0.837721,-0.029900
0.005061,0.837721,-0.029900
0.005064,0.837721,-0.029900
0.005067,0.837721,-0.029900
0.005070,0.837721,-0.029900
0.005074,0.837721,-0.029900
0.005077,0.837721,-0.050000
0.005080,0.837721,-0.029900
0.005083,0.837721,-0.029900
0.005086,0.837721,-0.029900
0.005090,0.837721,-0.029900
0.005093,0.837721,-0.029900
0.005096,0.837721,-0.029900
0.005099,0.817621,-0.029900
0.005102,0.817621,-0.050000
0.005106,0.837721,-0.029900
0.005109,0.817621,-0.050000
0.005112,0.837721,-0.050000
0.005115,0.837721,-0.029900
0.005118,0.817621,-0.029900
0.005122,0.837721,-0.050000
0.005125,0.837721,-0.029900
0.005128,0.837721,-0.029900
0.005131,0.837721,-0.029900
0.005134,0.837721,-0.050000
0.005138,0.817621,-0.050000
0.005141,0.817621,-0.050000
0.005144,0.837721,-0.029900
0.005147,0.837721,-0.029900
0.005150,0.817621,-0.029900
0.005154,0.837721,-0.029900
0.005157,0.817621,-0.009799
0.005160,0.837721,-0.029900
0.005163,0.837721,-0.050000
0.005166,0.837721,-0.029900
0.005170,0.817621,-0.029900
0.005173,0.817621,-0.029900
0.005176,0.817621,-0.029900
0.005179,0.817621,-0.029900
0.005182,0.837721,-0.050000
0.005186,0.837721,-0.029900
0.005189,0.817621,-0.029900
0.005192,0.817621,-0.029900
0.005195,0.817621,-0.029900
0.005198,0.817621,-0.029900
0.005202,0.817621,-0.050000
0.005205,0.817621,-0.050000
0.005208,0.837721,-0.050000
0.005211,0.817621,-0.050000
0.005214,0.817621,-0.050000
0.005218,0.817621,-0.050000
0.005221,0.837721,-0.050000
0.005224,0.817621,-0.029900
0.005227,0.817621,-0.050000
0.005230,0.817621,-0.029900
0.005234,0.817621,-0.029900
0.005237,0.817621,-0.050000
0.005240,0.817621,-0.029900
0.005243,0.817621,-0.050000
0.005246,0.817621,-0.029900
0.005250,0.817621,-0.029900
0.005253,0.817621,-0.050000
0.005256,0.837721,-0.029900
0.005259,0.817621,-0.029900
0.005262,0.837721,-0.050000
0.005266,0.817621,-0.050000
0.005269,0.817621,-0.029900
0.005272,0.837721,-0.070101
0.005275,0.817621,-0.029900
0.005278,0.817621,-0.050000
0.005282,0.817621,-0.050000
0.005285,0.817621,-0.029900
0.005288,0.817621,-0.050000
0.005291,0.817621,-0.050000
0.005294,0.817621,-0.029900
0.005298,0.797520,-0.050000
0.005301,0.817621,-0.029900
0.005304,0.817621,-0.050000
0.005307,0.817621,-0.050000
0.005310,0.817621,-0.050000
0.005314,0.817621,-0.029900
0.005317,0.797520,-0.050000
0.005320,0.817621,-0.050000
0.005323,0.817621,-0.029900
0.005326,0.817621,-0.050000
0.005330,0.817621,-0.029900
0.005333,0.817621,-0.050000
0.005336,0.817621,-0.050000
0.005339,0.817621,-0.050000
0.005342,0.817621,-0.050000
0.005346,0.817621,-0.050000
0.005349,0.817621,-0.029900
0.005352,0.797520,-0.029900
0.005355,0.817621,-0.029900
0.005358,0.797520,-0.029900
0.005362,0.817621,-0.029900
0.005365,0.817621,-0.050000
0.005368,0.817621,-0.029900
0.005371,0.817621,-0.029900
0.005374,0.817621,-0.029900
0.005378,0.797520,-0.029900
0.005381,0.817621,-0.029900
0.005384,0.797520,-0.029900
0.005387,0.817621,-0.029900
0.005390,0.817621,-0.050000
0.005394,0.817621,-0.050000
0.005397,0.797520,-0.029900
0.005400,0.817621,-0.050000
0.005403,0.797520,-0.050000
0.005406,0.817621,-0.050000
0.005410,0.797520,-0.050000
0.005413,0.817621,-0.050000
0.005416,0.817621,-0.029900
0.005419,0.817621,-0.050000
0.005422,0.797520,-0.050000
0.005426,0.817621,-0.050000
0.005429,0.797520,-0.050000
0.005432,0.817621,-0.050000
0.005435,0.797520,-0.050000
0.005438,0.797520,-0.050000
0.005442,0.797520,-0.050000
0.005445,0.797520,-0.029900
0.005448,0.817621,-0.029900
0.005451,0.797520,-0.029900
0.005454,0.817621,-0.050000
0.005458,0.797520,-0.050000
0.005461,0.817621,-0.050000
0.005464,0.797520,-0.029900
0.005467,0.797520,-0.050000
0.005470,0.797520,-0.029900
0.005474,0.797520,-0.029900
0.005477,0.797520,-0.050000
0.005480,0.817621,-0.029900
0.005483,0.797520,-0.050000
0.005486,0.797520,-0.029900
0.005490,0.797520,-0.029900
0.005493,0.817621,-0.050000
0.005496,0.797520,-0.029900
0.005499,0.797520,-0.029900
0.005502,0.797520,-0.050000
0.005506,0.797520,-0.029900
0.005509,0.797520,-0.050000
0.005512,0.797520,-0.050000
0.005515,0.797520,-0.050000
0.005518,0.797520,-0.050000
0.005522,0.817621,-0.050000
0.005525,0.797520,-0.070101
0.005528,0.797520,-0.070101
0.005531,0.797520,-0.050000
0.005534,0.797520,-0.050000
0.005538,0.797520,-0.050000
0.005541,0.797520,-0.050000
0.005544,0.797520,-0.050000
0.005547,0.797520,-0.050000
0.005550,0.797520,-0.070101
0.005554,0.797520,-0.070101
0.005557,0.797520,-0.050000
0.005560,0.797520,-0.050000
0.005563,0.797520,-0.050000
0.005566,0.797520,-0.050000
0.005570,0.797520,-0.050000
0.005573,0.797520,-0.029900
0.005576,0.797520,-0.029900
0.005579,0.797520,-0.029900
0.005582,0.797520,-0.029900
0.005586,0.797520,-0.050000
0.005589,0.777420,-0.029900
0.005592,0.797520,-0.029900
0.005595,0.797520,-0.050000
0.005598,0.797520,-0.029900
0.005602,0.777420,-0.029900
0.005605,0.797520,-0.029900
0.005608,0.777420,-0.029900
0.005611,0.797520,-0.029900
0.005614,0.777420,-0.029900
0.005618,0.797520,-0.029900
0.005621,0.777420,-0.029900
0.005624,0.777420,-0.029900
0.005627,0.777420,-0.029900
0.005630,0.797520,-0.009799
0.005634,0.797520,-0.029900
0.005637,0.777420,-0.029900
0.005640,0.797520,-0.009799
0.005643,0.797520,-0.029900
0.005646,0.777420,-0.009799
0.005650,0.797520,-0.009799
0.005653,0.777420,-0.029900
0.005656,0.777420,-0.009799
0.005659,0.777420,-0.009799
0.005662,0.777420,-0.009799
0.005666,0.777420,-0.009799
0.005669,0.777420,-0.009799
0.005672,0.777420,-0.009799
0.005675,0.777420,-0.009799
0.005678,0.777420,0.010301
0.005682,0.777420,0.010301
0.005685,0.797520,0.010301
0.005688,0.777420,-0.009799
0.005691,0.777420,-0.009799
0.005694,0.777420,-0.009799
0.005698,0.777420,-0.009799
0.005701,0.777420,-0.009799
0.005704,0.777420,-0.009799
0.005707,0.777420,-0.009799
0.005710,0.777420,-0.009799
0.005714,0.777420,-0.009799
0.005717,0.777420,-0.029900
0.005720,0.777420,-0.029900
0.005723,0.777420,-0.009799
0.005726,0.777420,-0.009799
0.005730,0.777420,-0.009799
0.005733,0.777420,-0.009799
0.005736,0.777420,-0.009799
0.005739,0.777420,-0.009799
0.005742,0.777420,-0.009799
0.005746,0.777420,-0.009799
0.005749,0.757319,-0.029900
0.005752,0.777420,-0.029900
0.005755,0.777420,-0.029900
0.005758,0.777420,-0.029900
0.005762,0.777420,-0.029900
0.005765,0.777420,-0.009799
0.005768,0.777420,-0.029900
0.005771,0.757319,-0.029900
0.005774,0.777420,-0.029900
0.005778,0.777420,-0.029900
0.005781,0.777420,-0.029900
0.005784,0.777420,-0.029900
0.005787,0.777420,-0.029900
0.005790,0.777420,-0.029900
0.005794,0.757319,-0.029900
0.005797,0.777420,-0.009799
0.005800,0.757319,-0.029900
0.005803,0.777420,-0.029900
0.005806,0.757319,-0.009799
0.005810,0.757319,-0.029900
0.005813,0.777420,-0.009799
0.005816,0.757319,0.010301
0.005819,0.757319,-0.009799
0.005822,0.757319,-0.009799
0.005826,0.757319,-0.009799
0.005829,0.757319,-0.009799
0.005832,0.757319,-0.009799
0.005835,0.757319,-0.009799
0.005838,0.757319,0.010301
0.005842,0.757319,-0.009799
0.005845,0.777420,0.010301
0.005848,0.777420,-0.009799
0.005851,0.757319,0.010301
0.005854,0.757319,0.010301
0.005858,0.757319,0.010301
0.005861,0.757319,-0.009799
0.005864,0.757319,0.010301
0.005867,0.757319,0.010301
0.005870,0.757319,0.010301
0.005874,0.757319,-0.009799
0.005877,0.757319,0.010301
0.005880,0.757319,-0.009799
0.005883,0.757319,0.010301
0.005886,0.757319,0.010301
0.005890,0.757319,-0.009799
0.005893,0.757319,-0.009799
0.005896,0.757319,0.010301
0.005899,0.777420,0.010301
0.005902,0.757319,-0.009799
0.005906,0.757319,0.010301
0.005909,0.757319,-0.009799
0.005912,0.757319,0.010301
0.005915,0.737219,-0.009799
0.005918,0.757319,0.010301
0.005922,0.757319,0.010301
0.005925,0.757319,0.010301
0.005928,0.737219,-0.009799
0.005931,0.757319,-0.009799
0.005934,0.757319,-0.009799
0.005938,0.737219,0.010301
0.005941,0.757319,0.010301
0.005944,0.737219,0.010301
0.005947,0.757319,0.010301
0.005950,0.737219,-0.009799
0.005954,0.737219,-0.009799
0.005957,0.737219,-0.009799
0.005960,0.757319,0.010301
0.005963,0.737219,-0.009799
0.005966,0.737219,-0.009799
0.005970,0.757319,-0.009799
0.005973,0.737219,-0.009799
0.005976,0.737219,-0.009799
0.005979,0.737219,-0.009799
0.005982,0.737219,-0.009799
0.005986,0.737219,-0.009799
0.005989,0.737219,-0.009799
0.005992,0.737219,-0.029900
0.005995,0.737219,-0.009799
0.005998,0.717118,-0.009799
0.006002,0.737219,-0.009799
0.006005,0.737219,-0.009799
0.006008,0.737219,-0.009799
0.006011,0.737219,-0.009799
0.006014,0.737219,-0.009799
0.006018,0.737219,-0.009799
0.006021,0.737219,0.010301
0.006024,0.717118,0.010301
0.006027,0.737219,0.010301
0.006030,0.737219,-0.009799
0.006034,0.737219,0.010301
0.006037,0.737219,-0.009799
0.006040,0.717118,-0.009799
0.006043,0.757319,-0.009799
0.006046,0.737219,0.010301
0.006050,0.737219,0.010301
0.006053,0.737219,0.010301
0.006056,0.737219,0.010301
0.006059,0.717118,0.010301
0.006062,0.737219,0.010301
0.006066,0.717118,0.010301
0.006069,0.737219,0.010301
0.006072,0.737219,0.030402
0.006075,0.717118,0.030402
0.006078,0.737219,0.010301
0.006082,0.737219,0.010301
0.006085,0.717118,0.030402
0.006088,0.717118,0.030402
0.006091,0.717118,0.030402
0.006094,0.717118,0.030402
0.006098,0.717118,0.030402
0.006101,0.717118,0.030402
0.006104,0.717118,0.030402
0.006107,0.737219,0.030402
0.006110,0.717118,0.030402
0.006114,0.737219,0.010301
0.006117,0.717118,0.010301
0.006120,0.717118,0.030402
0.006123,0.717118,0.010301
0.006126,0.717118,0.030402
0.006130,0.717118,0.010301
0.006133,0.717118,0.030402
0.006136,0.717118,0.030402
0.006139,0.717118,0.030402
0.006142,0.717118,0.010301
0.006146,0.697018,0.030402
0.006149,0.717118,0.030402
0.006152,0.717118,0.030402
0.006155,0.717118,0.030402
0.006158,0.697018,0.030402
0.006162,0.717118,0.030402
0.006165,0.717118,0.050502
0.006168,0.717118,0.030402
0.006171,0.717118,0.030402
0.006174,0.717118,0.030402
0.006178,0.717118,0.030402
0.006181,0.717118,0.030402
0.006184,0.717118,0.030402
0.006187,0.697018,0.050502
0.006190,0.697018,0.030402
0.006194,0.717118,0.030402
0.006197,0.697018,0.030402
0.006200,0.717118,0.030402
0.006203,0.697018,0.030402
0.006206,0.717118,0.010301
0.006210,0.717118,0.010301
0.006213,0.717118,0.010301
0.006216,0.697018,0.010301
0.006219,0.697018,0.010301
0.006222,0.717118,0.010301
0.006226,0.697018,-0.009799
0.006229,0.697018,-0.009799
0.006232,0.697018,0.010301
0.006235,0.697018,-0.009799
0.006238,0.697018,0.010301
0.006242,0.676917,-0.009799
0.006245,0.697018,-0.009799
0.006248,0.697018,0.010301
0.006251,0.697018,-0.009799
0.006254,0.697018,-0.009799
0.006258,0.697018,0.010301
0.006261,0.676917,-0.009799
0.006264,0.697018,-0.009799
0.006267,0.697018,0.010301
0.006270,0.697018,0.010301
0.006274,0.697018,-0.009799
0.006277,0.697018,0.010301
0.006280,0.697018,0.010301
0.006283,0.697018,0.010301
0.006286,0.697018,0.030402
0.006290,0.697018,0.010301
0.006293,0.676917,0.010301
0.006296,0.676917,0.010301
0.006299,0.697018,0.010301
0.006302,0.697018,0.010301
0.006306,0.676917,0.010301
0.006309,0.676917,0.030402
0.006312,0.676917,0.010301
0.006315,0.676917,0.010301
0.006318,0.676917,0.030402
0.006322,0.676917,0.010301
0.006325,0.676917,0.030402
0.006328,0.676917,0.030402
0.006331,0.676917,0.030402
0.006334,0.676917,0.030402
0.006338,0.676917,0.030402
0.006341,0.656817,0.010301
0.006344,0.676917,0.010301
0.006347,0.676917,0.010301
0.006350,0.656817,-0.009799
0.006354,0.676917,0.010301
0.006357,0.656817,0.010301
0.006360,0.676917,0.010301
0.006363,0.676917,-0.009799
0.006366,0.656817,-0.009799
0.006370,0.656817,-0.009799
0.006373,0.656817,-0.009799
0.006376,0.656817,-0.009799
0.006379,0.676917,0.010301
0.006382,0.656817,0.010301
0.006386,0.656817,-0.009799
0.006389,0.676917,0.010301
0.006392,0.676917,-0.009799
0.006395,0.656817,0.010301
0.006398,0.656817,-0.009799
0.006402,0.656817,0.010301
0.006405,0.656817,0.030402
0.006408,0.656817,0.010301
0.006411,0.656817,0.010301
0.006414,0.656817,0.010301
0.006418,0.656817,0.010301
0.006421,0.656817,0.010301
0.006424,0.656817,0.010301
0.006427,0.656817,-0.009799
0.006430,0.656817,0.010301
0.006434,0.656817,0.010301
0.006437,0.656817,0.010301
0.006440,0.656817,0.010301
0.006443,0.656817,0.010301
0.006446,0.656817,0.010301
0.006450,0.656817,-0.009799
0.006453,0.656817,-0.009799
0.006456,0.656817,-0.009799
0.006459,0.636716,0.010301
0.006462,0.656817,0.010301
0.006466,0.636716,0.010301
0.006469,0.656817,0.010301
0.006472,0.636716,0.010301
0.006475,0.636716,0.010301
0.006478,0.636716,0.010301
0.006482,0.636716,0.010301
0.006485,0.636716,0.030402
0.006488,0.636716,0.010301
0.006491,0.636716,0.010301
0.006494,0.636716,0.010301
0.006498,0.656817,0.010301
0.006501,0.636716,0.010301
0.006504,0.636716,0.010301
0.006507,0.636716,0.010301
0.006510,0.616616,0.010301
0.006514,0.616616,0.010301
0.006517,0.636716,0.010301
0.006520,0.616616,0.010301
0.006523,0.616616,0.010301
0.006526,0.616616,0.010301
0.006530,0.636716,0.010301
0.006533,0.616616,-0.009799
0.006536,0.636716,-0.009799
0.006539,0.636716,0.010301
0.006542,0.616616,0.010301
0.006546,0.636716,0.010301
0.006549,0.636716,0.010301
0.006552,0.616616,0.010301
0.006555,0.616616,0.010301
0.006558,0.616616,0.010301
0.006562,0.616616,0.010301
0.006565,0.616616,0.010301
0.006568,0.616616,0.010301
0.006571,0.616616,-0.009799
0.006574,0.616616,-0.009799
0.006578,0.616616,-0.009799
0.006581,0.616616,-0.029900
0.006584,0.616616,-0.029900
0.006587,0.616616,-0.029900
0.006590,0.616616,-0.029900
0.006594,0.616616,-0.029900
0.006597,0.616616,-0.009799
0.006600,0.616616,-0.009799
0.006603,0.616616,-0.009799
0.006606,0.616616,0.010301
0.006610,0.616616,-0.009799
0.006613,0.596515,-0.009799
0.006616,0.596515,-0.009799
0.006619,0.616616,-0.009799
0.006622,0.616616,0.010301
0.006626,0.596515,0.010301
0.006629,0.596515,0.010301
0.006632,0.616616,0.030402
0.006635,0.596515,0.010301
0.006638,0.596515,0.010301
0.006642,0.596515,0.010301
0.006645,0.596515,0.010301
0.006648,0.596515,0.010301
0.006651,0.596515,0.010301
0.006654,0.596515,0.010301
0.006658,0.596515,0.030402
0.006661,0.596515,0.010301
0.006664,0.596515,0.010301
0.006667,0.596515,0.010301
0.006670,0.596515,0.010301
0.006674,0.596515,0.010301
0.006677,0.596515,0.010301
0.006680,0.596515,0.010301
0.006683,0.596515,0.010301
0.006686,0.576415,-0.009799
0.006690,0.596515,0.010301
0.006693,0.576415,0.010301
0.006696,0.596515,0.010301
0.006699,0.576415,0.010301
0.006702,0.576415,0.010301
0.006706,0.576415,0.010301
0.006709,0.576415,0.010301
0.006712,0.576415,0.010301
0.006715,0.576415,-0.009799
0.006718,0.596515,-0.009799
0.006722,0.596515,-0.009799
0.006725,0.576415,-0.009799
0.006728,0.576415,0.010301
0.006731,0.576415,-0.009799
0.006734,0.576415,0.010301
0.006738,0.576415,0.010301
0.006741,0.576415,0.010301
0.006744,0.576415,0.010301
0.006747,0.576415,0.010301
0.006750,0.576415,0.010301
0.006754,0.576415,0.010301
0.006757,0.576415,0.030402
0.006760,0.576415,0.010301
0.006763,0.576415,0.030402
0.006766,0.576415,0.030402
0.006770,0.576415,0.010301
0.006773,0.576415,0.010301
0.006776,0.556314,-0.009799
0.006779,0.556314,0.010301
0.006782,0.556314,0.010301
0.006786,0.556314,0.010301
0.006789,0.556314,0.010301
0.006792,0.556314,0.010301
0.006795,0.576415,0.010301
0.006798,0.556314,0.010301
0.006802,0.556314,-0.009799
0.006805,0.556314,0.010301
0.006808,0.556314,0.010301
0.006811,0.556314,0.010301
0.006814,0.556314,-0.009799
0.006818,0.556314,0.010301
0.006821,0.556314,0.010301
0.006824,0.536214,0.010301
0.006827,0.536214,0.030402
0.006830,0.536214,0.010301
0.006834,0.556314,0.030402
0.006837,0.556314,0.030402
0.006840,0.536214,0.030402
0.006843,0.556314,0.030402
0.006846,0.536214,0.030402
0.006850,0.536214,0.030402
0.006853,0.556314,0.030402
0.006856,0.536214,0.030402
0.006859,0.536214,0.010301
0.006862,0.536214,0.010301
0.006866,0.536214,0.030402
0.006869,0.536214,0.010301
0.006872,0.536214,0.010301
0.006875,0.536214,0.010301
0.006878,0.536214,0.010301
0.006882,0.536214,0.010301
0.006885,0.536214,0.010301
0.006888,0.536214,0.010301
0.006891,0.536214,0.010301
0.006894,0.536214,-0.009799
0.006898,0.516113,-0.009799
0.006901,0.516113,-0.009799
0.006904,0.516113,-0.009799
0.006907,0.536214,-0.009799
0.006910,0.516113,0.010301
0.006914,0.516113,-0.009799
0.006917,0.536214,0.010301
0.006920,0.536214,-0.009799
0.006923,0.516113,-0.009799
0.006926,0.516113,-0.009799
0.006930,0.516113,-0.009799
0.006933,0.516113,-0.009799
0.006936,0.516113,-0.009799
0.006939,0.516113,0.010301
0.006942,0.516113,0.010301
0.006946,0.536214,0.010301
0.006949,0.516113,0.010301
0.006952,0.516113,0.010301
0.006955,0.516113,0.010301
0.006958,0.516113,0.030402
0.006962,0.496013,0.010301
0.006965,0.516113,0.030402
0.006968,0.496013,0.030402
0.006971,0.496013,0.030402
0.006974,0.516113,0.010301
0.006978,0.496013,0.030402
0.006981,0.516113,0.030402
0.006984,0.496013,0.030402
0.006987,0.496013,0.030402
0.006990,0.516113,0.030402
0.006994,0.496013,0.010301
0.006997,0.516113,0.030402
0.007000,0.496013,0.030402
0.007003,0.496013,0.030402
0.007006,0.496013,0.030402
0.007010,0.516113,0.030402
0.007013,0.496013,0.030402
0.007016,0.496013,0.050502
0.007019,0.496013,0.050502
0.007022,0.496013,0.050502
0.007026,0.496013,0.050502
0.007029,0.496013,0.030402
0.007032,0.496013,0.050502
0.007035,0.496013,0.050502
0.007038,0.496013,0.030402
0.007042,0.496013,0.050502
0.007045,0.475912,0.030402
0.007048,0.475912,0.050502
0.007051,0.496013,0.050502
0.007054,0.475912,0.050502
0.007058,0.496013,0.050502
0.007061,0.475912,0.030402
0.007064,0.475912,0.030402
0.007067,0.475912,0.030402
0.007070,0.496013,0.030402
0.007074,0.475912,0.030402
0.007077,0.475912,0.030402
0.007080,0.475912,0.010301
0.007083,0.475912,0.010301
0.007086,0.475912,0.030402
0.007090,0.475912,0.010301
0.007093,0.475912,0.010301
0.007096,0.475912,0.010301
0.007099,0.475912,0.010301
0.007102,0.475912,0.030402
0.007106,0.475912,0.030402
0.007109,0.475912,0.010301
0.007112,0.455811,0.010301
0.007115,0.455811,0.010301
0.007118,0.475912,0.010301
0.007122,0.455811,0.010301
0.007125,0.455811,0.010301
0.007128,0.455811,0.010301
0.007131,0.455811,0.010301
0.007134,0.475912,-0.009799
0.007138,0.455811,0.010301
0.007141,0.455811,0.010301
0.007144,0.455811,0.010301
0.007147,0.475912,0.010301
0.007150,0.455811,0.010301
0.007154,0.455811,0.010301
0.007157,0.455811,0.010301
0.007160,0.455811,0.010301
0.007163,0.455811,0.010301
0.007166,0.455811,0.010301
0.007170,0.455811,0.030402
0.007173,0.455811,0.010301
0.007176,0.455811,0.010301
0.007179,0.455811,0.010301
0.007182,0.455811,0.010301
0.007186,0.455811,0.030402
0.007189,0.435711,0.030402
0.007192,0.435711,0.030402
0.007195,0.435711,0.030402
0.007198,0.455811,0.010301
0.007202,0.435711,0.010301
0.007205,0.435711,0.010301
0.007208,0.435711,0.030402
0.007211,0.435711,0.030402
0.007214,0.435711,0.010301
0.007218,0.435711,0.030402
0.007221,0.435711,0.030402
0.007224,0.435711,0.030402
0.007227,0.435711,0.030402
0.007230,0.435711,0.050502
0.007234,0.435711,0.050502
0.007237,0.435711,0.050502
0.007240,0.415610,0.050502
0.007243,0.415610,0.030402
0.007246,0.435711,0.030402
0.007250,0.435711,0.050502
0.007253,0.415610,0.050502
0.007256,0.415610,0.050502
0.007259,0.415610,0.070603
0.007262,0.415610,0.050502
0.007266,0.415610,0.070603
0.007269,0.435711,0.050502
0.007272,0.435711,0.050502
0.007275,0.415610,0.050502
0.007278,0.415610,0.070603
0.007282,0.415610,0.070603
0.007285,0.415610,0.070603
0.007288,0.415610,0.070603
0.007291,0.415610,0.070603
0.007294,0.435711,0.070603
0.007298,0.415610,0.070603
0.007301,0.415610,0.070603
0.007304,0.415610,0.070603
0.007307,0.415610,0.070603
0.007310,0.415610,0.090704
0.007314,0.415610,0.090704
0.007317,0.415610,0.090704
0.007320,0.415610,0.110804
0.007323,0.415610,0.110804
0.007326,0.415610,0.110804
0.007330,0.395510,0.130904
0.007333,0.395510,0.130904
0.007336,0.395510,0.130904
0.007339,0.415610,0.151005
0.007342,0.415610,0.151005
0.007346,0.415610,0.151005
0.007349,0.395510,0.171106
0.007352,0.395510,0.171106
0.007355,0.395510,0.191206
0.007358,0.395510,0.211307
0.007362,0.415610,0.191206
0.007365,0.395510,0.231407
0.007368,0.395510,0.211307
0.007371,0.395510,0.231407
0.007374,0.395510,0.251507
0.007378,0.395510,0.271608
0.007381,0.395510,0.291709
0.007384,0.395510,0.291709
0.007387,0.395510,0.331910
0.007390,0.395510,0.331910
0.007394,0.395510,0.372111
0.007397,0.395510,0.392211
0.007400,0.395510,0.412311
0.007403,0.395510,0.432412
0.007406,0.395510,0.472613
0.007410,0.395510,0.512814
0.007413,0.375410,0.532914
0.007416,0.375410,0.553015
0.007419,0.375410,0.593216
0.007422,0.375410,0.633417
0.007426,0.375410,0.673618
0.007429,0.375410,0.693719
0.007432,0.375410,0.733919
0.007435,0.375410,0.733919
0.007438,0.375410,0.794221
0.007442,0.375410,0.814321
0.007445,0.375410,0.854522
0.007448,0.375410,0.854522
0.007451,0.375410,0.854522
0.007454,0.375410,0.894724
0.007458,0.355309,0.894724
0.007461,0.375410,0.894724
0.007464,0.355309,0.914824
0.007467,0.375410,0.894724
0.007470,0.355309,0.894724
0.007474,0.355309,0.894724
0.007477,0.355309,0.874623
0.007480,0.375410,0.874623
0.007483,0.355309,0.834422
0.007486,0.375410,0.834422
0.007490,0.355309,0.794221
0.007493,0.355309,0.774120
0.007496,0.355309,0.754020
0.007499,0.355309,0.713819
0.007502,0.355309,0.693719
0.007506,0.355309,0.653517
0.007509,0.355309,0.613316
0.007512,0.355309,0.573115
0.007515,0.355309,0.553015
0.007518,0.355309,0.512814
0.007522,0.355309,0.472613
0.007525,0.355309,0.452513
0.007528,0.355309,0.452513
0.007531,0.355309,0.392211
0.007534,0.355309,0.372111
0.007538,0.335209,0.352010
0.007541,0.335209,0.331910
0.007544,0.335209,0.291709
0.007547,0.355309,0.271608
0.007550,0.335209,0.251507
0.007554,0.355309,0.251507
0.007557,0.335209,0.211307
0.007560,0.355309,0.211307
0.007563,0.335209,0.191206
0.007566,0.335209,0.171106
0.007570,0.335209,0.171106
0.007573,0.335209,0.110804
0.007576,0.335209,0.110804
0.007579,0.335209,0.110804
0.007582,0.315108,0.070603
0.007586,0.335209,0.090704
0.007589,0.335209,0.070603
0.007592,0.335209,0.070603
0.007595,0.335209,0.050502
0.007598,0.335209,0.050502
0.007602,0.335209,0.030402
0.007605,0.335209,0.030402
0.007608,0.315108,0.030402
0.007611,0.335209,0.010301
0.007614,0.335209,0.010301
0.007618,0.315108,-0.009799
0.007621,0.315108,-0.009799
0.007624,0.315108,-0.009799
0.007627,0.315108,-0.009799
0.007630,0.315108,-0.029900
0.007634,0.315108,-0.029900
0.007637,0.335209,-0.029900
0.007640,0.315108,-0.029900
0.007643,0.315108,-0.050000
0.007646,0.315108,-0.050000
0.007650,0.315108,-0.029900
0.007653,0.315108,-0.050000
0.007656,0.315108,-0.050000
0.007659,0.315108,-0.050000
0.007662,0.315108,-0.050000
0.007666,0.315108,-0.070101
0.007669,0.315108,-0.070101
0.007672,0.315108,-0.090201
0.007675,0.315108,-0.090201
0.007678,0.315108,-0.090201
0.007682,0.295007,-0.090201
0.007685,0.295007,-0.090201
0.007688,0.295007,-0.090201
0.007691,0.315108,-0.090201
0.007694,0.315108,-0.110301
0.007698,0.315108,-0.110301
0.007701,0.295007,-0.110301
0.007704,0.295007,-0.110301
0.007707,0.295007,-0.090201
0.007710,0.295007,-0.110301
0.007714,0.295007,-0.110301
0.007717,0.315108,-0.110301
0.007720,0.295007,-0.110301
0.007723,0.295007,-0.110301
0.007726,0.295007,-0.110301
0.007730,0.295007,-0.130402
0.007733,0.295007,-0.110301
0.007736,0.295007,-0.130402
0.007739,0.315108,-0.130402
0.007742,0.295007,-0.130402
0.007746,0.295007,-0.130402
0.007749,0.295007,-0.130402
0.007752,0.295007,-0.150502
0.007755,0.274907,-0.150502
0.007758,0.274907,-0.130402
0.007762,0.295007,-0.130402
0.007765,0.295007,-0.150502
0.007768,0.274907,-0.130402
0.007771,0.274907,-0.150502
0.007774,0.274907,-0.130402
0.007778,0.274907,-0.150502
0.007781,0.274907,-0.150502
0.007784,0.274907,-0.150502
0.007787,0.295007,-0.150502
0.007790,0.274907,-0.150502
0.007794,0.274907,-0.150502
0.007797,0.274907,-0.150502
0.007800,0.274907,-0.150502
0.007803,0.274907,-0.150502
0.007806,0.254806,-0.170603
0.007810,0.274907,-0.170603
0.007813,0.274907,-0.170603
0.007816,0.274907,-0.150502
0.007819,0.274907,-0.150502
0.007822,0.274907,-0.170603
0.007826,0.274907,-0.150502
0.007829,0.274907,-0.150502
0.007832,0.274907,-0.150502
0.007835,0.254806,-0.150502
0.007838,0.274907,-0.150502
0.007842,0.254806,-0.150502
0.007845,0.254806,-0.150502
0.007848,0.274907,-0.150502
0.007851,0.254806,-0.130402
0.007854,0.254806,-0.150502
0.007858,0.274907,-0.150502
0.007861,0.254806,-0.150502
0.007864,0.254806,-0.150502
0.007867,0.254806,-0.130402
0.007870,0.254806,-0.150502
0.007874,0.254806,-0.150502
0.007877,0.254806,-0.150502
0.007880,0.254806,-0.150502
0.007883,0.254806,-0.130402
0.007886,0.254806,-0.150502
0.007890,0.274907,-0.130402
0.007893,0.254806,-0.150502
0.007896,0.254806,-0.150502
0.007899,0.254806,-0.130402
0.007902,0.234706,-0.130402
0.007906,0.254806,-0.130402
0.007909,0.254806,-0.130402
0.007912,0.234706,-0.130402
0.007915,0.254806,-0.130402
0.007918,0.234706,-0.130402
0.007922,0.234706,-0.130402
0.007925,0.234706,-0.130402
0.007928,0.234706,-0.130402
0.007931,0.234706,-0.150502
0.007934,0.234706,-0.130402
0.007938,0.234706,-0.130402
0.007941,0.234706,-0.130402
0.007944,0.234706,-0.130402
0.007947,0.234706,-0.150502
0.007950,0.234706,-0.130402
0.007954,0.234706,-0.130402
0.007957,0.214606,-0.110301
0.007960,0.234706,-0.130402
0.007963,0.234706,-0.110301
0.007966,0.214606,-0.130402
0.007970,0.214606,-0.110301
0.007973,0.234706,-0.130402
0.007976,0.234706,-0.110301
0.007979,0.234706,-0.110301
0.007982,0.234706,-0.130402
0.007986,0.234706,-0.130402
0.007989,0.234706,-0.130402
0.007992,0.214606,-0.110301
0.007995,0.234706,-0.130402
0.007998,0.214606,-0.130402
0.008002,0.214606,-0.130402
0.008005,0.214606,-0.130402
0.008008,0.214606,-0.110301
0.008011,0.214606,-0.110301
0.008014,0.214606,-0.130402
0.008018,0.214606,-0.110301
0.008021,0.234706,-0.110301
0.008024,0.214606,-0.110301
0.008027,0.214606,-0.110301
0.008030,0.214606,-0.110301
0.008034,0.214606,-0.110301
0.008037,0.214606,-0.110301
0.008040,0.214606,-0.110301
0.008043,0.194505,-0.130402
0.008046,0.214606,-0.110301
0.008050,0.194505,-0.110301
0.008053,0.214606,-0.110301
0.008056,0.194505,-0.110301
0.008059,0.214606,-0.110301
0.008062,0.214606,-0.110301
0.008066,0.214606,-0.110301
0.008069,0.194505,-0.110301
0.008072,0.214606,-0.110301
0.008075,0.194505,-0.110301
0.008078,0.214606,-0.110301
0.008082,0.194505,-0.110301
0.008085,0.194505,-0.110301
0.008088,0.214606,-0.110301
0.008091,0.194505,-0.110301
0.008094,0.214606,-0.130402
0.008098,0.194505,-0.110301
0.008101,0.194505,-0.110301
0.008104,0.174404,-0.110301
0.008107,0.194505,-0.110301
0.008110,0.194505,-0.090201
0.008114,0.194505,-0.110301
0.008117,0.174404,-0.090201
0.008120,0.194505,-0.090201
0.008123,0.194505,-0.110301
0.008126,0.174404,-0.110301
0.008130,0.174404,-0.110301
0.008133,0.194505,-0.110301
0.008136,0.194505,-0.090201
0.008139,0.174404,-0.090201
0.008142,0.174404,-0.110301
0.008146,0.174404,-0.090201
0.008149,0.174404,-0.110301
0.008152,0.194505,-0.110301
0.008155,0.174404,-0.090201
0.008158,0.194505,-0.110301
0.008162,0.174404,-0.090201
0.008165,0.174404,-0.110301
0.008168,0.174404,-0.090201
0.008171,0.174404,-0.090201
0.008174,0.174404,-0.090201
0.008178,0.174404,-0.090201
0.008181,0.174404,-0.090201
0.008184,0.174404,-0.090201
0.008187,0.154304,-0.090201
0.008190,0.174404,-0.090201
0.008194,0.174404,-0.090201
0.008197,0.174404,-0.090201
0.008200,0.174404,-0.090201
0.008203,0.174404,-0.090201
0.008206,0.154304,-0.090201
0.008210,0.174404,-0.090201
0.008213,0.174404,-0.090201
0.008216,0.154304,-0.070101
0.008219,0.154304,-0.070101
0.008222,0.154304,-0.070101
0.008226,0.154304,-0.070101
0.008229,0.154304,-0.050000
0.008232,0.154304,-0.070101
0.008235,0.154304,-0.070101
0.008238,0.154304,-0.070101
0.008242,0.154304,-0.050000
0.008245,0.154304,-0.050000
0.008248,0.154304,-0.050000
0.008251,0.154304,-0.050000
0.008254,0.154304,-0.050000
0.008258,0.154304,-0.050000
0.008261,0.154304,-0.050000
0.008264,0.154304,-0.070101
0.008267,0.154304,-0.050000
0.008270,0.154304,-0.050000
0.008274,0.154304,-0.050000
0.008277,0.134204,-0.050000
0.008280,0.154304,-0.050000
0.008283,0.154304,-0.029900
0.008286,0.134204,-0.050000
0.008290,0.134204,-0.029900
0.008293,0.134204,-0.029900
0.008296,0.134204,-0.050000
0.008299,0.154304,-0.029900
0.008302,0.134204,-0.050000
0.008306,0.114103,-0.050000
0.008309,0.134204,-0.070101
0.008312,0.134204,-0.050000
0.008315,0.134204,-0.070101
0.008318,0.134204,-0.070101
0.008322,0.134204,-0.050000
0.008325,0.114103,-0.050000
0.008328,0.134204,-0.070101
0.008331,0.134204,-0.070101
0.008334,0.134204,-0.070101
0.008338,0.134204,-0.070101
0.008341,0.134204,-0.070101
0.008344,0.134204,-0.070101
0.008347,0.134204,-0.070101
0.008350,0.114103,-0.090201
0.008354,0.114103,-0.070101
0.008357,0.134204,-0.070101
0.008360,0.134204,-0.070101
0.008363,0.114103,-0.050000
0.008366,0.114103,-0.050000
0.008370,0.134204,-0.050000
0.008373,0.114103,-0.029900
0.008376,0.134204,-0.050000
0.008379,0.114103,-0.050000
0.008382,0.134204,-0.050000
0.008386,0.114103,-0.070101
0.008389,0.114103,-0.050000
0.008392,0.114103,-0.050000
0.008395,0.114103,-0.070101
0.008398,0.114103,-0.050000
0.008402,0.114103,-0.070101
0.008405,0.114103,-0.070101
0.008408,0.094002,-0.070101
0.008411,0.094002,-0.070101
0.008414,0.114103,-0.070101
0.008418,0.114103,-0.050000
0.008421,0.094002,-0.050000
0.008424,0.094002,-0.029900
0.008427,0.094002,-0.029900
0.008430,0.094002,-0.009799
0.008434,0.094002,-0.029900
0.008437,0.094002,-0.029900
0.008440,0.114103,-0.029900
0.008443,0.114103,-0.029900
0.008446,0.094002,-0.029900
0.008450,0.094002,-0.029900
0.008453,0.094002,-0.029900
0.008456,0.114103,-0.029900
0.008459,0.094002,-0.029900
0.008462,0.094002,-0.029900
0.008466,0.094002,-0.029900
0.008469,0.094002,-0.029900
0.008472,0.094002,-0.029900
0.008475,0.094002,-0.029900
0.008478,0.094002,-0.029900
0.008482,0.094002,-0.029900
0.008485,0.094002,-0.029900
0.008488,0.094002,-0.029900
0.008491,0.073902,-0.029900
0.008494,0.094002,-0.029900
0.008498,0.094002,-0.029900
0.008501,0.073902,-0.009799
0.008504,0.073902,-0.029900
0.008507,0.073902,-0.029900
0.008510,0.073902,-0.029900
0.008514,0.073902,-0.050000
0.008517,0.073902,-0.029900
0.008520,0.073902,-0.050000
0.008523,0.073902,-0.050000
0.008526,0.073902,-0.029900
0.008530,0.094002,-0.029900
0.008533,0.073902,-0.050000
0.008536,0.073902,-0.050000
0.008539,0.073902,-0.050000
0.008542,0.053802,-0.029900
0.008546,0.073902,-0.050000
0.008549,0.053802,-0.029900
0.008552,0.073902,-0.050000
0.008555,0.073902,-0.050000
0.008558,0.073902,-0.050000
0.008562,0.053802,-0.050000
0.008565,0.053802,-0.050000
0.008568,0.073902,-0.050000
0.008571,0.073902,-0.050000
0.008574,0.073902,-0.050000
0.008578,0.053802,-0.050000
0.008581,0.053802,-0.050000
0.008584,0.053802,-0.050000
0.008587,0.053802,-0.050000
0.008590,0.053802,-0.050000
0.008594,0.053802,-0.050000
0.008597,0.053802,-0.050000
0.008600,0.053802,-0.070101
0.008603,0.053802,-0.050000
0.008606,0.053802,-0.070101
0.008610,0.053802,-0.070101
0.008613,0.053802,-0.050000
0.008616,0.053802,-0.070101
0.008619,0.053802,-0.070101
0.008622,0.053802,-0.070101
0.008626,0.053802,-0.070101
0.008629,0.053802,-0.070101
0.008632,0.053802,-0.050000
0.008635,0.053802,-0.070101
0.008638,0.053802,-0.070101
0.008642,0.033701,-0.070101
0.008645,0.053802,-0.070101
0.008648,0.033701,-0.070101
0.008651,0.033701,-0.070101
0.008654,0.053802,-0.070101
0.008658,0.033701,-0.050000
0.008661,0.033701,-0.070101
0.008664,0.053802,-0.070101
0.008667,0.033701,-0.070101
0.008670,0.033701,-0.070101
0.008674,0.033701,-0.050000
0.008677,0.033701,-0.070101
0.008680,0.033701,-0.070101
0.008683,0.033701,-0.070101
0.008686,0.033701,-0.070101
0.008690,0.033701,-0.070101
0.008693,0.033701,-0.050000
0.008696,0.033701,-0.070101
0.008699,0.033701,-0.050000
0.008702,0.033701,-0.050000
0.008706,0.033701,-0.050000
0.008709,0.013601,-0.050000
0.008712,0.033701,-0.070101
0.008715,0.033701,-0.070101
0.008718,0.033701,-0.070101
0.008722,0.013601,-0.070101
0.008725,0.033701,-0.070101
0.008728,0.033701,-0.070101
0.008731,0.033701,-0.070101
0.008734,0.033701,-0.050000
0.008738,0.013601,-0.070101
0.008741,0.013601,-0.070101
0.008744,0.013601,-0.070101
0.008747,0.033701,-0.070101
0.008750,0.013601,-0.070101
0.008754,0.013601,-0.070101
0.008757,0.013601,-0.050000
0.008760,0.013601,-0.050000
0.008763,0.013601,-0.050000
0.008766,0.013601,-0.050000
0.008770,0.013601,-0.050000
0.008773,0.013601,-0.029900
0.008776,0.013601,-0.050000
0.008779,0.013601,-0.050000
0.008782,0.013601,-0.050000
0.008786,-0.006500,-0.050000
0.008789,0.013601,-0.050000
0.008792,-0.006500,-0.050000
0.008795,0.013601,-0.050000
0.008798,-0.006500,-0.050000
0.008802,-0.006500,-0.050000
0.008805,-0.006500,-0.050000
0.008808,-0.006500,-0.050000
0.008811,-0.006500,-0.050000
0.008814,0.013601,-0.050000
0.008818,-0.006500,-0.050000
0.008821,-0.006500,-0.070101
0.008824,-0.006500,-0.050000
0.008827,-0.006500,-0.050000
0.008830,-0.006500,-0.050000
0.008834,-0.006500,-0.050000
0.008837,0.013601,-0.050000
0.008840,-0.006500,-0.050000
0.008843,-0.006500,-0.050000
0.008846,-0.006500,-0.050000
0.008850,-0.006500,-0.050000
0.008853,-0.006500,-0.029900
0.008856,-0.006500,-0.050000
0.008859,-0.006500,-0.029900
0.008862,-0.026600,-0.050000
0.008866,-0.026600,-0.050000
0.008869,-0.026600,-0.050000
0.008872,-0.006500,-0.050000
0.008875,-0.006500,-0.050000
0.008878,-0.026600,-0.029900
0.008882,-0.026600,-0.050000
0.008885,-0.006500,-0.050000
0.008888,-0.006500,-0.070101
0.008891,-0.026600,-0.050000
0.008894,-0.026600,-0.050000
0.008898,-0.026600,-0.050000
0.008901,-0.026600,-0.050000
0.008904,-0.026600,-0.050000
0.008907,-0.026600,-0.050000
0.008910,-0.026600,-0.050000
0.008914,-0.006500,-0.050000
0.008917,-0.026600,-0.050000
0.008920,-0.026600,-0.050000
0.008923,-0.026600,-0.050000
0.008926,-0.026600,-0.050000
0.008930,-0.026600,-0.050000
0.008933,-0.026600,-0.070101
0.008936,-0.026600,-0.050000
0.008939,-0.026600,-0.050000
0.008942,-0.046701,-0.050000
0.008946,-0.026600,-0.050000
0.008949,-0.026600,-0.050000
0.008952,-0.026600,-0.050000
0.008955,-0.026600,-0.070101
0.008958,-0.046701,-0.070101
0.008962,-0.026600,-0.070101
0.008965,-0.046701,-0.070101
0.008968,-0.046701,-0.070101
0.008971,-0.046701,-0.090201
0.008974,-0.046701,-0.090201
0.008978,-0.046701,-0.070101
0.008981,-0.046701,-0.070101
0.008984,-0.046701,-0.070101
0.008987,-0.046701,-0.070101
0.008990,-0.046701,-0.070101
0.008994,-0.046701,-0.050000
0.008997,-0.046701,-0.070101
0.009000,-0.046701,-0.070101
0.009003,-0.046701,-0.070101
0.009006,-0.046701,-0.070101
0.009010,-0.046701,-0.090201
0.009013,-0.066801,-0.090201
0.009016,-0.046701,-0.090201
0.009019,-0.066801,-0.090201
0.009022,-0.046701,-0.090201
0.009026,-0.046701,-0.090201
0.009029,-0.046701,-0.090201
0.009032,-0.046701,-0.090201
0.009035,-0.066801,-0.090201
0.009038,-0.046701,-0.110301
0.009042,-0.066801,-0.110301
0.009045,-0.066801,-0.110301
0.009048,-0.066801,-0.090201
0.009051,-0.066801,-0.090201
0.009054,-0.066801,-0.090201
0.009058,-0.066801,-0.110301
0.009061,-0.046701,-0.110301
0.009064,-0.066801,-0.090201
0.009067,-0.066801,-0.090201
0.009070,-0.066801,-0.090201
0.009074,-0.086902,-0.090201
0.009077,-0.046701,-0.090201
0.009080,-0.086902,-0.090201
0.009083,-0.066801,-0.090201
0.009086,-0.086902,-0.070101
0.009090,-0.066801,-0.070101
0.009093,-0.066801,-0.070101
0.009096,-0.066801,-0.070101
0.009099,-0.066801,-0.090201
0.009102,-0.066801,-0.070101
0.009106,-0.066801,-0.070101
0.009109,-0.086902,-0.050000
0.009112,-0.086902,-0.050000
0.009115,-0.066801,-0.070101
0.009118,-0.086902,-0.050000
0.009122,-0.086902,-0.070101
0.009125,-0.086902,-0.070101
0.009128,-0.066801,-0.070101
0.009131,-0.086902,-0.050000
0.009134,-0.086902,-0.070101
0.009138,-0.086902,-0.070101
0.009141,-0.086902,-0.070101
0.009144,-0.086902,-0.070101
0.009147,-0.086902,-0.070101
0.009150,-0.086902,-0.070101
0.009154,-0.086902,-0.050000
0.009157,-0.086902,-0.050000
0.009160,-0.107003,-0.050000
0.009163,-0.107003,-0.050000
0.009166,-0.086902,-0.050000
0.009170,-0.086902,-0.050000
0.009173,-0.086902,-0.070101
0.009176,-0.107003,-0.050000
0.009179,-0.107003,-0.070101
0.009182,-0.086902,-0.050000
0.009186,-0.086902,-0.050000
0.009189,-0.107003,-0.070101
0.009192,-0.107003,-0.050000
0.009195,-0.107003,-0.050000
0.009198,-0.107003,-0.050000
0.009202,-0.107003,-0.050000
0.009205,-0.107003,-0.050000
0.009208,-0.107003,-0.070101
0.009211,-0.107003,-0.050000
0.009214,-0.107003,-0.050000
0.009218,-0.127103,-0.050000
0.009221,-0.107003,-0.050000
0.009224,-0.127103,-0.050000
0.009227,-0.107003,-0.029900
0.009230,-0.107003,-0.029900
0.009234,-0.127103,-0.009799
0.009237,-0.107003,-0.009799
0.009240,-0.127103,-0.009799
0.009243,-0.107003,-0.009799
0.009246,-0.107003,-0.009799
0.009250,-0.127103,-0.009799
0.009253,-0.127103,-0.009799
0.009256,-0.127103,-0.009799
0.009259,-0.127103,-0.009799
0.009262,-0.127103,-0.009799
0.009266,-0.127103,-0.009799
0.009269,-0.127103,-0.009799
0.009272,-0.127103,-0.009799
0.009275,-0.127103,-0.009799
0.009278,-0.127103,-0.009799
0.009282,-0.127103,0.010301
0.009285,-0.127103,-0.009799
0.009288,-0.127103,-0.009799
0.009291,-0.127103,-0.009799
0.009294,-0.127103,-0.029900
0.009298,-0.127103,-0.029900
0.009301,-0.127103,-0.029900
0.009304,-0.127103,-0.029900
0.009307,-0.127103,-0.050000
0.009310,-0.127103,-0.050000
0.009314,-0.127103,-0.050000
0.009317,-0.127103,-0.029900
0.009320,-0.127103,-0.050000
0.009323,-0.147204,-0.029900
0.009326,-0.127103,-0.029900
0.009330,-0.147204,-0.050000
0.009333,-0.147204,-0.029900
0.009336,-0.127103,-0.050000
0.009339,-0.147204,-0.050000
0.009342,-0.147204,-0.050000
0.009346,-0.147204,-0.050000
0.009349,-0.127103,-0.070101
0.009352,-0.147204,-0.050000
0.009355,-0.147204,-0.050000
0.009358,-0.147204,-0.070101
0.009362,-0.147204,-0.050000
0.009365,-0.147204,-0.050000
0.009368,-0.147204,-0.050000
0.009371,-0.147204,-0.050000
0.009374,-0.147204,-0.050000
0.009378,-0.147204,-0.050000
0.009381,-0.147204,-0.050000
0.009384,-0.167304,-0.050000
0.009387,-0.147204,-0.029900
0.009390,-0.147204,-0.029900
0.009394,-0.167304,-0.050000
0.009397,-0.147204,-0.050000
0.009400,-0.147204,-0.029900
0.009403,-0.147204,-0.029900
0.009406,-0.147204,-0.050000
0.009410,-0.167304,-0.029900
0.009413,-0.167304,-0.029900
0.009416,-0.167304,-0.050000
0.009419,-0.147204,-0.050000
0.009422,-0.167304,-0.050000
0.009426,-0.167304,-0.050000
0.009429,-0.167304,-0.050000
0.009432,-0.167304,-0.070101
0.009435,-0.167304,-0.050000
0.009438,-0.167304,-0.050000
0.009442,-0.167304,-0.070101
0.009445,-0.187405,-0.050000
0.009448,-0.187405,-0.070101
0.009451,-0.167304,-0.070101
0.009454,-0.167304,-0.070101
0.009458,-0.167304,-0.070101
0.009461,-0.167304,-0.070101
0.009464,-0.187405,-0.070101
0.009467,-0.187405,-0.070101
0.009470,-0.167304,-0.070101
0.009474,-0.167304,-0.070101
0.009477,-0.187405,-0.050000
0.009480,-0.187405,-0.070101
0.009483,-0.187405,-0.070101
0.009486,-0.187405,-0.070101
0.009490,-0.167304,-0.070101
0.009493,-0.187405,-0.070101
0.009496,-0.187405,-0.070101
0.009499,-0.187405,-0.070101
0.009502,-0.187405,-0.070101
0.009506,-0.187405,-0.070101
0.009509,-0.187405,-0.050000
0.009512,-0.187405,-0.070101
0.009515,-0.187405,-0.070101
0.009518,-0.207505,-0.070101
0.009522,-0.207505,-0.070101
0.009525,-0.187405,-0.050000
0.009528,-0.207505,-0.050000
0.009531,-0.187405,-0.050000
0.009534,-0.207505,-0.070101
0.009538,-0.187405,-0.050000
0.009541,-0.187405,-0.070101
0.009544,-0.187405,-0.050000
0.009547,-0.207505,-0.050000
0.009550,-0.207505,-0.050000
0.009554,-0.207505,-0.050000
0.009557,-0.207505,-0.050000
0.009560,-0.207505,-0.050000
0.009563,-0.207505,-0.050000
0.009566,-0.207505,-0.050000
0.009570,-0.207505,-0.050000
0.009573,-0.207505,-0.029900
0.009576,-0.207505,-0.050000
0.009579,-0.207505,-0.050000
0.009582,-0.207505,-0.050000
0.009586,-0.227606,-0.050000
0.009589,-0.207505,-0.029900
0.009592,-0.207505,-0.050000
0.009595,-0.207505,-0.050000
0.009598,-0.207505,-0.050000
0.009602,-0.207505,-0.070101
0.009605,-0.227606,-0.050000
0.009608,-0.207505,-0.050000
0.009611,-0.207505,-0.050000
0.009614,-0.227606,-0.050000
0.009618,-0.207505,-0.050000
0.009621,-0.227606,-0.070101
0.009624,-0.207505,-0.050000
0.009627,-0.207505,-0.070101
0.009630,-0.227606,-0.050000
0.009634,-0.207505,-0.050000
0.009637,-0.227606,-0.050000
0.009640,-0.227606,-0.050000
0.009643,-0.227606,-0.050000
0.009646,-0.227606,-0.050000
0.009650,-0.227606,-0.029900
0.009653,-0.227606,-0.029900
0.009656,-0.227606,-0.029900
0.009659,-0.227606,-0.050000
0.009662,-0.227606,-0.050000
0.009666,-0.247706,-0.029900
0.009669,-0.227606,-0.029900
0.009672,-0.227606,-0.050000
0.009675,-0.227606,-0.029900
0.009678,-0.227606,-0.029900
0.009682,-0.227606,-0.050000
0.009685,-0.227606,-0.029900
0.009688,-0.227606,-0.050000
0.009691,-0.227606,-0.050000
0.009694,-0.247706,-0.050000
0.009698,-0.227606,-0.050000
0.009701,-0.247706,-0.050000
0.009704,-0.247706,-0.050000
0.009707,-0.247706,-0.050000
0.009710,-0.227606,-0.050000
0.009714,-0.247706,-0.050000
0.009717,-0.247706,-0.050000
0.009720,-0.247706,-0.050000
0.009723,-0.247706,-0.050000
0.009726,-0.247706,-0.050000
0.009730,-0.247706,-0.050000
0.009733,-0.227606,-0.070101
0.009736,-0.267807,-0.050000
0.009739,-0.247706,-0.070101
0.009742,-0.247706,-0.070101
0.009746,-0.247706,-0.070101
0.009749,-0.247706,-0.070101
0.009752,-0.267807,-0.070101
0.009755,-0.247706,-0.070101
0.009758,-0.247706,-0.050000
0.009762,-0.247706,-0.050000
0.009765,-0.267807,-0.050000
0.009768,-0.267807,-0.050000
0.009771,-0.267807,-0.050000
0.009774,-0.267807,-0.050000
0.009778,-0.267807,-0.050000
0.009781,-0.267807,-0.050000
0.009784,-0.267807,-0.050000
0.009787,-0.267807,-0.029900
0.009790,-0.267807,-0.050000
0.009794,-0.267807,-0.050000
0.009797,-0.267807,-0.029900
0.009800,-0.267807,-0.029900
0.009803,-0.267807,-0.029900
0.009806,-0.267807,-0.029900
0.009810,-0.287907,-0.029900
0.009813,-0.267807,-0.029900
0.009816,-0.287907,-0.029900
0.009819,-0.267807,-0.029900
0.009822,-0.267807,-0.029900
0.009826,-0.287907,-0.029900
0.009829,-0.267807,-0.029900
0.009832,-0.267807,-0.029900
0.009835,-0.287907,-0.029900
0.009838,-0.287907,-0.029900
0.009842,-0.267807,-0.029900
0.009845,-0.308007,-0.050000
0.009848,-0.287907,-0.029900
0.009851,-0.267807,-0.029900
0.009854,-0.287907,-0.029900
0.009858,-0.287907,-0.029900
0.009861,-0.267807,-0.029900
0.009864,-0.287907,-0.050000
0.009867,-0.287907,-0.050000
0.009870,-0.287907,-0.029900
0.009874,-0.287907,-0.029900
0.009877,-0.287907,-0.029900
0.009880,-0.287907,-0.009799
0.009883,-0.287907,-0.029900
0.009886,-0.287907,-0.029900
0.009890,-0.287907,-0.029900
0.009893,-0.308007,-0.050000
0.009896,-0.287907,-0.029900
0.009899,-0.308007,-0.029900
0.009902,-0.287907,-0.050000
0.009906,-0.287907,-0.050000
0.009909,-0.308007,-0.029900
0.009912,-0.287907,-0.029900
0.009915,-0.287907,-0.029900
0.009918,-0.308007,-0.050000
0.009922,-0.308007,-0.029900
0.009925,-0.287907,-0.029900
0.009928,-0.308007,-0.029900
0.009931,-0.287907,-0.009799
0.009934,-0.308007,-0.029900
0.009938,-0.308007,-0.009799
0.009941,-0.308007,-0.009799
0.009944,-0.308007,-0.009799
0.009947,-0.308007,-0.009799
0.009950,-0.308007,-0.009799
0.009954,-0.287907,0.010301
0.009957,-0.308007,-0.009799
0.009960,-0.308007,-0.009799
0.009963,-0.308007,-0.009799
0.009966,-0.308007,-0.009799
0.009970,-0.308007,-0.009799
0.009973,-0.308007,-0.009799
0.009976,-0.328108,-0.009799
0.009979,-0.328108,-0.009799
0.009982,-0.328108,-0.009799
0.009986,-0.328108,-0.009799
0.009989,-0.328108,-0.009799
0.009992,-0.328108,0.010301
0.009995,-0.328108,-0.009799
0.009998,-0.328108,0.010301
0.010002,-0.328108,0.010301
0.010005,-0.328108,0.010301
0.010008,-0.328108,0.010301
0.010011,-0.308007,0.010301
0.010014,-0.328108,0.010301
0.010018,-0.328108,0.010301
0.010021,-0.328108,0.010301
0.010024,-0.328108,0.010301
0.010027,-0.328108,0.030402
0.010030,-0.328108,0.010301
0.010034,-0.328108,0.010301
0.010037,-0.328108,0.010301
0.010040,-0.328108,0.010301
0.010043,-0.328108,0.010301
0.010046,-0.328108,0.010301
0.010050,-0.348209,0.030402
0.010053,-0.328108,0.010301
0.010056,-0.328108,0.010301
0.010059,-0.348209,0.010301
0.010062,-0.328108,0.010301
0.010066,-0.348209,0.010301
0.010069,-0.348209,0.010301
0.010072,-0.348209,0.010301
0.010075,-0.348209,0.010301
0.010078,-0.348209,0.010301
0.010082,-0.328108,0.030402
0.010085,-0.348209,0.010301
0.010088,-0.328108,0.010301
0.010091,-0.328108,0.010301
0.010094,-0.348209,0.010301
0.010098,-0.348209,0.030402
0.010101,-0.348209,0.030402
0.010104,-0.348209,0.050502
0.010107,-0.348209,0.050502
0.010110,-0.348209,0.050502
0.010114,-0.348209,0.030402
0.010117,-0.348209,0.050502
0.010120,-0.348209,0.030402
0.010123,-0.348209,0.030402
0.010126,-0.348209,0.030402
0.010130,-0.368309,0.030402
0.010133,-0.348209,0.050502
0.010136,-0.368309,0.050502
0.010139,-0.348209,0.050502
0.010142,-0.368309,0.050502
0.010146,-0.368309,0.050502
0.010149,-0.368309,0.070603
0.010152,-0.368309,0.070603
0.010155,-0.368309,0.070603
0.010158,-0.368309,0.070603
0.010162,-0.368309,0.070603
0.010165,-0.368309,0.090704
0.010168,-0.368309,0.090704
0.010171,-0.348209,0.090704
0.010174,-0.368309,0.090704
0.010178,-0.368309,0.090704
0.010181,-0.368309,0.090704
0.010184,-0.368309,0.110804
0.010187,-0.368309,0.110804
0.010190,-0.368309,0.090704
0.010194,-0.368309,0.070603
0.010197,-0.368309,0.090704
0.010200,-0.368309,0.090704
0.010203,-0.368309,0.090704
0.010206,-0.368309,0.110804
0.010210,-0.368309,0.110804
0.010213,-0.368309,0.130904
0.010216,-0.388410,0.130904
0.010219,-0.368309,0.151005
0.010222,-0.368309,0.151005
0.010226,-0.368309,0.171106
0.010229,-0.368309,0.171106
0.010232,-0.368309,0.191206
0.010235,-0.368309,0.211307
0.010238,-0.368309,0.231407
0.010242,-0.388410,0.231407
0.010245,-0.388410,0.251507
0.010248,-0.368309,0.271608
0.010251,-0.388410,0.291709
0.010254,-0.388410,0.291709
0.010258,-0.368309,0.291709
0.010261,-0.388410,0.311809
0.010264,-0.388410,0.331910
0.010267,-0.388410,0.352010
0.010270,-0.388410,0.392211
0.010274,-0.388410,0.392211
0.010277,-0.388410,0.432412
0.010280,-0.408510,0.452513
0.010283,-0.388410,0.472613
0.010286,-0.388410,0.512814
0.010290,-0.388410,0.532914
0.010293,-0.388410,0.573115
0.010296,-0.388410,0.593216
0.010299,-0.388410,0.613316
0.010302,-0.408510,0.653517
0.010306,-0.408510,0.673618
0.010309,-0.388410,0.693719
0.010312,-0.408510,0.733919
0.010315,-0.388410,0.754020
0.010318,-0.408510,0.774120
0.010322,-0.388410,0.814321
0.010325,-0.408510,0.834422
0.010328,-0.388410,0.854522
0.010331,-0.408510,0.874623
0.010334,-0.408510,0.894724
0.010338,-0.408510,0.894724
0.010341,-0.408510,0.914824
0.010344,-0.408510,0.914824
0.010347,-0.408510,0.894724
0.010350,-0.408510,0.894724
0.010354,-0.408510,0.874623
0.010357,-0.408510,0.854522
0.010360,-0.408510,0.854522
0.010363,-0.408510,0.834422
0.010366,-0.408510,0.794221
0.010370,-0.408510,0.774120
0.010373,-0.408510,0.713819
0.010376,-0.408510,0.713819
0.010379,-0.428611,0.673618
0.010382,-0.408510,0.633417
0.010386,-0.408510,0.593216
0.010389,-0.408510,0.573115
0.010392,-0.428611,0.532914
0.010395,-0.428611,0.512814
0.010398,-0.408510,0.472613
0.010402,-0.428611,0.432412
0.010405,-0.428611,0.412311
0.010408,-0.428611,0.372111
0.010411,-0.428611,0.331910
0.010414,-0.428611,0.311809
0.010418,-0.428611,0.291709
0.010421,-0.448711,0.271608
0.010424,-0.428611,0.231407
0.010427,-0.428611,0.231407
0.010430,-0.408510,0.211307
0.010434,-0.428611,0.191206
0.010437,-0.428611,0.171106
0.010440,-0.428611,0.151005
0.010443,-0.428611,0.130904
0.010446,-0.448711,0.110804
0.010450,-0.428611,0.090704
0.010453,-0.428611,0.090704
0.010456,-0.428611,0.090704
0.010459,-0.428611,0.050502
0.010462,-0.448711,0.050502
0.010466,-0.448711,0.050502
0.010469,-0.448711,0.030402
0.010472,-0.428611,0.030402
0.010475,-0.448711,0.010301
0.010478,-0.448711,0.010301
0.010482,-0.448711,-0.009799
0.010485,-0.448711,-0.009799
0.010488,-0.448711,-0.009799
0.010491,-0.448711,-0.029900
0.010494,-0.448711,-0.029900
0.010498,-0.448711,-0.029900
0.010501,-0.448711,-0.029900
0.010504,-0.448711,-0.029900
0.010507,-0.448711,-0.050000
0.010510,-0.448711,-0.070101
0.010514,-0.448711,-0.050000
0.010517,-0.448711,-0.070101
0.010520,-0.468811,-0.050000
0.010523,-0.448711,-0.070101
0.010526,-0.448711,-0.070101
0.010530,-0.468811,-0.090201
0.010533,-0.448711,-0.070101
0.010536,-0.468811,-0.090201
0.010539,-0.448711,-0.090201
0.010542,-0.448711,-0.110301
0.010546,-0.448711,-0.090201
0.010549,-0.448711,-0.110301
0.010552,-0.468811,-0.090201
0.010555,-0.468811,-0.110301
0.010558,-0.448711,-0.130402
0.010562,-0.468811,-0.110301
0.010565,-0.448711,-0.130402
0.010568,-0.468811,-0.130402
0.010571,-0.468811,-0.130402
0.010574,-0.468811,-0.130402
0.010578,-0.468811,-0.130402
0.010581,-0.468811,-0.130402
0.010584,-0.448711,-0.150502
0.010587,-0.468811,-0.130402
0.010590,-0.468811,-0.150502
0.010594,-0.468811,-0.150502
0.010597,-0.468811,-0.130402
0.010600,-0.488912,-0.130402
0.010603,-0.468811,-0.150502
0.010606,-0.468811,-0.130402
0.010610,-0.468811,-0.130402
0.010613,-0.468811,-0.130402
0.010616,-0.468811,-0.130402
0.010619,-0.468811,-0.130402
0.010622,-0.488912,-0.150502
0.010626,-0.488912,-0.130402
0.010629,-0.468811,-0.130402
0.010632,-0.468811,-0.130402
0.010635,-0.468811,-0.130402
0.010638,-0.488912,-0.130402
0.010642,-0.488912,-0.130402
0.010645,-0.488912,-0.130402
0.010648,-0.488912,-0.130402
0.010651,-0.488912,-0.130402
0.010654,-0.488912,-0.130402
0.010658,-0.488912,-0.130402
0.010661,-0.468811,-0.150502
0.010664,-0.488912,-0.150502
0.010667,-0.488912,-0.150502
0.010670,-0.488912,-0.150502
0.010674,-0.488912,-0.130402
0.010677,-0.488912,-0.150502
0.010680,-0.488912,-0.130402
0.010683,-0.488912,-0.130402
0.010686,-0.488912,-0.130402
0.010690,-0.488912,-0.130402
0.010693,-0.488912,-0.130402
0.010696,-0.488912,-0.130402
0.010699,-0.488912,-0.130402
0.010702,-0.488912,-0.130402
0.010706,-0.488912,-0.130402
0.010709,-0.488912,-0.130402
0.010712,-0.488912,-0.130402
0.010715,-0.509012,-0.130402
0.010718,-0.509012,-0.130402
0.010722,-0.509012,-0.150502
0.010725,-0.509012,-0.130402
0.010728,-0.488912,-0.150502
0.010731,-0.488912,-0.150502
0.010734,-0.509012,-0.150502
0.010738,-0.509012,-0.150502
0.010741,-0.509012,-0.150502
0.010744,-0.509012,-0.150502
0.010747,-0.529113,-0.150502
0.010750,-0.509012,-0.130402
0.010754,-0.509012,-0.150502
0.010757,-0.509012,-0.150502
0.010760,-0.509012,-0.150502
0.010763,-0.509012,-0.150502
0.010766,-0.509012,-0.150502
0.010770,-0.509012,-0.170603
0.010773,-0.509012,-0.150502
0.010776,-0.529113,-0.170603
0.010779,-0.509012,-0.170603
0.010782,-0.509012,-0.150502
0.010786,-0.509012,-0.150502
0.010789,-0.529113,-0.150502
0.010792,-0.509012,-0.150502
0.010795,-0.529113,-0.150502
0.010798,-0.529113,-0.150502
0.010802,-0.509012,-0.170603
0.010805,-0.529113,-0.170603
0.010808,-0.529113,-0.150502
0.010811,-0.509012,-0.150502
0.010814,-0.529113,-0.150502
0.010818,-0.529113,-0.150502
0.010821,-0.529113,-0.150502
0.010824,-0.529113,-0.170603
0.010827,-0.529113,-0.150502
0.010830,-0.509012,-0.150502
0.010834,-0.529113,-0.170603
0.010837,-0.529113,-0.170603
0.010840,-0.529113,-0.150502
0.010843,-0.549213,-0.170603
0.010846,-0.529113,-0.170603
0.010850,-0.529113,-0.170603
0.010853,-0.549213,-0.170603
0.010856,-0.549213,-0.190704
0.010859,-0.529113,-0.170603
0.010862,-0.549213,-0.170603
0.010866,-0.549213,-0.170603
0.010869,-0.549213,-0.170603
0.010872,-0.529113,-0.170603
0.010875,-0.549213,-0.150502
0.010878,-0.549213,-0.170603
0.010882,-0.549213,-0.170603
0.010885,-0.529113,-0.150502
0.010888,-0.529113,-0.150502
0.010891,-0.549213,-0.150502
0.010894,-0.549213,-0.130402
0.010898,-0.549213,-0.150502
0.010901,-0.549213,-0.150502
0.010904,-0.549213,-0.150502
0.010907,-0.549213,-0.170603
0.010910,-0.549213,-0.150502
0.010914,-0.549213,-0.150502
0.010917,-0.549213,-0.150502
0.010920,-0.549213,-0.130402
0.010923,-0.549213,-0.150502
0.010926,-0.569314,-0.150502
0.010930,-0.549213,-0.150502
0.010933,-0.549213,-0.150502
0.010936,-0.569314,-0.150502
0.010939,-0.549213,-0.130402
0.010942,-0.549213,-0.150502
0.010946,-0.549213,-0.130402
0.010949,-0.549213,-0.130402
0.010952,-0.569314,-0.130402
0.010955,-0.569314,-0.130402
0.010958,-0.549213,-0.130402
0.010962,-0.549213,-0.150502
0.010965,-0.569314,-0.130402
0.010968,-0.569314,-0.130402
0.010971,-0.549213,-0.130402
0.010974,-0.569314,-0.130402
0.010978,-0.569314,-0.150502
0.010981,-0.569314,-0.150502
0.010984,-0.549213,-0.150502
0.010987,-0.569314,-0.150502
0.010990,-0.569314,-0.150502
0.010994,-0.569314,-0.150502
0.010997,-0.569314,-0.150502
0.011000,-0.569314,-0.130402
0.011003,-0.569314,-0.130402
0.011006,-0.569314,-0.130402
0.011010,-0.569314,-0.130402
0.011013,-0.589414,-0.130402
0.011016,-0.589414,-0.130402
0.011019,-0.569314,-0.130402
0.011022,-0.589414,-0.150502
0.011026,-0.569314,-0.150502
0.011029,-0.589414,-0.150502
0.011032,-0.589414,-0.150502
0.011035,-0.589414,-0.130402
0.011038,-0.569314,-0.150502
0.011042,-0.589414,-0.150502
0.011045,-0.569314,-0.150502
0.011048,-0.569314,-0.170603
0.011051,-0.589414,-0.150502
0.011054,-0.589414,-0.150502
0.011058,-0.569314,-0.150502
0.011061,-0.589414,-0.150502
0.011064,-0.589414,-0.170603
0.011067,-0.569314,-0.170603
0.011070,-0.589414,-0.150502
0.011074,-0.589414,-0.150502
0.011077,-0.609515,-0.150502
0.011080,-0.589414,-0.150502
0.011083,-0.589414,-0.150502
0.011086,-0.569314,-0.150502
0.011090,-0.589414,-0.150502
0.011093,-0.589414,-0.150502
0.011096,-0.589414,-0.150502
0.011099,-0.589414,-0.130402
0.011102,-0.589414,-0.150502
0.011106,-0.589414,-0.130402
0.011109,-0.589414,-0.130402
0.011112,-0.589414,-0.130402
0.011115,-0.589414,-0.130402
0.011118,-0.609515,-0.130402
0.011122,-0.609515,-0.130402
0.011125,-0.589414,-0.130402
0.011128,-0.589414,-0.130402
0.011131,-0.589414,-0.130402
0.011134,-0.609515,-0.110301
0.011138,-0.609515,-0.130402
0.011141,-0.609515,-0.130402
0.011144,-0.589414,-0.130402
0.011147,-0.609515,-0.130402
0.011150,-0.609515,-0.110301
0.011154,-0.609515,-0.130402
0.011157,-0.609515,-0.110301
0.011160,-0.609515,-0.110301
0.011163,-0.609515,-0.110301
0.011166,-0.609515,-0.110301
0.011170,-0.609515,-0.110301
0.011173,-0.609515,-0.090201
0.011176,-0.589414,-0.110301
0.011179,-0.609515,-0.090201
0.011182,-0.609515,-0.110301
0.011186,-0.609515,-0.110301
0.011189,-0.609515,-0.110301
0.011192,-0.609515,-0.110301
0.011195,-0.609515,-0.110301
0.011198,-0.609515,-0.110301
0.011202,-0.609515,-0.110301
0.011205,-0.629615,-0.110301
0.011208,-0.629615,-0.110301
0.011211,-0.609515,-0.110301
0.011214,-0.609515,-0.110301
0.011218,-0.629615,-0.110301
0.011221,-0.609515,-0.110301
0.011224,-0.609515,-0.110301
0.011227,-0.629615,-0.110301
0.011230,-0.609515,-0.130402
0.011234,-0.629615,-0.110301
0.011237,-0.609515,-0.130402
0.011240,-0.629615,-0.110301
0.011243,-0.629615,-0.110301
0.011246,-0.609515,-0.110301
0.011250,-0.629615,-0.110301
0.011253,-0.629615,-0.110301
0.011256,-0.629615,-0.110301
0.011259,-0.629615,-0.110301
0.011262,-0.629615,-0.110301
0.011266,-0.629615,-0.130402
0.011269,-0.629615,-0.110301
0.011272,-0.629615,-0.130402
0.011275,-0.629615,-0.110301
0.011278,-0.629615,-0.110301
0.011282,-0.609515,-0.130402
0.011285,-0.629615,-0.130402
0.011288,-0.629615,-0.110301
0.011291,-0.629615,-0.130402
0.011294,-0.629615,-0.130402
0.011298,-0.629615,-0.130402
0.011301,-0.649716,-0.130402
0.011304,-0.649716,-0.130402
0.011307,-0.629615,-0.110301
0.011310,-0.629615,-0.130402
0.011314,-0.649716,-0.130402
0.011317,-0.649716,-0.130402
0.011320,-0.629615,-0.130402
0.011323,-0.649716,-0.130402
0.011326,-0.629615,-0.130402
0.011330,-0.649716,-0.130402
0.011333,-0.629615,-0.130402
0.011336,-0.649716,-0.130402
0.011339,-0.649716,-0.110301
0.011342,-0.649716,-0.110301
0.011346,-0.649716,-0.130402
0.011349,-0.649716,-0.110301
0.011352,-0.649716,-0.110301
0.011355,-0.649716,-0.110301
0.011358,-0.649716,-0.110301
0.011362,-0.649716,-0.110301
0.011365,-0.629615,-0.110301
0.011368,-0.649716,-0.110301
0.011371,-0.649716,-0.110301
0.011374,-0.649716,-0.110301
0.011378,-0.649716,-0.110301
0.011381,-0.649716,-0.110301
0.011384,-0.649716,-0.110301
0.011387,-0.649716,-0.110301
0.011390,-0.649716,-0.110301
0.011394,-0.649716,-0.110301
0.011397,-0.649716,-0.110301
0.011400,-0.649716,-0.090201
0.011403,-0.649716,-0.110301
0.011406,-0.649716,-0.110301
0.011410,-0.669816,-0.110301
0.011413,-0.649716,-0.130402
0.011416,-0.669816,-0.110301
0.011419,-0.649716,-0.110301
0.011422,-0.649716,-0.110301
0.011426,-0.669816,-0.130402
0.011429,-0.649716,-0.130402
0.011432,-0.669816,-0.130402
0.011435,-0.649716,-0.130402
0.011438,-0.669816,-0.130402
0.011442,-0.649716,-0.110301
0.011445,-0.669816,-0.110301
0.011448,-0.669816,-0.110301
0.011451,-0.669816,-0.110301
0.011454,-0.669816,-0.110301
0.011458,-0.649716,-0.110301
0.011461,-0.669816,-0.110301
0.011464,-0.649716,-0.110301
0.011467,-0.669816,-0.110301
0.011470,-0.669816,-0.110301
0.011474,-0.669816,-0.110301
0.011477,-0.669816,-0.130402
0.011480,-0.649716,-0.110301
0.011483,-0.689917,-0.110301
0.011486,-0.669816,-0.130402
0.011490,-0.669816,-0.110301
0.011493,-0.669816,-0.110301
0.011496,-0.669816,-0.110301
0.011499,-0.669816,-0.130402
0.011502,-0.669816,-0.110301
0.011506,-0.669816,-0.110301
0.011509,-0.669816,-0.110301
0.011512,-0.669816,-0.110301
0.011515,-0.669816,-0.110301
0.011518,-0.669816,-0.110301
0.011522,-0.689917,-0.130402
0.011525,-0.689917,-0.130402
0.011528,-0.689917,-0.130402
0.011531,-0.689917,-0.130402
0.011534,-0.669816,-0.110301
0.011538,-0.689917,-0.110301
0.011541,-0.669816,-0.110301
0.011544,-0.689917,-0.130402
0.011547,-0.669816,-0.110301
0.011550,-0.689917,-0.110301
0.011554,-0.669816,-0.130402
0.011557,-0.689917,-0.130402
0.011560,-0.689917,-0.130402
0.011563,-0.689917,-0.130402
0.011566,-0.669816,-0.110301
0.011570,-0.689917,-0.110301
0.011573,-0.689917,-0.130402
0.011576,-0.689917,-0.110301
0.011579,-0.689917,-0.110301
0.011582,-0.689917,-0.110301
0.011586,-0.689917,-0.110301
0.011589,-0.669816,-0.110301
0.011592,-0.689917,-0.110301
0.011595,-0.669816,-0.110301
0.011598,-0.689917,-0.110301
0.011602,-0.689917,-0.110301
0.011605,-0.689917,-0.110301
0.011608,-0.689917,-0.110301
0.011611,-0.689917,-0.110301
0.011614,-0.689917,-0.110301
0.011618,-0.689917,-0.130402
0.011621,-0.689917,-0.130402
0.011624,-0.689917,-0.110301
0.011627,-0.689917,-0.110301
0.011630,-0.689917,-0.110301
0.011634,-0.689917,-0.110301
0.011637,-0.689917,-0.110301
0.011640,-0.689917,-0.110301
0.011643,-0.689917,-0.110301
0.011646,-0.689917,-0.110301
0.011650,-0.689917,-0.090201
0.011653,-0.689917,-0.090201
0.011656,-0.689917,-0.070101
0.011659,-0.689917,-0.070101
0.011662,-0.689917,-0.070101
0.011666,-0.710017,-0.070101
0.011669,-0.689917,-0.070101
0.011672,-0.710017,-0.070101
0.011675,-0.689917,-0.070101
0.011678,-0.710017,-0.070101
0.011682,-0.710017,-0.070101
0.011685,-0.689917,-0.070101
0.011688,-0.689917,-0.070101
0.011691,-0.710017,-0.090201
0.011694,-0.689917,-0.070101
0.011698,-0.710017,-0.070101
0.011701,-0.710017,-0.070101
0.011704,-0.710017,-0.070101
0.011707,-0.710017,-0.070101
0.011710,-0.710017,-0.070101
0.011714,-0.710017,-0.070101
0.011717,-0.689917,-0.070101
0.011720,-0.710017,-0.070101
0.011723,-0.710017,-0.070101
0.011726,-0.710017,-0.090201
0.011730,-0.710017,-0.070101
0.011733,-0.710017,-0.070101
0.011736,-0.710017,-0.070101
0.011739,-0.710017,-0.090201
0.011742,-0.710017,-0.070101
0.011746,-0.710017,-0.070101
0.011749,-0.710017,-0.090201
0.011752,-0.710017,-0.070101
0.011755,-0.689917,-0.090201
0.011758,-0.710017,-0.090201
0.011762,-0.710017,-0.070101
0.011765,-0.710017,-0.070101
0.011768,-0.730118,-0.090201
0.011771,-0.710017,-0.070101
0.011774,-0.710017,-0.070101
0.011778,-0.710017,-0.050000
0.011781,-0.710017,-0.050000
0.011784,-0.710017,-0.050000
0.011787,-0.710017,-0.050000
0.011790,-0.710017,-0.050000
0.011794,-0.710017,-0.050000
0.011797,-0.710017,-0.050000
0.011800,-0.710017,-0.050000
0.011803,-0.710017,-0.050000
0.011806,-0.730118,-0.050000
0.011810,-0.710017,-0.050000
0.011813,-0.710017,-0.050000
0.011816,-0.710017,-0.050000
0.011819,-0.710017,-0.050000
0.011822,-0.710017,-0.050000
0.011826,-0.710017,-0.050000
0.011829,-0.710017,-0.070101
0.011832,-0.710017,-0.070101
0.011835,-0.710017,-0.050000
0.011838,-0.730118,-0.050000
0.011842,-0.730118,-0.050000
0.011845,-0.730118,-0.050000
0.011848,-0.710017,-0.050000
0.011851,-0.730118,-0.070101
0.011854,-0.730118,-0.050000
0.011858,-0.730118,-0.050000
0.011861,-0.710017,-0.050000
0.011864,-0.730118,-0.050000
0.011867,-0.730118,-0.050000
0.011870,-0.730118,-0.029900
0.011874,-0.730118,-0.050000
0.011877,-0.730118,-0.050000
0.011880,-0.710017,-0.050000
0.011883,-0.730118,-0.050000
0.011886,-0.730118,-0.050000
0.011890,-0.730118,-0.050000
0.011893,-0.730118,-0.050000
0.011896,-0.730118,-0.070101
0.011899,-0.730118,-0.070101
0.011902,-0.730118,-0.070101
0.011906,-0.730118,-0.070101
0.011909,-0.730118,-0.070101
0.011912,-0.730118,-0.070101
0.011915,-0.730118,-0.090201
0.011918,-0.730118,-0.090201
0.011922,-0.730118,-0.090201
0.011925,-0.750219,-0.090201
0.011928,-0.730118,-0.090201
0.011931,-0.730118,-0.090201
0.011934,-0.730118,-0.070101
0.011938,-0.750219,-0.090201
0.011941,-0.750219,-0.090201
0.011944,-0.730118,-0.090201
0.011947,-0.730118,-0.090201
0.011950,-0.730118,-0.070101
0.011954,-0.750219,-0.070101
0.011957,-0.730118,-0.090201
0.011960,-0.750219,-0.070101
0.011963,-0.730118,-0.070101
0.011966,-0.730118,-0.070101
0.011970,-0.730118,-0.070101
0.011973,-0.750219,-0.050000
0.011976,-0.730118,-0.070101
0.011979,-0.730118,-0.070101
0.011982,-0.750219,-0.070101
0.011986,-0.750219,-0.070101
0.011989,-0.730118,-0.070101
0.011992,-0.730118,-0.050000
0.011995,-0.750219,-0.050000
0.011998,-0.730118,-0.050000
0.012002,-0.730118,-0.050000
0.012005,-0.750219,-0.029900
0.012008,-0.750219,-0.050000
0.012011,-0.750219,-0.070101
0.012014,-0.750219,-0.050000
0.012018,-0.750219,-0.050000
0.012021,-0.730118,-0.070101
0.012024,-0.750219,-0.070101
0.012027,-0.730118,-0.050000
0.012030,-0.750219,-0.070101
0.012034,-0.730118,-0.050000
0.012037,-0.730118,-0.050000
0.012040,-0.750219,-0.070101
0.012043,-0.750219,-0.050000
0.012046,-0.750219,-0.029900
0.012050,-0.750219,-0.050000
0.012053,-0.750219,-0.029900
0.012056,-0.750219,-0.029900
0.012059,-0.750219,-0.029900
0.012062,-0.770319,-0.029900
0.012066,-0.750219,-0.029900
0.012069,-0.750219,-0.029900
0.012072,-0.750219,-0.050000
0.012075,-0.730118,-0.050000
0.012078,-0.770319,-0.029900
0.012082,-0.770319,-0.029900
0.012085,-0.750219,-0.029900
0.012088,-0.750219,-0.050000
0.012091,-0.770319,-0.050000
0.012094,-0.750219,-0.029900
0.012098,-0.750219,-0.029900
0.012101,-0.750219,-0.050000
0.012104,-0.750219,-0.050000
0.012107,-0.770319,-0.029900
0.012110,-0.750219,-0.050000
0.012114,-0.770319,-0.050000
0.012117,-0.750219,-0.029900
0.012120,-0.770319,-0.050000
0.012123,-0.770319,-0.029900
0.012126,-0.750219,-0.029900
0.012130,-0.750219,-0.029900
0.012133,-0.770319,-0.009799
0.012136,-0.750219,-0.029900
0.012139,-0.770319,-0.029900
0.012142,-0.770319,-0.009799
0.012146,-0.770319,-0.009799
0.012149,-0.750219,-0.009799
0.012152,-0.770319,-0.009799
0.012155,-0.750219,-0.029900
0.012158,-0.750219,-0.029900
0.012162,-0.770319,-0.029900
0.012165,-0.750219,-0.009799
0.012168,-0.750219,-0.029900
0.012171,-0.770319,-0.009799
0.012174,-0.770319,-0.029900
0.012178,-0.770319,-0.009799
0.012181,-0.770319,-0.029900
0.012184,-0.770319,-0.029900
0.012187,-0.770319,-0.029900
0.012190,-0.770319,-0.029900
0.012194,-0.770319,-0.050000
0.012197,-0.750219,-0.029900
0.012200,-0.770319,-0.029900
0.012203,-0.770319,-0.029900
0.012206,-0.770319,-0.029900
0.012210,-0.770319,-0.029900
0.012213,-0.770319,-0.050000
0.012216,-0.770319,-0.050000
0.012219,-0.770319,-0.029900
0.012222,-0.770319,-0.029900
0.012226,-0.770319,-0.029900
0.012229,-0.770319,-0.029900
0.012232,-0.770319,-0.029900
0.012235,-0.770319,-0.029900
0.012238,-0.770319,-0.009799
0.012242,-0.770319,-0.029900
0.012245,-0.770319,-0.050000
0.012248,-0.770319,-0.029900
0.012251,-0.770319,-0.050000
0.012254,-0.770319,-0.029900
0.012258,-0.770319,-0.050000
0.012261,-0.770319,-0.029900
0.012264,-0.770319,-0.050000
0.012267,-0.770319,-0.070101
0.012270,-0.770319,-0.070101
0.012274,-0.770319,-0.070101
0.012277,-0.790419,-0.029900
0.012280,-0.770319,-0.050000
0.012283,-0.770319,-0.050000
0.012286,-0.770319,-0.050000
0.012290,-0.790419,-0.070101
0.012293,-0.770319,-0.070101
0.012296,-0.770319,-0.070101
0.012299,-0.770319,-0.070101
0.012302,-0.770319,-0.070101
0.012306,-0.770319,-0.050000
0.012309,-0.770319,-0.050000
0.012312,-0.770319,-0.070101
0.012315,-0.790419,-0.029900
0.012318,-0.770319,-0.050000
0.012322,-0.770319,-0.050000
0.012325,-0.790419,-0.050000
0.012328,-0.770319,-0.050000
0.012331,-0.770319,-0.050000
0.012334,-0.790419,-0.050000
0.012338,-0.790419,-0.029900
0.012341,-0.770319,-0.050000
0.012344,-0.790419,-0.029900
0.012347,-0.770319,-0.050000
0.012350,-0.790419,-0.050000
0.012354,-0.770319,-0.029900
0.012357,-0.790419,-0.029900
0.012360,-0.790419,-0.050000
0.012363,-0.790419,-0.050000
0.012366,-0.770319,-0.050000
0.012370,-0.770319,-0.050000
0.012373,-0.790419,-0.050000
0.012376,-0.790419,-0.050000
0.012379,-0.790419,-0.029900
0.012382,-0.790419,-0.050000
0.012386,-0.770319,-0.029900
0.012389,-0.790419,-0.050000
0.012392,-0.790419,-0.050000
0.012395,-0.770319,-0.050000
0.012398,-0.790419,-0.050000
0.012402,-0.790419,-0.029900
0.012405,-0.790419,-0.050000
0.012408,-0.790419,-0.050000
0.012411,-0.790419,-0.050000
0.012414,-0.790419,-0.029900
0.012418,-0.790419,-0.050000
0.012421,-0.790419,-0.050000
0.012424,-0.790419,-0.050000
0.012427,-0.790419,-0.050000
0.012430,-0.790419,-0.050000
0.012434,-0.790419,-0.050000
0.012437,-0.790419,-0.070101
0.012440,-0.770319,-0.050000
0.012443,-0.790419,-0.050000
0.012446,-0.790419,-0.050000
0.012450,-0.790419,-0.070101
0.012453,-0.790419,-0.050000
0.012456,-0.790419,-0.070101
0.012459,-0.790419,-0.070101
0.012462,-0.790419,-0.050000
0.012466,-0.790419,-0.050000
0.012469,-0.790419,-0.050000
0.012472,-0.790419,-0.050000
0.012475,-0.790419,-0.050000
0.012478,-0.790419,-0.029900
0.012482,-0.790419,-0.029900
0.012485,-0.790419,-0.029900
0.012488,-0.790419,-0.029900
0.012491,-0.790419,-0.029900
0.012494,-0.790419,-0.029900
0.012498,-0.810520,-0.029900
0.012501,-0.790419,-0.009799
0.012504,-0.810520,-0.029900
0.012507,-0.790419,-0.029900
0.012510,-0.790419,-0.029900
0.012514,-0.790419,-0.009799
0.012517,-0.790419,-0.029900
0.012520,-0.790419,-0.050000
0.012523,-0.810520,-0.029900
0.012526,-0.790419,-0.029900
0.012530,-0.790419,-0.050000
0.012533,-0.810520,-0.029900
0.012536,-0.790419,-0.029900
0.012539,-0.790419,-0.029900
0.012542,-0.790419,-0.050000
0.012546,-0.790419,-0.050000
0.012549,-0.810520,-0.029900
0.012552,-0.810520,-0.029900
0.012555,-0.810520,-0.029900
0.012558,-0.790419,-0.029900
0.012562,-0.810520,-0.029900
0.012565,-0.810520,-0.029900
0.012568,-0.790419,-0.029900
0.012571,-0.810520,-0.029900
0.012574,-0.790419,-0.029900
0.012578,-0.790419,-0.029900
0.012581,-0.790419,-0.029900
0.012584,-0.790419,-0.029900
0.012587,-0.790419,-0.029900
0.012590,-0.810520,-0.029900
0.012594,-0.810520,-0.029900
0.012597,-0.810520,-0.009799
0.012600,-0.810520,-0.029900
0.012603,-0.810520,-0.009799
0.012606,-0.810520,-0.029900
0.012610,-0.810520,-0.009799
0.012613,-0.790419,-0.029900
0.012616,-0.790419,-0.029900
0.012619,-0.810520,-0.029900
0.012622,-0.810520,-0.029900
0.012626,-0.790419,-0.029900
0.012629,-0.810520,-0.029900
0.012632,-0.810520,-0.029900
0.012635,-0.790419,-0.029900
0.012638,-0.790419,-0.029900
0.012642,-0.810520,-0.029900
0.012645,-0.810520,-0.029900
0.012648,-0.790419,-0.050000
0.012651,-0.790419,-0.009799
0.012654,-0.810520,-0.029900
0.012658,-0.810520,-0.029900
0.012661,-0.810520,-0.009799
0.012664,-0.810520,-0.029900
0.012667,-0.810520,-0.009799
0.012670,-0.810520,-0.029900
0.012674,-0.810520,-0.009799
0.012677,-0.810520,-0.009799
0.012680,-0.810520,-0.009799
0.012683,-0.810520,-0.009799
0.012686,-0.790419,-0.009799
0.012690,-0.810520,-0.029900
0.012693,-0.810520,-0.009799
0.012696,-0.810520,-0.009799
0.012699,-0.810520,-0.009799
0.012702,-0.790419,-0.009799
0.012706,-0.810520,0.010301
0.012709,-0.810520,-0.009799
0.012712,-0.810520,-0.009799
0.012715,-0.810520,0.010301
0.012718,-0.810520,-0.009799
0.012722,-0.810520,-0.009799
0.012725,-0.810520,0.010301
0.012728,-0.810520,0.010301
0.012731,-0.810520,-0.009799
0.012734,-0.810520,0.010301
0.012738,-0.810520,-0.009799
0.012741,-0.810520,-0.009799
0.012744,-0.810520,-0.009799
0.012747,-0.810520,-0.009799
0.012750,-0.810520,-0.009799
0.012754,-0.810520,-0.009799
0.012757,-0.810520,0.010301
0.012760,-0.810520,-0.009799
0.012763,-0.810520,-0.009799
0.012766,-0.810520,-0.009799
0.012770,-0.810520,-0.009799
0.012773,-0.810520,-0.009799
0.012776,-0.810520,-0.009799
0.012779,-0.810520,-0.009799
0.012782,-0.810520,0.010301
0.012786,-0.810520,-0.009799
0.012789,-0.810520,-0.009799
0.012792,-0.810520,-0.009799
0.012795,-0.810520,-0.009799
0.012798,-0.810520,-0.029900
0.012802,-0.810520,-0.009799
0.012805,-0.810520,-0.009799
0.012808,-0.810520,-0.009799
0.012811,-0.810520,-0.009799
0.012814,-0.810520,-0.029900
0.012818,-0.810520,-0.009799
0.012821,-0.810520,-0.009799
0.012824,-0.810520,-0.009799
0.012827,-0.810520,-0.009799
0.012830,-0.810520,0.010301
0.012834,-0.810520,-0.009799
0.012837,-0.810520,-0.009799
0.012840,-0.830620,0.010301
0.012843,-0.810520,0.010301
0.012846,-0.810520,-0.009799
0.012850,-0.810520,-0.009799
0.012853,-0.810520,-0.009799
0.012856,-0.810520,-0.009799
0.012859,-0.830620,-0.009799
0.012862,-0.810520,-0.029900
0.012866,-0.830620,-0.029900
0.012869,-0.810520,-0.029900
0.012872,-0.830620,-0.029900
0.012875,-0.830620,-0.029900
0.012878,-0.810520,-0.029900
0.012882,-0.810520,-0.029900
0.012885,-0.810520,-0.029900
0.012888,-0.830620,-0.029900
0.012891,-0.830620,-0.009799
0.012894,-0.830620,-0.029900
0.012898,-0.810520,-0.009799
0.012901,-0.830620,-0.050000
0.012904,-0.810520,-0.050000
0.012907,-0.810520,-0.050000
0.012910,-0.830620,-0.050000
0.012914,-0.830620,-0.029900
0.012917,-0.810520,-0.029900
0.012920,-0.830620,-0.050000
0.012923,-0.830620,-0.050000
0.012926,-0.830620,-0.029900
0.012930,-0.830620,-0.050000
0.012933,-0.810520,-0.029900
0.012936,-0.830620,-0.029900
0.012939,-0.830620,-0.029900
0.012942,-0.810520,-0.029900
0.012946,-0.810520,-0.029900
0.012949,-0.830620,-0.029900
0.012952,-0.810520,-0.029900
0.012955,-0.830620,-0.050000
0.012958,-0.810520,-0.050000
0.012962,-0.830620,-0.050000
0.012965,-0.810520,-0.050000
0.012968,-0.830620,-0.050000
0.012971,-0.810520,-0.050000
0.012974,-0.830620,-0.050000
0.012978,-0.830620,-0.050000
0.012981,-0.830620,-0.050000
0.012984,-0.830620,-0.050000
0.012987,-0.810520,-0.050000
0.012990,-0.810520,-0.050000
0.012994,-0.810520,-0.070101
0.012997,-0.830620,-0.050000
0.013000,-0.830620,-0.050000
0.013003,-0.830620,-0.050000
0.013006,-0.830620,-0.070101
0.013010,-0.810520,-0.050000
0.013013,-0.810520,-0.050000
0.013016,-0.810520,-0.070101
0.013019,-0.830620,-0.050000
0.013022,-0.830620,-0.070101
0.013026,-0.830620,-0.050000
0.013029,-0.830620,-0.050000
0.013032,-0.830620,-0.029900
0.013035,-0.830620,-0.050000
0.013038,-0.830620,-0.050000
0.013042,-0.830620,-0.029900
0.013045,-0.830620,-0.029900
0.013048,-0.830620,-0.029900
0.013051,-0.830620,-0.029900
0.013054,-0.830620,-0.029900
0.013058,-0.830620,-0.029900
0.013061,-0.830620,-0.029900
0.013064,-0.830620,-0.029900
0.013067,-0.830620,-0.009799
0.013070,-0.830620,-0.029900
0.013074,-0.830620,-0.009799
0.013077,-0.810520,-0.009799
0.013080,-0.830620,-0.029900
0.013083,-0.830620,-0.029900
0.013086,-0.830620,-0.029900
0.013090,-0.830620,-0.029900
0.013093,-0.830620,-0.029900
0.013096,-0.830620,-0.029900
0.013099,-0.830620,-0.029900
0.013102,-0.830620,-0.029900
0.013106,-0.830620,-0.029900
0.013109,-0.830620,-0.029900
0.013112,-0.830620,-0.029900
0.013115,-0.830620,-0.050000
0.013118,-0.830620,-0.050000
0.013122,-0.830620,-0.050000
0.013125,-0.830620,-0.050000
0.013128,-0.830620,-0.050000
0.013131,-0.830620,-0.050000
0.013134,-0.830620,-0.050000
0.013138,-0.830620,-0.050000
0.013141,-0.830620,-0.050000
0.013144,-0.830620,-0.050000
0.013147,-0.830620,-0.050000
0.013150,-0.830620,-0.050000
0.013154,-0.830620,-0.050000
0.013157,-0.830620,-0.050000
0.013160,-0.830620,-0.050000
0.013163,-0.830620,-0.050000
0.013166,-0.830620,-0.050000
0.013170,-0.830620,-0.050000
0.013173,-0.830620,-0.050000
0.013176,-0.830620,-0.050000
0.013179,-0.830620,-0.050000
0.013182,-0.830620,-0.050000
0.013186,-0.830620,-0.050000
0.013189,-0.830620,-0.050000
0.013192,-0.830620,-0.050000
0.013195,-0.810520,-0.050000
0.013198,-0.830620,-0.050000
0.013202,-0.830620,-0.050000
0.013205,-0.830620,-0.070101
0.013208,-0.830620,-0.050000
0.013211,-0.830620,-0.050000
0.013214,-0.830620,-0.050000
0.013218,-0.830620,-0.050000
0.013221,-0.830620,-0.050000
0.013224,-0.830620,-0.050000
0.013227,-0.830620,-0.050000
0.013230,-0.830620,-0.050000
0.013234,-0.830620,-0.050000
0.013237,-0.830620,-0.050000
0.013240,-0.850721,-0.050000
0.013243,-0.830620,-0.050000
0.013246,-0.830620,-0.029900
0.013250,-0.830620,-0.029900
0.013253,-0.830620,-0.050000
0.013256,-0.830620,-0.050000
0.013259,-0.830620,-0.050000
0.013262,-0.850721,-0.050000
0.013266,-0.830620,-0.050000
0.013269,-0.830620,-0.050000
0.013272,-0.830620,-0.050000
0.013275,-0.830620,-0.050000
0.013278,-0.850721,-0.050000
0.013282,-0.830620,-0.050000
0.013285,-0.830620,-0.050000
0.013288,-0.830620,-0.029900
0.013291,-0.830620,-0.029900
0.013294,-0.810520,-0.050000
0.013298,-0.830620,-0.050000
0.013301,-0.830620,-0.050000
0.013304,-0.830620,-0.050000
0.013307,-0.830620,-0.050000
0.013310,-0.850721,-0.029900
0.013314,-0.830620,-0.029900
0.013317,-0.830620,-0.029900
0.013320,-0.830620,-0.029900
0.013323,-0.830620,-0.029900
0.013326,-0.830620,-0.029900
0.013330,-0.830620,-0.009799
0.013333,-0.830620,-0.029900
0.013336,-0.830620,-0.029900
0.013339,-0.830620,-0.009799
0.013342,-0.830620,-0.029900
0.013346,-0.830620,-0.029900
0.013349,-0.830620,-0.029900
0.013352,-0.830620,-0.029900
0.013355,-0.830620,-0.009799
0.013358,-0.830620,-0.029900
0.013362,-0.830620,-0.029900
0.013365,-0.830620,-0.029900
0.013368,-0.830620,-0.029900
0.013371,-0.830620,-0.029900
0.013374,-0.830620,-0.029900
0.013378,-0.830620,-0.050000
0.013381,-0.830620,-0.050000
0.013384,-0.830620,-0.050000
0.013387,-0.830620,-0.050000
0.013390,-0.830620,-0.050000
0.013394,-0.830620,-0.070101
0.013397,-0.830620,-0.050000
0.013400,-0.850721,-0.070101
0.013403,-0.830620,-0.050000
0.013406,-0.830620,-0.050000
0.013410,-0.830620,-0.070101
0.013413,-0.830620,-0.070101
0.013416,-0.830620,-0.070101
0.013419,-0.830620,-0.070101
0.013422,-0.830620,-0.090201
0.013426,-0.830620,-0.070101
0.013429,-0.850721,-0.070101
0.013432,-0.830620,-0.070101
0.013435,-0.830620,-0.050000
0.013438,-0.830620,-0.070101
0.013442,-0.830620,-0.070101
0.013445,-0.830620,-0.070101
0.013448,-0.850721,-0.070101
0.013451,-0.830620,-0.070101
0.013454,-0.830620,-0.050000
0.013458,-0.830620,-0.070101
0.013461,-0.830620,-0.090201
0.013464,-0.830620,-0.090201
0.013467,-0.830620,-0.070101
0.013470,-0.830620,-0.070101
0.013474,-0.830620,-0.070101
0.013477,-0.830620,-0.070101
0.013480,-0.830620,-0.050000
0.013483,-0.830620,-0.070101
0.013486,-0.830620,-0.070101
0.013490,-0.830620,-0.070101
0.013493,-0.830620,-0.070101
0.013496,-0.850721,-0.090201
0.013499,-0.850721,-0.090201
0.013502,-0.830620,-0.090201
0.013506,-0.850721,-0.090201
0.013509,-0.830620,-0.090201
0.013512,-0.830620,-0.090201
0.013515,-0.850721,-0.070101
0.013518,-0.830620,-0.070101
0.013522,-0.830620,-0.090201
0.013525,-0.830620,-0.070101
0.013528,-0.830620,-0.070101
0.013531,-0.830620,-0.070101
0.013534,-0.830620,-0.070101
0.013538,-0.830620,-0.070101
0.013541,-0.830620,-0.070101
0.013544,-0.830620,-0.070101
0.013547,-0.830620,-0.070101
0.013550,-0.810520,-0.070101
0.013554,-0.850721,-0.070101
0.013557,-0.830620,-0.070101
0.013560,-0.830620,-0.070101
0.013563,-0.830620,-0.070101
0.013566,-0.830620,-0.070101
0.013570,-0.830620,-0.090201
0.013573,-0.830620,-0.070101
0.013576,-0.830620,-0.070101
0.013579,-0.830620,-0.070101
0.013582,-0.830620,-0.050000
0.013586,-0.850721,-0.050000
0.013589,-0.830620,-0.050000
0.013592,-0.830620,-0.070101
0.013595,-0.830620,-0.050000
0.013598,-0.830620,-0.070101
0.013602,-0.830620,-0.050000
0.013605,-0.830620,-0.070101
0.013608,-0.830620,-0.070101
0.013611,-0.830620,-0.050000
0.013614,-0.830620,-0.050000
0.013618,-0.850721,-0.050000
0.013621,-0.830620,-0.050000
0.013624,-0.830620,-0.050000
0.013627,-0.830620,-0.050000
0.013630,-0.830620,-0.070101
0.013634,-0.830620,-0.050000
0.013637,-0.830620,-0.070101
0.013640,-0.830620,-0.050000
0.013643,-0.830620,-0.050000
0.013646,-0.830620,-0.050000
0.013650,-0.830620,-0.050000
0.013653,-0.830620,-0.050000
0.013656,-0.830620,-0.050000
0.013659,-0.830620,-0.070101
0.013662,-0.830620,-0.070101
0.013666,-0.830620,-0.050000
0.013669,-0.850721,-0.070101
0.013672,-0.850721,-0.070101
0.013675,-0.830620,-0.070101
0.013678,-0.830620,-0.050000
0.013682,-0.830620,-0.050000
0.013685,-0.830620,-0.050000
0.013688,-0.830620,-0.070101
0.013691,-0.830620,-0.070101
0.013694,-0.830620,-0.050000
0.013698,-0.830620,-0.050000
0.013701,-0.830620,-0.050000
0.013704,-0.830620,-0.050000
0.013707,-0.830620,-0.050000
0.013710,-0.830620,-0.050000
0.013714,-0.830620,-0.050000
0.013717,-0.830620,-0.070101
0.013720,-0.830620,-0.050000
0.013723,-0.830620,-0.050000
0.013726,-0.830620,-0.050000
0.013730,-0.830620,-0.050000
0.013733,-0.830620,-0.050000
0.013736,-0.830620,-0.050000
0.013739,-0.830620,-0.050000
0.013742,-0.830620,-0.070101
0.013746,-0.830620,-0.050000
0.013749,-0.830620,-0.050000
0.013752,-0.830620,-0.050000
0.013755,-0.830620,-0.050000
0.013758,-0.830620,-0.050000
0.013762,-0.830620,-0.050000
0.013765,-0.830620,-0.050000
0.013768,-0.830620,-0.050000
0.013771,-0.850721,-0.050000
0.013774,-0.830620,-0.029900
0.013778,-0.830620,-0.050000
0.013781,-0.830620,-0.050000
0.013784,-0.830620,-0.050000
0.013787,-0.830620,-0.050000
0.013790,-0.830620,-0.050000
0.013794,-0.830620,-0.050000
0.013797,-0.830620,-0.050000
0.013800,-0.830620,-0.050000
0.013803,-0.830620,-0.050000
0.013806,-0.830620,-0.029900
0.013810,-0.830620,-0.029900
0.013813,-0.830620,-0.050000
0.013816,-0.810520,-0.050000
0.013819,-0.830620,-0.050000
0.013822,-0.830620,-0.029900
0.013826,-0.830620,-0.050000
0.013829,-0.830620,-0.050000
0.013832,-0.810520,-0.050000
0.013835,-0.830620,-0.050000
0.013838,-0.810520,-0.050000
0.013842,-0.830620,-0.050000
0.013845,-0.810520,-0.050000
0.013848,-0.830620,-0.050000
0.013851,-0.830620,-0.050000
0.013854,-0.830620,-0.050000
0.013858,-0.830620,-0.050000
0.013861,-0.830620,-0.070101
0.013864,-0.830620,-0.070101
0.013867,-0.830620,-0.050000
0.013870,-0.830620,-0.050000
0.013874,-0.830620,-0.050000
0.013877,-0.830620,-0.050000
0.013880,-0.830620,-0.050000
0.013883,-0.830620,-0.050000
0.013886,-0.830620,-0.029900
0.013890,-0.830620,-0.029900
0.013893,-0.830620,-0.050000
0.013896,-0.810520,-0.029900
0.013899,-0.810520,-0.050000
0.013902,-0.830620,-0.029900
0.013906,-0.830620,-0.050000
0.013909,-0.810520,-0.050000
0.013912,-0.810520,-0.029900
0.013915,-0.830620,-0.029900
0.013918,-0.830620,-0.050000
0.013922,-0.810520,-0.050000
0.013925,-0.810520,-0.029900
0.013928,-0.830620,-0.050000
0.013931,-0.830620,-0.029900
0.013934,-0.830620,-0.029900
0.013938,-0.810520,-0.029900
0.013941,-0.830620,-0.029900
0.013944,-0.810520,-0.009799
0.013947,-0.810520,-0.029900
0.013950,-0.810520,-0.029900
0.013954,-0.830620,-0.029900
0.013957,-0.810520,-0.029900
0.013960,-0.810520,-0.009799
0.013963,-0.810520,-0.009799
0.013966,-0.830620,-0.009799
0.013970,-0.810520,-0.029900
0.013973,-0.810520,-0.029900
0.013976,-0.810520,-0.029900
0.013979,-0.810520,-0.029900
0.013982,-0.810520,-0.029900
0.013986,-0.830620,-0.029900
0.013989,-0.810520,-0.029900
0.013992,-0.810520,-0.029900
0.013995,-0.810520,-0.029900
0.013998,-0.830620,-0.009799
0.014002,-0.810520,-0.009799
0.014005,-0.830620,-0.029900
0.014008,-0.830620,-0.029900
0.014011,-0.810520,-0.029900
0.014014,-0.810520,-0.029900
0.014018,-0.810520,-0.009799
0.014021,-0.810520,-0.009799
0.014024,-0.810520,-0.009799
0.014027,-0.810520,0.010301
0.014030,-0.810520,-0.029900
0.014034,-0.810520,-0.029900
0.014037,-0.810520,-0.009799
0.014040,-0.810520,-0.009799
0.014043,-0.810520,-0.029900
0.014046,-0.810520,-0.029900
0.014050,-0.810520,-0.029900
0.014053,-0.810520,-0.029900
0.014056,-0.810520,-0.029900
0.014059,-0.810520,-0.009799
0.014062,-0.810520,-0.029900
0.014066,-0.810520,-0.029900
0.014069,-0.810520,-0.029900
0.014072,-0.810520,-0.029900
0.014075,-0.810520,-0.050000
0.014078,-0.810520,-0.050000
0.014082,-0.810520,-0.029900
0.014085,-0.810520,-0.029900
0.014088,-0.810520,-0.029900
0.014091,-0.810520,-0.029900
0.014094,-0.810520,-0.009799
0.014098,-0.810520,-0.029900
0.014101,-0.810520,-0.029900
0.014104,-0.810520,-0.009799
0.014107,-0.810520,-0.009799
0.014110,-0.810520,-0.029900
0.014114,-0.810520,-0.009799
0.014117,-0.810520,-0.009799
0.014120,-0.810520,-0.029900
0.014123,-0.810520,-0.029900
0.014126,-0.810520,-0.009799
0.014130,-0.810520,-0.029900
0.014133,-0.830620,-0.029900
0.014136,-0.810520,-0.029900
0.014139,-0.810520,-0.029900
0.014142,-0.810520,-0.029900
0.014146,-0.810520,-0.050000
0.014149,-0.810520,-0.050000
0.014152,-0.810520,-0.029900
0.014155,-0.810520,-0.029900
0.014158,-0.810520,-0.050000
0.014162,-0.810520,-0.050000
0.014165,-0.810520,-0.050000
0.014168,-0.810520,-0.029900
0.014171,-0.790419,-0.029900
0.014174,-0.810520,-0.029900
0.014178,-0.810520,-0.009799
0.014181,-0.810520,-0.029900
0.014184,-0.810520,-0.029900
0.014187,-0.810520,-0.029900
0.014190,-0.810520,-0.029900
0.014194,-0.810520,-0.029900
0.014197,-0.810520,-0.029900
0.014200,-0.810520,-0.029900
0.014203,-0.810520,-0.029900
0.014206,-0.810520,-0.029900
0.014210,-0.810520,-0.029900
0.014213,-0.790419,-0.029900
0.014216,-0.810520,-0.009799
0.014219,-0.810520,-0.029900
0.014222,-0.830620,-0.029900
0.014226,-0.810520,-0.009799
0.014229,-0.810520,-0.009799
0.014232,-0.810520,-0.029900
0.014235,-0.810520,-0.009799
0.014238,-0.790419,-0.009799
0.014242,-0.810520,-0.009799
0.014245,-0.810520,-0.009799
0.014248,-0.810520,-0.029900
0.014251,-0.810520,-0.009799
0.014254,-0.810520,-0.009799
0.014258,-0.810520,-0.029900
0.014261,-0.810520,-0.029900
0.014264,-0.790419,-0.029900
0.014267,-0.790419,-0.029900
0.014270,-0.810520,-0.050000
0.014274,-0.810520,-0.029900
0.014277,-0.790419,-0.029900
0.014280,-0.810520,-0.050000
0.014283,-0.810520,-0.029900
0.014286,-0.790419,-0.050000
0.014290,-0.810520,-0.029900
0.014293,-0.810520,-0.029900
0.014296,-0.790419,-0.050000
0.014299,-0.790419,-0.050000
0.014302,-0.810520,-0.029900
0.014306,-0.790419,-0.029900
0.014309,-0.790419,-0.029900
0.014312,-0.790419,-0.009799
0.014315,-0.790419,-0.009799
0.014318,-0.790419,-0.009799
0.014322,-0.790419,-0.009799
0.014325,-0.810520,-0.029900
0.014328,-0.790419,-0.029900
0.014331,-0.810520,-0.029900
0.014334,-0.790419,-0.029900
0.014338,-0.810520,-0.029900
0.014341,-0.810520,-0.029900
0.014344,-0.790419,-0.029900
0.014347,-0.810520,-0.029900
0.014350,-0.790419,-0.029900
0.014354,-0.790419,-0.050000
0.014357,-0.790419,-0.050000
0.014360,-0.810520,-0.029900
0.014363,-0.790419,-0.050000
0.014366,-0.790419,-0.050000
0.014370,-0.790419,-0.029900
0.014373,-0.790419,-0.029900
0.014376,-0.790419,-0.050000
0.014379,-0.810520,-0.029900
0.014382,-0.790419,-0.050000
0.014386,-0.790419,-0.050000
0.014389,-0.790419,-0.029900
0.014392,-0.790419,-0.029900
0.014395,-0.790419,-0.029900
0.014398,-0.790419,-0.029900
0.014402,-0.790419,-0.029900
0.014405,-0.810520,-0.029900
0.014408,-0.790419,-0.029900
0.014411,-0.790419,-0.029900
0.014414,-0.790419,-0.050000
0.014418,-0.790419,-0.050000
0.014421,-0.790419,-0.050000
0.014424,-0.790419,-0.050000
0.014427,-0.790419,-0.050000
0.014430,-0.790419,-0.050000
0.014434,-0.790419,-0.029900
0.014437,-0.790419,-0.050000
0.014440,-0.790419,-0.050000
0.014443,-0.790419,-0.029900
0.014446,-0.790419,-0.050000
0.014450,-0.790419,-0.029900
0.014453,-0.790419,-0.050000
0.014456,-0.790419,-0.050000
0.014459,-0.790419,-0.050000
0.014462,-0.770319,-0.050000
0.014466,-0.790419,-0.050000
0.014469,-0.770319,-0.050000
0.014472,-0.790419,-0.050000
0.014475,-0.770319,-0.050000
0.014478,-0.810520,-0.050000
0.014482,-0.790419,-0.050000
0.014485,-0.790419,-0.050000
0.014488,-0.790419,-0.050000
0.014491,-0.770319,-0.050000
0.014494,-0.790419,-0.050000
0.014498,-0.790419,-0.050000
0.014501,-0.790419,-0.070101
0.014504,-0.790419,-0.050000
0.014507,-0.790419,-0.050000
0.014510,-0.790419,-0.050000
0.014514,-0.770319,-0.050000
0.014517,-0.790419,-0.050000
0.014520,-0.790419,-0.050000
0.014523,-0.790419,-0.050000
0.014526,-0.790419,-0.050000
0.014530,-0.790419,-0.050000
0.014533,-0.790419,-0.050000
0.014536,-0.790419,-0.029900
0.014539,-0.770319,-0.029900
0.014542,-0.790419,-0.029900
0.014546,-0.790419,-0.050000
0.014549,-0.790419,-0.050000
0.014552,-0.790419,-0.050000
0.014555,-0.770319,-0.050000
0.014558,-0.790419,-0.029900
0.014562,-0.790419,-0.050000
0.014565,-0.790419,-0.050000
0.014568,-0.790419,-0.050000
0.014571,-0.790419,-0.050000
0.014574,-0.790419,-0.050000
0.014578,-0.790419,-0.050000
0.014581,-0.790419,-0.050000
0.014584,-0.770319,-0.029900
0.014587,-0.770319,-0.050000
0.014590,-0.790419,-0.029900
0.014594,-0.790419,-0.029900
0.014597,-0.770319,-0.029900
0.014600,-0.790419,-0.050000
0.014603,-0.770319,-0.050000
0.014606,-0.770319,-0.050000
0.014610,-0.790419,-0.029900
0.014613,-0.770319,-0.029900
0.014616,-0.770319,-0.029900
0.014619,-0.770319,-0.050000
0.014622,-0.790419,-0.029900
0.014626,-0.770319,-0.050000
0.014629,-0.770319,-0.029900
0.014632,-0.790419,-0.029900
0.014635,-0.770319,-0.050000
0.014638,-0.770319,-0.029900
0.014642,-0.770319,-0.029900
0.014645,-0.770319,-0.029900
0.014648,-0.770319,-0.029900
0.014651,-0.770319,-0.050000
0.014654,-0.770319,-0.050000
0.014658,-0.770319,-0.050000
0.014661,-0.770319,-0.050000
0.014664,-0.770319,-0.050000
0.014667,-0.770319,-0.050000
0.014670,-0.770319,-0.050000
0.014674,-0.770319,-0.029900
0.014677,-0.770319,-0.029900
0.014680,-0.770319,-0.009799
0.014683,-0.770319,-0.029900
0.014686,-0.770319,-0.029900
0.014690,-0.770319,-0.029900
0.014693,-0.770319,-0.029900
0.014696,-0.770319,-0.050000
0.014699,-0.770319,-0.029900
0.014702,-0.770319,-0.029900
0.014706,-0.770319,-0.050000
0.014709,-0.770319,-0.050000
0.014712,-0.770319,-0.050000
0.014715,-0.770319,-0.050000
0.014718,-0.770319,-0.050000
0.014722,-0.790419,-0.050000
0.014725,-0.750219,-0.050000
0.014728,-0.770319,-0.050000
0.014731,-0.770319,-0.050000
0.014734,-0.770319,-0.050000
0.014738,-0.770319,-0.050000
0.014741,-0.770319,-0.050000
0.014744,-0.770319,-0.050000
0.014747,-0.770319,-0.050000
0.014750,-0.770319,-0.050000
0.014754,-0.770319,-0.050000
0.014757,-0.770319,-0.050000
0.014760,-0.770319,-0.029900
0.014763,-0.770319,-0.029900
0.014766,-0.770319,-0.029900
0.014770,-0.770319,-0.029900
0.014773,-0.770319,-0.029900
0.014776,-0.770319,-0.029900
0.014779,-0.770319,-0.029900
0.014782,-0.770319,-0.029900
0.014786,-0.770319,-0.029900
0.014789,-0.770319,-0.029900
0.014792,-0.770319,-0.050000
0.014795,-0.770319,-0.050000
0.014798,-0.770319,-0.050000
0.014802,-0.750219,-0.050000
0.014805,-0.770319,-0.050000
0.014808,-0.750219,-0.029900
0.014811,-0.770319,-0.050000
0.014814,-0.770319,-0.050000
0.014818,-0.750219,-0.050000
0.014821,-0.770319,-0.050000
0.014824,-0.750219,-0.050000
0.014827,-0.750219,-0.029900
0.014830,-0.770319,-0.029900
0.014834,-0.750219,-0.050000
0.014837,-0.770319,-0.009799
0.014840,-0.750219,-0.050000
0.014843,-0.750219,-0.050000
0.014846,-0.750219,-0.050000
0.014850,-0.770319,-0.050000
0.014853,-0.770319,-0.050000
0.014856,-0.770319,-0.029900
0.014859,-0.770319,-0.029900
0.014862,-0.770319,-0.050000
0.014866,-0.770319,-0.029900
0.014869,-0.750219,-0.050000
0.014872,-0.770319,-0.050000
0.014875,-0.770319,-0.029900
0.014878,-0.770319,-0.050000
0.014882,-0.750219,-0.050000
0.014885,-0.750219,-0.050000
0.014888,-0.770319,-0.029900
0.014891,-0.750219,-0.029900
0.014894,-0.750219,-0.050000
0.014898,-0.750219,-0.050000
0.014901,-0.750219,-0.070101
0.014904,-0.750219,-0.050000
0.014907,-0.750219,-0.050000
0.014910,-0.750219,-0.050000
0.014914,-0.750219,-0.050000
0.014917,-0.770319,-0.050000
0.014920,-0.750219,-0.050000
0.014923,-0.750219,-0.050000
0.014926,-0.750219,-0.070101
0.014930,-0.770319,-0.050000
0.014933,-0.750219,-0.050000
0.014936,-0.770319,-0.050000
0.014939,-0.730118,-0.050000
0.014942,-0.750219,-0.050000
0.014946,-0.750219,-0.050000
0.014949,-0.750219,-0.050000
0.014952,-0.750219,-0.050000
0.014955,-0.750219,-0.050000
0.014958,-0.750219,-0.070101
0.014962,-0.750219,-0.070101
0.014965,-0.750219,-0.070101
0.014968,-0.750219,-0.070101
0.014971,-0.750219,-0.050000
0.014974,-0.750219,-0.070101
0.014978,-0.750219,-0.070101
0.014981,-0.750219,-0.070101
0.014984,-0.750219,-0.070101
0.014987,-0.750219,-0.070101
0.014990,-0.750219,-0.050000
0.014994,-0.750219,-0.050000
0.014997,-0.750219,-0.050000
0.015000,-0.750219,-0.050000
0.015003,-0.750219,-0.050000
0.015006,-0.750219,-0.050000
0.015010,-0.750219,-0.050000
0.015013,-0.750219,-0.050000
0.015016,-0.750219,-0.050000
0.015019,-0.750219,-0.050000
0.015022,-0.750219,-0.029900
0.015026,-0.750219,-0.029900
0.015029,-0.730118,-0.050000
0.015032,-0.750219,-0.029900
0.015035,-0.750219,-0.029900
0.015038,-0.750219,-0.029900
0.015042,-0.750219,-0.029900
0.015045,-0.730118,-0.029900
0.015048,-0.750219,-0.029900
0.015051,-0.750219,-0.029900
0.015054,-0.750219,-0.029900
0.015058,-0.730118,-0.009799
0.015061,-0.750219,-0.029900
0.015064,-0.750219,-0.009799
0.015067,-0.750219,-0.009799
0.015070,-0.750219,-0.029900
0.015074,-0.750219,-0.009799
0.015077,-0.730118,-0.009799
0.015080,-0.750219,-0.009799
0.015083,-0.730118,-0.009799
0.015086,-0.730118,-0.029900
0.015090,-0.730118,-0.029900
0.015093,-0.750219,-0.009799
0.015096,-0.730118,-0.009799
0.015099,-0.750219,-0.009799
0.015102,-0.750219,-0.009799
0.015106,-0.730118,-0.009799
0.015109,-0.730118,-0.009799
0.015112,-0.730118,-0.009799
0.015115,-0.730118,-0.009799
0.015118,-0.730118,-0.009799
0.015122,-0.750219,-0.009799
0.015125,-0.750219,0.010301
0.015128,-0.730118,0.010301
0.015131,-0.730118,0.010301
0.015134,-0.730118,0.010301
0.015138,-0.750219,0.010301
0.015141,-0.750219,0.010301
0.015144,-0.730118,0.010301
0.015147,-0.730118,0.010301
0.015150,-0.730118,0.010301
0.015154,-0.750219,0.030402
0.015157,-0.730118,0.030402
0.015160,-0.730118,0.010301
0.015163,-0.730118,0.010301
0.015166,-0.730118,0.010301
0.015170,-0.730118,0.010301
0.015173,-0.730118,0.010301
0.015176,-0.730118,0.010301
0.015179,-0.730118,0.010301
0.015182,-0.730118,0.010301
0.015186,-0.730118,0.010301
0.015189,-0.730118,0.010301
0.015192,-0.730118,0.010301
0.015195,-0.730118,0.010301
0.015198,-0.730118,-0.009799
0.015202,-0.730118,0.010301
0.015205,-0.730118,-0.009799
0.015208,-0.730118,0.010301
0.015211,-0.730118,-0.009799
0.015214,-0.730118,0.010301
0.015218,-0.730118,-0.009799
0.015221,-0.730118,-0.009799
0.015224,-0.730118,0.010301
0.015227,-0.730118,0.010301
0.015230,-0.730118,-0.009799
0.015234,-0.730118,0.010301
0.015237,-0.730118,0.010301
0.015240,-0.730118,0.010301
0.015243,-0.730118,0.010301
0.015246,-0.730118,0.010301
0.015250,-0.730118,0.010301
0.015253,-0.710017,0.010301
0.015256,-0.710017,0.010301
0.015259,-0.730118,0.010301
0.015262,-0.730118,0.010301
0.015266,-0.730118,0.010301
0.015269,-0.730118,0.030402
0.015272,-0.730118,0.010301
0.015275,-0.730118,0.010301
0.015278,-0.730118,0.010301
0.015282,-0.710017,0.010301
0.015285,-0.710017,0.010301
0.015288,-0.730118,0.010301
0.015291,-0.730118,0.010301
0.015294,-0.730118,-0.009799
0.015298,-0.710017,0.010301
0.015301,-0.710017,0.010301
0.015304,-0.710017,-0.009799
0.015307,-0.730118,-0.009799
0.015310,-0.710017,-0.009799
0.015314,-0.730118,-0.009799
0.015317,-0.710017,-0.009799
0.015320,-0.710017,-0.009799
0.015323,-0.730118,-0.009799
0.015326,-0.710017,0.010301
0.015330,-0.730118,-0.009799
0.015333,-0.730118,0.010301
0.015336,-0.710017,-0.009799
0.015339,-0.710017,-0.009799
0.015342,-0.730118,0.010301
0.015346,-0.710017,0.010301
0.015349,-0.710017,-0.009799
0.015352,-0.710017,0.010301
0.015355,-0.710017,-0.009799
0.015358,-0.710017,-0.009799
0.015362,-0.710017,-0.009799
0.015365,-0.710017,-0.009799
0.015368,-0.710017,-0.009799
0.015371,-0.730118,-0.009799
0.015374,-0.730118,0.010301
0.015378,-0.710017,-0.009799
0.015381,-0.710017,-0.009799
0.015384,-0.710017,0.010301
0.015387,-0.710017,-0.009799
0.015390,-0.730118,0.010301
0.015394,-0.730118,-0.009799
0.015397,-0.710017,0.010301
0.015400,-0.710017,0.010301
0.015403,-0.710017,-0.009799
0.015406,-0.710017,0.010301
0.015410,-0.710017,0.030402
0.015413,-0.710017,0.010301
0.015416,-0.710017,0.010301
0.015419,-0.710017,0.010301
0.015422,-0.710017,0.010301
0.015426,-0.710017,-0.009799
0.015429,-0.710017,-0.009799
0.015432,-0.710017,0.010301
0.015435,-0.710017,-0.009799
0.015438,-0.710017,-0.009799
0.015442,-0.710017,-0.009799
0.015445,-0.710017,-0.009799
0.015448,-0.710017,-0.009799
0.015451,-0.710017,-0.009799
0.015454,-0.710017,-0.009799
0.015458,-0.710017,-0.009799
0.015461,-0.710017,-0.009799
0.015464,-0.710017,-0.029900
0.015467,-0.710017,-0.009799
0.015470,-0.689917,-0.009799
0.015474,-0.689917,-0.009799
0.015477,-0.710017,-0.009799
0.015480,-0.710017,-0.009799
0.015483,-0.710017,-0.009799
0.015486,-0.710017,-0.009799
0.015490,-0.710017,-0.009799
0.015493,-0.710017,-0.009799
0.015496,-0.710017,-0.009799
0.015499,-0.710017,-0.009799
0.015502,-0.710017,0.010301
0.015506,-0.710017,0.010301
0.015509,-0.710017,-0.009799
0.015512,-0.710017,0.010301
0.015515,-0.710017,-0.009799
0.015518,-0.710017,-0.009799
0.015522,-0.689917,-0.009799
0.015525,-0.710017,-0.009799
0.015528,-0.689917,-0.009799
0.015531,-0.710017,-0.009799
0.015534,-0.689917,-0.009799
0.015538,-0.689917,-0.009799
0.015541,-0.689917,-0.009799
0.015544,-0.689917,-0.009799
0.015547,-0.689917,-0.009799
0.015550,-0.689917,-0.009799
0.015554,-0.710017,-0.009799
0.015557,-0.689917,0.010301
0.015560,-0.689917,-0.009799
0.015563,-0.689917,-0.009799
0.015566,-0.710017,-0.009799
0.015570,-0.689917,-0.009799
0.015573,-0.689917,-0.009799
0.015576,-0.689917,-0.009799
0.015579,-0.689917,-0.009799
0.015582,-0.689917,-0.009799
0.015586,-0.689917,0.010301
0.015589,-0.689917,-0.009799
0.015592,-0.689917,-0.009799
0.015595,-0.689917,-0.009799
0.015598,-0.710017,-0.009799
0.015602,-0.689917,-0.009799
0.015605,-0.710017,-0.009799
0.015608,-0.689917,-0.009799
0.015611,-0.689917,-0.009799
0.015614,-0.689917,-0.009799
0.015618,-0.689917,-0.009799
0.015621,-0.689917,-0.009799
0.015624,-0.689917,-0.009799
0.015627,-0.689917,-0.029900
0.015630,-0.689917,-0.009799
0.015634,-0.689917,-0.029900
0.015637,-0.689917,-0.029900
0.015640,-0.689917,-0.029900
0.015643,-0.689917,-0.029900
0.015646,-0.689917,-0.029900
0.015650,-0.689917,-0.029900
0.015653,-0.689917,-0.009799
0.015656,-0.689917,-0.009799
0.015659,-0.689917,-0.009799
0.015662,-0.689917,-0.009799
0.015666,-0.689917,-0.009799
0.015669,-0.669816,-0.009799
0.015672,-0.689917,-0.029900
0.015675,-0.689917,-0.009799
0.015678,-0.689917,-0.029900
0.015682,-0.689917,-0.009799
0.015685,-0.669816,-0.009799
0.015688,-0.689917,-0.009799
0.015691,-0.689917,-0.009799
0.015694,-0.689917,-0.029900
0.015698,-0.689917,-0.029900
0.015701,-0.669816,-0.029900
0.015704,-0.689917,-0.029900
0.015707,-0.689917,-0.029900
0.015710,-0.689917,-0.029900
0.015714,-0.689917,-0.050000
0.015717,-0.669816,-0.029900
0.015720,-0.669816,-0.029900
0.015723,-0.689917,-0.029900
0.015726,-0.689917,-0.029900
0.015730,-0.689917,-0.029900
0.015733,-0.689917,-0.029900
0.015736,-0.669816,-0.029900
0.015739,-0.689917,-0.029900
0.015742,-0.669816,-0.029900
0.015746,-0.669816,-0.029900
0.015749,-0.689917,-0.029900
0.015752,-0.669816,-0.009799
0.015755,-0.669816,-0.029900
0.015758,-0.689917,-0.029900
0.015762,-0.689917,-0.009799
0.015765,-0.669816,-0.009799
0.015768,-0.669816,-0.009799
0.015771,-0.669816,-0.009799
0.015774,-0.669816,-0.009799
0.015778,-0.669816,-0.009799
0.015781,-0.669816,-0.029900
0.015784,-0.669816,-0.029900
0.015787,-0.689917,-0.029900
0.015790,-0.669816,-0.029900
0.015794,-0.669816,-0.029900
0.015797,-0.689917,-0.029900
0.015800,-0.669816,-0.029900
0.015803,-0.669816,-0.029900
0.015806,-0.669816,-0.029900
0.015810,-0.669816,-0.029900
0.015813,-0.669816,-0.009799
0.015816,-0.669816,-0.029900
0.015819,-0.669816,-0.029900
0.015822,-0.669816,0.010301
0.015826,-0.669816,-0.009799
0.015829,-0.649716,-0.009799
0.015832,-0.669816,-0.009799
0.015835,-0.669816,0.010301
0.015838,-0.669816,-0.009799
0.015842,-0.669816,-0.009799
0.015845,-0.669816,-0.009799
0.015848,-0.669816,-0.029900
0.015851,-0.649716,-0.009799
0.015854,-0.669816,-0.029900
0.015858,-0.669816,-0.009799
0.015861,-0.649716,-0.009799
0.015864,-0.649716,-0.009799
0.015867,-0.649716,-0.009799
0.015870,-0.669816,-0.009799
0.015874,-0.669816,-0.009799
0.015877,-0.649716,-0.009799
0.015880,-0.669816,-0.009799
0.015883,-0.649716,0.010301
0.015886,-0.649716,-0.009799
0.015890,-0.649716,-0.009799
0.015893,-0.649716,-0.009799
0.015896,-0.649716,-0.009799
0.015899,-0.649716,-0.009799
0.015902,-0.649716,-0.009799
0.015906,-0.649716,-0.009799
0.015909,-0.649716,-0.009799
0.015912,-0.669816,-0.009799
0.015915,-0.649716,-0.009799
0.015918,-0.649716,-0.009799
0.015922,-0.649716,0.010301
0.015925,-0.649716,-0.009799
0.015928,-0.649716,-0.009799
0.015931,-0.649716,-0.009799
0.015934,-0.649716,0.010301
0.015938,-0.649716,0.010301
0.015941,-0.649716,-0.009799
0.015944,-0.649716,0.010301
0.015947,-0.649716,-0.009799
0.015950,-0.649716,-0.009799
0.015954,-0.649716,-0.009799
0.015957,-0.649716,-0.009799
0.015960,-0.649716,-0.009799
0.015963,-0.649716,-0.009799
0.015966,-0.649716,-0.009799
0.015970,-0.649716,-0.009799
0.015973,-0.649716,-0.009799
0.015976,-0.649716,-0.009799
0.015979,-0.649716,-0.009799
0.015982,-0.629615,0.010301
0.015986,-0.629615,0.010301
0.015989,-0.649716,-0.009799
0.015992,-0.649716,-0.009799
0.015995,-0.629615,-0.009799
0.015998,-0.629615,-0.009799
0.016002,-0.649716,-0.009799
0.016005,-0.629615,-0.009799
0.016008,-0.629615,0.010301
0.016011,-0.629615,0.010301
0.016014,-0.649716,0.010301
0.016018,-0.649716,0.010301
0.016021,-0.629615,0.010301
0.016024,-0.629615,-0.009799
0.016027,-0.629615,0.010301
0.016030,-0.629615,0.010301
0.016034,-0.609515,-0.009799
0.016037,-0.629615,-0.009799
0.016040,-0.629615,-0.009799
0.016043,-0.629615,-0.009799
0.016046,-0.629615,-0.029900
0.016050,-0.629615,-0.009799
0.016053,-0.629615,-0.009799
0.016056,-0.629615,-0.029900
0.016059,-0.629615,-0.009799
0.016062,-0.629615,-0.009799
0.016066,-0.629615,-0.009799
0.016069,-0.629615,-0.009799
0.016072,-0.629615,-0.029900
0.016075,-0.629615,-0.009799
0.016078,-0.629615,-0.009799
0.016082,-0.629615,-0.009799
0.016085,-0.609515,-0.029900
0.016088,-0.629615,-0.009799
0.016091,-0.629615,-0.009799
0.016094,-0.629615,-0.009799
0.016098,-0.629615,-0.009799
0.016101,-0.629615,-0.009799
0.016104,-0.629615,-0.009799
0.016107,-0.629615,-0.009799
0.016110,-0.629615,-0.009799
0.016114,-0.629615,-0.009799
0.016117,-0.609515,-0.009799
0.016120,-0.629615,-0.009799
0.016123,-0.629615,-0.009799
0.016126,-0.609515,-0.029900
0.016130,-0.609515,-0.009799
0.016133,-0.609515,-0.009799
0.016136,-0.609515,-0.029900
0.016139,-0.629615,-0.029900
0.016142,-0.609515,-0.029900
0.016146,-0.609515,-0.029900
0.016149,-0.609515,-0.029900
0.016152,-0.609515,-0.029900
0.016155,-0.609515,-0.029900
0.016158,-0.609515,-0.029900
0.016162,-0.609515,-0.029900
0.016165,-0.609515,-0.029900
0.016168,-0.609515,-0.009799
0.016171,-0.609515,-0.009799
0.016174,-0.609515,-0.029900
0.016178,-0.609515,-0.029900
0.016181,-0.609515,-0.009799
0.016184,-0.589414,-0.029900
0.016187,-0.589414,-0.029900
0.016190,-0.609515,-0.050000
0.016194,-0.609515,-0.029900
0.016197,-0.609515,-0.050000
0.016200,-0.609515,-0.029900
0.016203,-0.589414,-0.029900
0.016206,-0.609515,-0.029900
0.016210,-0.609515,-0.029900
0.016213,-0.609515,-0.029900
0.016216,-0.589414,-0.050000
0.016219,-0.589414,-0.029900
0.016222,-0.609515,-0.029900
0.016226,-0.589414,-0.029900
0.016229,-0.589414,-0.029900
0.016232,-0.589414,-0.029900
0.016235,-0.609515,-0.029900
0.016238,-0.589414,-0.029900
0.016242,-0.609515,-0.029900
0.016245,-0.589414,-0.029900
0.016248,-0.609515,-0.029900
0.016251,-0.589414,-0.009799
0.016254,-0.589414,-0.029900
0.016258,-0.589414,-0.009799
0.016261,-0.589414,-0.029900
0.016264,-0.589414,-0.050000
0.016267,-0.609515,-0.050000
0.016270,-0.589414,-0.029900
0.016274,-0.589414,-0.029900
0.016277,-0.589414,-0.050000
0.016280,-0.589414,-0.029900
0.016283,-0.589414,-0.050000
0.016286,-0.589414,-0.029900
0.016290,-0.589414,-0.029900
0.016293,-0.589414,-0.050000
0.016296,-0.589414,-0.050000
0.016299,-0.589414,-0.050000
0.016302,-0.569314,-0.050000
0.016306,-0.589414,-0.050000
0.016309,-0.589414,-0.050000
0.016312,-0.569314,-0.050000
0.016315,-0.569314,-0.050000
0.016318,-0.589414,-0.050000
0.016322,-0.569314,-0.050000
0.016325,-0.589414,-0.050000
0.016328,-0.589414,-0.050000
0.016331,-0.569314,-0.029900
0.016334,-0.569314,-0.050000
0.016338,-0.569314,-0.050000
0.016341,-0.569314,-0.050000
0.016344,-0.569314,-0.029900
0.016347,-0.569314,-0.029900
0.016350,-0.569314,-0.029900
0.016354,-0.569314,-0.029900
0.016357,-0.569314,-0.050000
0.016360,-0.549213,-0.029900
0.016363,-0.569314,-0.029900
0.016366,-0.569314,-0.029900
0.016370,-0.549213,-0.029900
0.016373,-0.569314,-0.029900
0.016376,-0.569314,-0.029900
0.016379,-0.569314,-0.029900
0.016382,-0.569314,-0.009799
0.016386,-0.549213,-0.029900
0.016389,-0.569314,-0.029900
0.016392,-0.549213,-0.050000
0.016395,-0.569314,-0.029900
0.016398,-0.549213,-0.029900
0.016402,-0.569314,-0.029900
0.016405,-0.549213,-0.050000
0.016408,-0.569314,-0.029900
0.016411,-0.569314,-0.029900
0.016414,-0.569314,-0.029900
0.016418,-0.549213,-0.050000
0.016421,-0.549213,-0.050000
0.016424,-0.549213,-0.050000
0.016427,-0.549213,-0.070101
0.016430,-0.549213,-0.070101
0.016434,-0.549213,-0.070101
0.016437,-0.549213,-0.070101
0.016440,-0.569314,-0.070101
0.016443,-0.549213,-0.050000
0.016446,-0.549213,-0.070101
0.016450,-0.549213,-0.050000
0.016453,-0.549213,-0.050000
0.016456,-0.549213,-0.050000
0.016459,-0.549213,-0.050000
0.016462,-0.549213,-0.050000
0.016466,-0.549213,-0.050000
0.016469,-0.549213,-0.029900
0.016472,-0.549213,-0.050000
0.016475,-0.549213,-0.029900
0.016478,-0.549213,-0.029900
0.016482,-0.549213,-0.029900
0.016485,-0.549213,-0.029900
0.016488,-0.549213,-0.029900
0.016491,-0.529113,-0.029900
0.016494,-0.549213,-0.029900
0.016498,-0.549213,-0.029900
0.016501,-0.529113,-0.050000
0.016504,-0.529113,-0.029900
0.016507,-0.529113,-0.029900
0.016510,-0.529113,-0.009799
0.016514,-0.529113,-0.009799
0.016517,-0.529113,-0.009799
0.016520,-0.529113,-0.029900
0.016523,-0.529113,-0.029900
0.016526,-0.529113,-0.029900
0.016530,-0.529113,-0.029900
0.016533,-0.529113,-0.050000
0.016536,-0.529113,-0.029900
0.016539,-0.529113,-0.029900
0.016542,-0.509012,-0.029900
0.016546,-0.509012,-0.029900
0.016549,-0.529113,-0.029900
0.016552,-0.529113,-0.050000
0.016555,-0.529113,-0.050000
0.016558,-0.529113,-0.050000
0.016562,-0.529113,-0.050000
0.016565,-0.529113,-0.050000
0.016568,-0.509012,-0.050000
0.016571,-0.529113,-0.050000
0.016574,-0.509012,-0.050000
0.016578,-0.509012,-0.050000
0.016581,-0.509012,-0.050000
0.016584,-0.509012,-0.050000
0.016587,-0.509012,-0.050000
0.016590,-0.509012,-0.050000
0.016594,-0.509012,-0.050000
0.016597,-0.509012,-0.050000
0.016600,-0.509012,-0.050000
0.016603,-0.509012,-0.029900
0.016606,-0.509012,-0.029900
0.016610,-0.509012,-0.029900
0.016613,-0.509012,-0.029900
0.016616,-0.509012,-0.029900
0.016619,-0.509012,-0.029900
0.016622,-0.509012,-0.050000
0.016626,-0.509012,-0.029900
0.016629,-0.509012,-0.050000
0.016632,-0.509012,-0.050000
0.016635,-0.509012,-0.050000
0.016638,-0.509012,-0.050000
0.016642,-0.488912,-0.050000
0.016645,-0.509012,-0.050000
0.016648,-0.488912,-0.029900
0.016651,-0.488912,-0.029900
0.016654,-0.488912,-0.029900
0.016658,-0.488912,-0.050000
0.016661,-0.488912,-0.029900
0.016664,-0.509012,-0.029900
0.016667,-0.488912,-0.029900
0.016670,-0.488912,-0.050000
0.016674,-0.509012,-0.029900
0.016677,-0.488912,-0.050000
0.016680,-0.488912,-0.009799
0.016683,-0.488912,-0.009799
0.016686,-0.488912,-0.029900
0.016690,-0.509012,-0.029900
0.016693,-0.488912,-0.029900
0.016696,-0.488912,-0.029900
0.016699,-0.488912,-0.029900
0.016702,-0.468811,-0.029900
0.016706,-0.488912,-0.050000
0.016709,-0.488912,-0.029900
0.016712,-0.488912,-0.009799
0.016715,-0.488912,-0.029900
0.016718,-0.488912,-0.029900
0.016722,-0.488912,-0.029900
0.016725,-0.468811,-0.029900
0.016728,-0.468811,-0.029900
0.016731,-0.468811,-0.009799
0.016734,-0.488912,-0.029900
0.016738,-0.488912,-0.009799
0.016741,-0.468811,-0.009799
0.016744,-0.468811,-0.009799
0.016747,-0.468811,-0.009799
0.016750,-0.488912,-0.009799
0.016754,-0.468811,-0.009799
0.016757,-0.448711,-0.009799
0.016760,-0.468811,-0.009799
0.016763,-0.468811,-0.009799
0.016766,-0.468811,-0.009799
0.016770,-0.468811,-0.029900
0.016773,-0.468811,-0.009799
0.016776,-0.468811,-0.009799
0.016779,-0.468811,-0.029900
0.016782,-0.468811,-0.009799
0.016786,-0.468811,-0.009799
0.016789,-0.468811,-0.009799
0.016792,-0.448711,-0.009799
0.016795,-0.468811,-0.009799
0.016798,-0.448711,-0.009799
0.016802,-0.468811,-0.009799
0.016805,-0.468811,-0.009799
0.016808,-0.448711,-0.009799
0.016811,-0.448711,-0.009799
0.016814,-0.448711,0.010301
0.016818,-0.448711,-0.009799
0.016821,-0.448711,0.010301
0.016824,-0.448711,0.010301
0.016827,-0.448711,0.010301
0.016830,-0.468811,-0.009799
0.016834,-0.468811,0.010301
0.016837,-0.448711,0.010301
0.016840,-0.448711,0.010301
0.016843,-0.448711,0.010301
0.016846,-0.448711,0.010301
0.016850,-0.448711,0.010301
0.016853,-0.448711,0.030402
0.016856,-0.448711,0.010301
0.016859,-0.448711,0.010301
0.016862,-0.448711,0.010301
0.016866,-0.448711,0.030402
0.016869,-0.448711,0.030402
0.016872,-0.448711,0.030402
0.016875,-0.428611,0.030402
0.016878,-0.448711,0.030402
0.016882,-0.448711,0.030402
0.016885,-0.428611,0.030402
0.016888,-0.428611,0.050502
0.016891,-0.428611,0.050502
0.016894,-0.428611,0.070603
0.016898,-0.428611,0.070603
0.016901,-0.428611,0.070603
0.016904,-0.428611,0.090704
0.016907,-0.428611,0.090704
0.016910,-0.428611,0.110804
0.016914,-0.428611,0.110804
0.016917,-0.428611,0.130904
0.016920,-0.428611,0.130904
0.016923,-0.428611,0.130904
0.016926,-0.428611,0.130904
0.016930,-0.428611,0.151005
0.016933,-0.428611,0.151005
0.016936,-0.428611,0.171106
0.016939,-0.408510,0.191206
0.016942,-0.428611,0.191206
0.016946,-0.428611,0.231407
0.016949,-0.408510,0.251507
0.016952,-0.408510,0.231407
0.016955,-0.408510,0.251507
0.016958,-0.428611,0.271608
0.016962,-0.408510,0.271608
0.016965,-0.428611,0.291709
0.016968,-0.408510,0.291709
0.016971,-0.408510,0.331910
0.016974,-0.408510,0.352010
0.016978,-0.428611,0.372111
0.016981,-0.408510,0.392211
0.016984,-0.408510,0.412311
0.016987,-0.408510,0.432412
0.016990,-0.408510,0.452513
0.016994,-0.408510,0.492713
0.016997,-0.408510,0.512814
0.017000,-0.388410,0.532914
0.017003,-0.408510,0.553015
0.017006,-0.408510,0.593216
0.017010,-0.408510,0.613316
0.017013,-0.388410,0.653517
0.017016,-0.408510,0.693719
0.017019,-0.408510,0.713819
0.017022,-0.408510,0.733919
0.017026,-0.408510,0.774120
0.017029,-0.408510,0.794221
0.017032,-0.408510,0.814321
0.017035,-0.388410,0.834422
0.017038,-0.388410,0.854522
0.017042,-0.388410,0.854522
0.017045,-0.388410,0.874623
0.017048,-0.388410,0.894724
0.017051,-0.388410,0.894724
0.017054,-0.408510,0.894724
0.017058,-0.388410,0.894724
0.017061,-0.388410,0.874623
0.017064,-0.388410,0.874623
0.017067,-0.388410,0.854522
0.017070,-0.388410,0.814321
0.017074,-0.388410,0.794221
0.017077,-0.388410,0.774120
0.017080,-0.388410,0.754020
0.017083,-0.388410,0.713819
0.017086,-0.388410,0.693719
0.017090,-0.388410,0.673618
0.017093,-0.368309,0.613316
0.017096,-0.368309,0.593216
0.017099,-0.388410,0.553015
0.017102,-0.368309,0.512814
0.017106,-0.368309,0.492713
0.017109,-0.368309,0.452513
0.017112,-0.368309,0.432412
0.017115,-0.368309,0.392211
0.017118,-0.368309,0.352010
0.017122,-0.368309,0.352010
0.017125,-0.368309,0.311809
0.017128,-0.368309,0.311809
0.017131,-0.368309,0.271608
0.017134,-0.368309,0.251507
0.017138,-0.368309,0.231407
0.017141,-0.368309,0.191206
0.017144,-0.368309,0.191206
0.017147,-0.368309,0.171106
0.017150,-0.368309,0.130904
0.017154,-0.368309,0.151005
0.017157,-0.368309,0.130904
0.017160,-0.368309,0.110804
0.017163,-0.348209,0.090704
0.017166,-0.348209,0.090704
0.017170,-0.368309,0.070603
0.017173,-0.368309,0.050502
0.017176,-0.348209,0.030402
0.017179,-0.348209,0.050502
0.017182,-0.348209,0.030402
0.017186,-0.348209,0.030402
0.017189,-0.368309,0.010301
0.017192,-0.348209,0.010301
0.017195,-0.348209,-0.009799
0.017198,-0.348209,-0.009799
0.017202,-0.368309,-0.009799
0.017205,-0.348209,-0.029900
0.017208,-0.348209,-0.009799
0.017211,-0.348209,-0.029900
0.017214,-0.348209,-0.029900
0.017218,-0.348209,-0.050000
0.017221,-0.348209,-0.070101
0.017224,-0.348209,-0.050000
0.017227,-0.348209,-0.070101
0.017230,-0.348209,-0.070101
0.017234,-0.348209,-0.070101
0.017237,-0.348209,-0.070101
0.017240,-0.348209,-0.070101
0.017243,-0.328108,-0.090201
0.017246,-0.328108,-0.090201
0.017250,-0.348209,-0.090201
0.017253,-0.348209,-0.090201
0.017256,-0.348209,-0.090201
0.017259,-0.328108,-0.090201
0.017262,-0.328108,-0.110301
0.017266,-0.328108,-0.090201
0.017269,-0.328108,-0.110301
0.017272,-0.328108,-0.110301
0.017275,-0.328108,-0.110301
0.017278,-0.328108,-0.110301
0.017282,-0.348209,-0.110301
0.017285,-0.328108,-0.090201
0.017288,-0.328108,-0.090201
0.017291,-0.328108,-0.090201
0.017294,-0.328108,-0.110301
0.017298,-0.308007,-0.090201
0.017301,-0.328108,-0.110301
0.017304,-0.328108,-0.110301
0.017307,-0.328108,-0.090201
0.017310,-0.308007,-0.090201
0.017314,-0.328108,-0.090201
0.017317,-0.308007,-0.110301
0.017320,-0.328108,-0.110301
0.017323,-0.328108,-0.110301
0.017326,-0.308007,-0.090201
0.017330,-0.328108,-0.090201
0.017333,-0.308007,-0.090201
0.017336,-0.328108,-0.090201
0.017339,-0.328108,-0.090201
0.017342,-0.308007,-0.090201
0.017346,-0.308007,-0.090201
0.017349,-0.328108,-0.090201
0.017352,-0.308007,-0.090201
0.017355,-0.308007,-0.090201
0.017358,-0.308007,-0.110301
0.017362,-0.308007,-0.110301
0.017365,-0.287907,-0.110301
0.017368,-0.308007,-0.110301
0.017371,-0.308007,-0.130402
0.017374,-0.308007,-0.130402
0.017378,-0.308007,-0.130402
0.017381,-0.308007,-0.130402
0.017384,-0.308007,-0.130402
0.017387,-0.308007,-0.130402
0.017390,-0.308007,-0.130402
0.017394,-0.308007,-0.130402
0.017397,-0.287907,-0.130402
0.017400,-0.287907,-0.130402
0.017403,-0.287907,-0.110301
0.017406,-0.287907,-0.130402
0.017410,-0.287907,-0.130402
0.017413,-0.287907,-0.110301
0.017416,-0.287907,-0.110301
0.017419,-0.287907,-0.130402
0.017422,-0.287907,-0.130402
0.017426,-0.287907,-0.130402
0.017429,-0.287907,-0.150502
0.017432,-0.267807,-0.130402
0.017435,-0.287907,-0.130402
0.017438,-0.287907,-0.150502
0.017442,-0.287907,-0.150502
0.017445,-0.287907,-0.130402
0.017448,-0.287907,-0.130402
0.017451,-0.287907,-0.130402
0.017454,-0.287907,-0.130402
0.017458,-0.287907,-0.130402
0.017461,-0.287907,-0.130402
0.017464,-0.267807,-0.130402
0.017467,-0.267807,-0.130402
0.017470,-0.267807,-0.130402
0.017474,-0.267807,-0.130402
0.017477,-0.267807,-0.130402
0.017480,-0.287907,-0.130402
0.017483,-0.267807,-0.130402
0.017486,-0.267807,-0.110301
0.017490,-0.267807,-0.130402
0.017493,-0.267807,-0.130402
0.017496,-0.267807,-0.130402
0.017499,-0.267807,-0.130402
0.017502,-0.267807,-0.110301
0.017506,-0.267807,-0.130402
0.017509,-0.267807,-0.110301
0.017512,-0.267807,-0.130402
0.017515,-0.247706,-0.130402
0.017518,-0.267807,-0.130402
0.017522,-0.247706,-0.130402
0.017525,-0.247706,-0.130402
0.017528,-0.247706,-0.130402
0.017531,-0.267807,-0.150502
0.017534,-0.267807,-0.110301
0.017538,-0.267807,-0.130402
0.017541,-0.247706,-0.130402
0.017544,-0.247706,-0.130402
0.017547,-0.247706,-0.150502
0.017550,-0.247706,-0.130402
0.017554,-0.247706,-0.150502
0.017557,-0.247706,-0.150502
0.017560,-0.267807,-0.150502
0.017563,-0.247706,-0.150502
0.017566,-0.247706,-0.170603
0.017570,-0.247706,-0.150502
0.017573,-0.267807,-0.150502
0.017576,-0.247706,-0.150502
0.017579,-0.247706,-0.150502
0.017582,-0.227606,-0.130402
0.017586,-0.247706,-0.150502
0.017589,-0.247706,-0.130402
0.017592,-0.227606,-0.130402
0.017595,-0.247706,-0.150502
0.017598,-0.227606,-0.150502
0.017602,-0.227606,-0.130402
0.017605,-0.247706,-0.130402
0.017608,-0.247706,-0.130402
0.017611,-0.227606,-0.110301
0.017614,-0.247706,-0.150502
0.017618,-0.247706,-0.130402
0.017621,-0.227606,-0.130402
0.017624,-0.227606,-0.150502
0.017627,-0.247706,-0.150502
0.017630,-0.227606,-0.150502
0.017634,-0.227606,-0.150502
0.017637,-0.227606,-0.150502
0.017640,-0.227606,-0.150502
0.017643,-0.227606,-0.130402
0.017646,-0.227606,-0.130402
0.017650,-0.227606,-0.130402
0.017653,-0.227606,-0.130402
0.017656,-0.207505,-0.130402
0.017659,-0.207505,-0.150502
0.017662,-0.227606,-0.150502
0.017666,-0.207505,-0.130402
0.017669,-0.227606,-0.130402
0.017672,-0.227606,-0.130402
0.017675,-0.207505,-0.130402
0.017678,-0.227606,-0.110301
0.017682,-0.227606,-0.110301
0.017685,-0.207505,-0.130402
0.017688,-0.207505,-0.110301
0.017691,-0.207505,-0.130402
0.017694,-0.227606,-0.130402
0.017698,-0.227606,-0.130402
0.017701,-0.207505,-0.130402
0.017704,-0.207505,-0.130402
0.017707,-0.227606,-0.130402
0.017710,-0.207505,-0.110301
0.017714,-0.207505,-0.110301
0.017717,-0.207505,-0.130402
0.017720,-0.207505,-0.130402
0.017723,-0.207505,-0.110301
0.017726,-0.207505,-0.110301
0.017730,-0.207505,-0.110301
0.017733,-0.207505,-0.110301
0.017736,-0.207505,-0.090201
0.017739,-0.207505,-0.090201
0.017742,-0.207505,-0.110301
0.017746,-0.207505,-0.090201
0.017749,-0.207505,-0.090201
0.017752,-0.187405,-0.090201
0.017755,-0.207505,-0.090201
0.017758,-0.207505,-0.110301
0.017762,-0.207505,-0.090201
0.017765,-0.207505,-0.090201
0.017768,-0.207505,-0.110301
0.017771,-0.187405,-0.110301
0.017774,-0.207505,-0.110301
0.017778,-0.207505,-0.110301
0.017781,-0.207505,-0.130402
0.017784,-0.207505,-0.110301
0.017787,-0.187405,-0.110301
0.017790,-0.187405,-0.110301
0.017794,-0.187405,-0.130402
0.017797,-0.207505,-0.130402
0.017800,-0.207505,-0.110301
0.017803,-0.167304,-0.110301
0.017806,-0.187405,-0.110301
0.017810,-0.187405,-0.110301
0.017813,-0.167304,-0.110301
0.017816,-0.187405,-0.110301
0.017819,-0.187405,-0.110301
0.017822,-0.167304,-0.110301
0.017826,-0.167304,-0.110301
0.017829,-0.187405,-0.110301
0.017832,-0.187405,-0.110301
0.017835,-0.187405,-0.110301
0.017838,-0.167304,-0.130402
0.017842,-0.167304,-0.110301
0.017845,-0.167304,-0.130402
0.017848,-0.167304,-0.110301
0.017851,-0.167304,-0.110301
0.017854,-0.167304,-0.110301
0.017858,-0.167304,-0.130402
0.017861,-0.167304,-0.110301
0.017864,-0.167304,-0.110301
0.017867,-0.187405,-0.110301
0.017870,-0.167304,-0.110301
0.017874,-0.167304,-0.130402
0.017877,-0.167304,-0.110301
0.017880,-0.167304,-0.110301
0.017883,-0.167304,-0.110301
0.017886,-0.167304,-0.090201
0.017890,-0.167304,-0.090201
0.017893,-0.167304,-0.110301
0.017896,-0.167304,-0.110301
0.017899,-0.167304,-0.130402
0.017902,-0.167304,-0.110301
0.017906,-0.167304,-0.110301
0.017909,-0.167304,-0.110301
0.017912,-0.167304,-0.110301
0.017915,-0.147204,-0.110301
0.017918,-0.167304,-0.110301
0.017922,-0.147204,-0.110301
0.017925,-0.147204,-0.090201
0.017928,-0.167304,-0.110301
0.017931,-0.167304,-0.090201
0.017934,-0.147204,-0.090201
0.017938,-0.167304,-0.110301
0.017941,-0.147204,-0.110301
0.017944,-0.147204,-0.110301
0.017947,-0.167304,-0.090201
0.017950,-0.147204,-0.090201
0.017954,-0.147204,-0.090201
0.017957,-0.167304,-0.090201
0.017960,-0.167304,-0.090201
0.017963,-0.147204,-0.090201
0.017966,-0.147204,-0.090201
0.017970,-0.147204,-0.090201
0.017973,-0.147204,-0.110301
0.017976,-0.127103,-0.090201
0.017979,-0.147204,-0.110301
0.017982,-0.127103,-0.090201
0.017986,-0.147204,-0.090201
0.017989,-0.127103,-0.110301
0.017992,-0.147204,-0.090201
0.017995,-0.127103,-0.090201
0.017998,-0.147204,-0.110301
0.018002,-0.147204,-0.090201
0.018005,-0.127103,-0.110301
0.018008,-0.127103,-0.110301
0.018011,-0.147204,-0.110301
0.018014,-0.147204,-0.110301
0.018018,-0.127103,-0.090201
0.018021,-0.127103,-0.110301
0.018024,-0.127103,-0.090201
0.018027,-0.127103,-0.090201
0.018030,-0.127103,-0.110301
0.018034,-0.127103,-0.090201
0.018037,-0.127103,-0.090201
0.018040,-0.127103,-0.090201
0.018043,-0.127103,-0.070101
0.018046,-0.127103,-0.090201
0.018050,-0.107003,-0.090201
0.018053,-0.127103,-0.090201
0.018056,-0.127103,-0.090201
0.018059,-0.127103,-0.070101
0.018062,-0.127103,-0.070101
0.018066,-0.127103,-0.110301
0.018069,-0.127103,-0.090201
0.018072,-0.127103,-0.090201
0.018075,-0.107003,-0.070101
0.018078,-0.127103,-0.070101
0.018082,-0.127103,-0.070101
0.018085,-0.107003,-0.070101
0.018088,-0.127103,-0.070101
0.018091,-0.107003,-0.070101
0.018094,-0.107003,-0.070101
0.018098,-0.107003,-0.070101
0.018101,-0.107003,-0.070101
0.018104,-0.127103,-0.070101
0.018107,-0.107003,-0.070101
0.018110,-0.127103,-0.090201
0.018114,-0.107003,-0.070101
0.018117,-0.107003,-0.070101
0.018120,-0.107003,-0.070101
0.018123,-0.107003,-0.090201
0.018126,-0.107003,-0.090201
0.018130,-0.107003,-0.090201
0.018133,-0.107003,-0.090201
0.018136,-0.086902,-0.090201
0.018139,-0.107003,-0.090201
0.018142,-0.107003,-0.090201
0.018146,-0.107003,-0.090201
0.018149,-0.107003,-0.090201
0.018152,-0.107003,-0.070101
0.018155,-0.107003,-0.070101
0.018158,-0.107003,-0.070101
0.018162,-0.107003,-0.070101
0.018165,-0.107003,-0.070101
0.018168,-0.107003,-0.070101
0.018171,-0.107003,-0.070101
0.018174,-0.086902,-0.070101
0.018178,-0.086902,-0.070101
0.018181,-0.086902,-0.090201
0.018184,-0.086902,-0.070101
0.018187,-0.086902,-0.090201
0.018190,-0.086902,-0.070101
0.018194,-0.086902,-0.070101
0.018197,-0.086902,-0.070101
0.018200,-0.066801,-0.070101
0.018203,-0.107003,-0.070101
0.018206,-0.086902,-0.090201
0.018210,-0.086902,-0.070101
0.018213,-0.086902,-0.070101
0.018216,-0.086902,-0.070101
0.018219,-0.086902,-0.070101
0.018222,-0.086902,-0.090201
0.018226,-0.066801,-0.070101
0.018229,-0.066801,-0.090201
0.018232,-0.086902,-0.070101
0.018235,-0.086902,-0.070101
0.018238,-0.066801,-0.070101
0.018242,-0.066801,-0.070101
0.018245,-0.086902,-0.070101
0.018248,-0.066801,-0.090201
0.018251,-0.066801,-0.070101
0.018254,-0.066801,-0.090201
0.018258,-0.066801,-0.070101
0.018261,-0.066801,-0.070101
0.018264,-0.066801,-0.070101
0.018267,-0.066801,-0.070101
0.018270,-0.066801,-0.070101
0.018274,-0.086902,-0.070101
0.018277,-0.066801,-0.090201
0.018280,-0.066801,-0.090201
0.018283,-0.066801,-0.090201
0.018286,-0.066801,-0.090201
0.018290,-0.066801,-0.070101
0.018293,-0.066801,-0.090201
0.018296,-0.066801,-0.070101
0.018299,-0.066801,-0.070101
0.018302,-0.066801,-0.070101
0.018306,-0.066801,-0.050000
0.018309,-0.066801,-0.070101
0.018312,-0.046701,-0.070101
0.018315,-0.066801,-0.070101
0.018318,-0.026600,-0.070101
0.018322,-0.066801,-0.070101
0.018325,-0.046701,-0.070101
0.018328,-0.066801,-0.070101
0.018331,-0.046701,-0.070101
0.018334,-0.066801,-0.070101
0.018338,-0.046701,-0.070101
0.018341,-0.066801,-0.090201
0.018344,-0.046701,-0.090201
0.018347,-0.046701,-0.090201
0.018350,-0.066801,-0.090201
0.018354,-0.046701,-0.070101
0.018357,-0.046701,-0.050000
0.018360,-0.046701,-0.070101
0.018363,-0.046701,-0.070101
0.018366,-0.046701,-0.070101
0.018370,-0.026600,-0.090201
0.018373,-0.046701,-0.070101
0.018376,-0.026600,-0.070101
0.018379,-0.026600,-0.090201
0.018382,-0.046701,-0.070101
0.018386,-0.046701,-0.090201
0.018389,-0.046701,-0.090201
0.018392,-0.046701,-0.090201
0.018395,-0.026600,-0.090201
0.018398,-0.046701,-0.090201
0.018402,-0.026600,-0.090201
0.018405,-0.026600,-0.070101
0.018408,-0.046701,-0.070101
0.018411,-0.026600,-0.070101
0.018414,-0.026600,-0.090201
0.018418,-0.046701,-0.070101
0.018421,-0.046701,-0.070101
0.018424,-0.026600,-0.070101
0.018427,-0.026600,-0.050000
0.018430,-0.026600,-0.050000
0.018434,-0.026600,-0.050000
0.018437,-0.026600,-0.050000
0.018440,-0.026600,-0.050000
0.018443,-0.006500,-0.029900
0.018446,-0.026600,-0.029900
0.018450,-0.026600,-0.029900
0.018453,-0.026600,-0.029900
0.018456,-0.026600,-0.050000
0.018459,-0.026600,-0.050000
0.018462,-0.026600,-0.050000
0.018466,-0.026600,-0.050000
0.018469,-0.026600,-0.029900
0.018472,-0.026600,-0.029900
0.018475,-0.026600,-0.029900
0.018478,-0.026600,-0.029900
0.018482,-0.006500,-0.029900
0.018485,-0.026600,-0.029900
0.018488,-0.006500,-0.029900
0.018491,-0.006500,-0.050000
0.018494,-0.006500,-0.029900
0.018498,-0.006500,-0.050000
0.018501,-0.006500,-0.029900
0.018504,-0.006500,-0.029900
0.018507,-0.006500,-0.050000
0.018510,-0.026600,-0.029900
0.018514,-0.026600,-0.050000
0.018517,-0.026600,-0.050000
0.018520,-0.006500,-0.050000
0.018523,-0.006500,-0.050000
0.018526,-0.006500,-0.070101
0.018530,-0.026600,-0.029900
0.018533,-0.006500,-0.050000
0.018536,-0.006500,-0.029900
0.018539,-0.006500,-0.029900
0.018542,-0.006500,-0.050000
0.018546,-0.006500,-0.029900
0.018549,-0.006500,-0.029900
0.018552,0.013601,-0.029900
0.018555,-0.006500,-0.050000
0.018558,-0.006500,-0.029900
0.018562,-0.006500,-0.029900
0.018565,-0.006500,-0.050000
0.018568,-0.006500,-0.050000
0.018571,0.013601,-0.029900
0.018574,-0.006500,-0.029900
0.018578,-0.006500,-0.029900
0.018581,0.013601,-0.029900
0.018584,0.013601,-0.029900
0.018587,0.013601,-0.029900
0.018590,0.013601,-0.029900
0.018594,0.013601,-0.050000
0.018597,0.013601,-0.029900
0.018600,0.013601,-0.029900
0.018603,0.033701,-0.029900
0.018606,0.013601,-0.029900
0.018610,0.013601,-0.029900
0.018613,0.013601,-0.029900
0.018616,0.033701,-0.009799
0.018619,0.013601,-0.029900
0.018622,0.013601,-0.029900
0.018626,0.013601,-0.029900
0.018629,0.013601,-0.029900
0.018632,0.013601,-0.009799
0.018635,0.013601,-0.029900
0.018638,0.013601,-0.050000
0.018642,0.033701,-0.029900
0.018645,0.033701,-0.029900
0.018648,0.033701,-0.029900
0.018651,0.033701,-0.029900
0.018654,0.033701,-0.050000
0.018658,0.033701,-0.050000
0.018661,0.033701,-0.050000
0.018664,0.033701,-0.050000
0.018667,0.033701,-0.050000
0.018670,0.033701,-0.050000
0.018674,0.033701,-0.050000
0.018677,0.033701,-0.070101
0.018680,0.033701,-0.050000
0.018683,0.033701,-0.050000
0.018686,0.033701,-0.050000
0.018690,0.033701,-0.050000
0.018693,0.033701,-0.050000
0.018696,0.033701,-0.050000
0.018699,0.033701,-0.050000
0.018702,0.033701,-0.050000
0.018706,0.033701,-0.050000
0.018709,0.033701,-0.029900
0.018712,0.033701,-0.050000
0.018715,0.033701,-0.029900
0.018718,0.033701,-0.050000
0.018722,0.033701,-0.050000
0.018725,0.053802,-0.050000
0.018728,0.033701,-0.050000
0.018731,0.033701,-0.050000
0.018734,0.033701,-0.050000
0.018738,0.053802,-0.050000
0.018741,0.053802,-0.050000
0.018744,0.053802,-0.050000
0.018747,0.033701,-0.050000
0.018750,0.053802,-0.029900
0.018754,0.053802,-0.029900
0.018757,0.053802,-0.029900
0.018760,0.053802,-0.029900
0.018763,0.053802,-0.029900
0.018766,0.053802,-0.029900
0.018770,0.053802,-0.029900
0.018773,0.053802,-0.029900
0.018776,0.053802,-0.029900
0.018779,0.053802,-0.029900
0.018782,0.053802,-0.050000
0.018786,0.053802,-0.050000
0.018789,0.053802,-0.029900
0.018792,0.053802,-0.029900
0.018795,0.053802,-0.029900
0.018798,0.073902,-0.050000
0.018802,0.073902,-0.029900
0.018805,0.053802,-0.050000
0.018808,0.053802,-0.029900
0.018811,0.053802,-0.029900
0.018814,0.053802,-0.050000
0.018818,0.073902,-0.029900
0.018821,0.073902,-0.029900
0.018824,0.053802,-0.050000
0.018827,0.053802,-0.050000
0.018830,0.073902,-0.050000
0.018834,0.073902,-0.050000
0.018837,0.073902,-0.050000
0.018840,0.073902,-0.050000
0.018843,0.073902,-0.070101
0.018846,0.073902,-0.070101
0.018850,0.073902,-0.070101
0.018853,0.073902,-0.070101
0.018856,0.073902,-0.070101
0.018859,0.073902,-0.070101
0.018862,0.073902,-0.070101
0.018866,0.073902,-0.070101
0.018869,0.073902,-0.070101
0.018872,0.073902,-0.050000
0.018875,0.094002,-0.070101
0.018878,0.073902,-0.070101
0.018882,0.094002,-0.050000
0.018885,0.094002,-0.050000
0.018888,0.073902,-0.070101
0.018891,0.073902,-0.070101
0.018894,0.073902,-0.050000
0.018898,0.094002,-0.050000
0.018901,0.094002,-0.050000
0.018904,0.094002,-0.050000
0.018907,0.073902,-0.029900
0.018910,0.094002,-0.029900
0.018914,0.094002,-0.050000
0.018917,0.094002,-0.029900
0.018920,0.094002,-0.029900
0.018923,0.094002,-0.009799
0.018926,0.094002,-0.009799
0.018930,0.094002,-0.009799
0.018933,0.073902,-0.009799
0.018936,0.094002,-0.009799
0.018939,0.094002,-0.009799
0.018942,0.094002,-0.009799
0.018946,0.114103,-0.009799
0.018949,0.094002,-0.009799
0.018952,0.094002,-0.009799
0.018955,0.094002,-0.029900
0.018958,0.114103,-0.029900
0.018962,0.114103,-0.029900
0.018965,0.114103,-0.029900
0.018968,0.114103,-0.050000
0.018971,0.114103,-0.029900
0.018974,0.114103,-0.029900
0.018978,0.114103,-0.050000
0.018981,0.094002,-0.029900
0.018984,0.114103,-0.050000
0.018987,0.114103,-0.050000
0.018990,0.114103,-0.050000
0.018994,0.114103,-0.029900
0.018997,0.114103,-0.029900
0.019000,0.114103,-0.029900
0.019003,0.114103,-0.029900
0.019006,0.114103,-0.050000
0.019010,0.114103,-0.029900
0.019013,0.114103,-0.050000
0.019016,0.114103,-0.029900
0.019019,0.114103,-0.029900
0.019022,0.114103,-0.029900
0.019026,0.114103,-0.029900
0.019029,0.134204,-0.029900
0.019032,0.134204,-0.029900
0.019035,0.134204,-0.029900
0.019038,0.134204,-0.009799
0.019042,0.114103,-0.029900
0.019045,0.134204,-0.009799
0.019048,0.134204,-0.029900
0.019051,0.134204,-0.029900
0.019054,0.134204,-0.029900
0.019058,0.134204,-0.029900
0.019061,0.134204,-0.029900
0.019064,0.134204,-0.029900
0.019067,0.134204,-0.029900
0.019070,0.134204,-0.029900
0.019074,0.134204,-0.050000
0.019077,0.134204,-0.050000
0.019080,0.134204,-0.050000
0.019083,0.134204,-0.050000
0.019086,0.134204,-0.050000
0.019090,0.134204,-0.050000
0.019093,0.134204,-0.050000
0.019096,0.134204,-0.050000
0.019099,0.134204,-0.050000
0.019102,0.154304,-0.029900
0.019106,0.154304,-0.050000
0.019109,0.134204,-0.050000
0.019112,0.134204,-0.050000
0.019115,0.154304,-0.050000
0.019118,0.134204,-0.029900
0.019122,0.134204,-0.050000
0.019125,0.134204,-0.050000
0.019128,0.134204,-0.050000
0.019131,0.154304,-0.050000
0.019134,0.154304,-0.029900
0.019138,0.134204,-0.029900
0.019141,0.154304,-0.050000
0.019144,0.154304,-0.050000
0.019147,0.154304,-0.050000
0.019150,0.174404,-0.050000
0.019154,0.154304,-0.050000
0.019157,0.154304,-0.050000
0.019160,0.174404,-0.050000
0.019163,0.154304,-0.070101
0.019166,0.154304,-0.070101
0.019170,0.154304,-0.070101
0.019173,0.174404,-0.050000
0.019176,0.154304,-0.050000
0.019179,0.154304,-0.050000
0.019182,0.174404,-0.050000
0.019186,0.174404,-0.050000
0.019189,0.174404,-0.070101
0.019192,0.174404,-0.029900
0.019195,0.174404,-0.050000
0.019198,0.154304,-0.029900
0.019202,0.154304,-0.050000
0.019205,0.174404,-0.050000
0.019208,0.174404,-0.050000
0.019211,0.154304,-0.050000
0.019214,0.174404,-0.050000
0.019218,0.154304,-0.050000
0.019221,0.174404,-0.029900
0.019224,0.174404,-0.050000
0.019227,0.174404,-0.050000
0.019230,0.174404,-0.050000
0.019234,0.174404,-0.050000
0.019237,0.174404,-0.050000
0.019240,0.174404,-0.050000
0.019243,0.174404,-0.050000
0.019246,0.174404,-0.070101
0.019250,0.174404,-0.050000
0.019253,0.174404,-0.050000
0.019256,0.174404,-0.050000
0.019259,0.194505,-0.050000
0.019262,0.194505,-0.050000
0.019266,0.174404,-0.050000
0.019269,0.194505,-0.050000
0.019272,0.174404,-0.050000
0.019275,0.174404,-0.050000
0.019278,0.174404,-0.050000
0.019282,0.194505,-0.050000
0.019285,0.214606,-0.050000
0.019288,0.194505,-0.070101
0.019291,0.194505,-0.050000
0.019294,0.194505,-0.050000
0.019298,0.194505,-0.050000
0.019301,0.194505,-0.070101
0.019304,0.194505,-0.050000
0.019307,0.214606,-0.070101
0.019310,0.194505,-0.050000
0.019314,0.194505,-0.070101
0.019317,0.194505,-0.070101
0.019320,0.194505,-0.050000
0.019323,0.194505,-0.050000
0.019326,0.194505,-0.050000
0.019330,0.194505,-0.070101
0.019333,0.214606,-0.050000
0.019336,0.194505,-0.070101
0.019339,0.194505,-0.070101
0.019342,0.194505,-0.070101
0.019346,0.214606,-0.070101
0.019349,0.214606,-0.070101
0.019352,0.214606,-0.070101
0.019355,0.214606,-0.070101
0.019358,0.214606,-0.070101
0.019362,0.214606,-0.070101
0.019365,0.214606,-0.070101
0.019368,0.214606,-0.070101
0.019371,0.214606,-0.070101
0.019374,0.214606,-0.070101
0.019378,0.214606,-0.070101
0.019381,0.214606,-0.090201
0.019384,0.214606,-0.090201
0.019387,0.214606,-0.070101
0.019390,0.234706,-0.070101
0.019394,0.234706,-0.070101
0.019397,0.214606,-0.070101
0.019400,0.214606,-0.070101
0.019403,0.214606,-0.070101
0.019406,0.234706,-0.050000
0.019410,0.214606,-0.070101
0.019413,0.234706,-0.070101
0.019416,0.214606,-0.070101
0.019419,0.234706,-0.070101
0.019422,0.234706,-0.050000
0.019426,0.234706,-0.050000
0.019429,0.234706,-0.050000
0.019432,0.214606,-0.070101
0.019435,0.234706,-0.050000
0.019438,0.214606,-0.050000
0.019442,0.234706,-0.050000
0.019445,0.234706,-0.070101
0.019448,0.234706,-0.070101
0.019451,0.234706,-0.070101
0.019454,0.234706,-0.050000
0.019458,0.234706,-0.050000
0.019461,0.234706,-0.070101
0.019464,0.234706,-0.070101
0.019467,0.234706,-0.050000
0.019470,0.234706,-0.050000
0.019474,0.254806,-0.050000
0.019477,0.254806,-0.070101
0.019480,0.254806,-0.050000
0.019483,0.234706,-0.050000
0.019486,0.234706,-0.050000
0.019490,0.254806,-0.050000
0.019493,0.234706,-0.050000
0.019496,0.254806,-0.050000
0.019499,0.234706,-0.050000
0.019502,0.254806,-0.050000
0.019506,0.254806,-0.070101
0.019509,0.234706,-0.050000
0.019512,0.234706,-0.050000
0.019515,0.254806,-0.050000
0.019518,0.254806,-0.050000
0.019522,0.254806,-0.029900
0.019525,0.234706,-0.050000
0.019528,0.254806,-0.050000
0.019531,0.254806,-0.050000
0.019534,0.254806,-0.050000
0.019538,0.254806,-0.050000
0.019541,0.274907,-0.050000
0.019544,0.254806,-0.050000
0.019547,0.274907,-0.050000
0.019550,0.274907,-0.050000
0.019554,0.274907,-0.050000
0.019557,0.254806,-0.050000
0.019560,0.254806,-0.050000
0.019563,0.254806,-0.050000
0.019566,0.254806,-0.050000
0.019570,0.254806,-0.050000
0.019573,0.274907,-0.050000
0.019576,0.254806,-0.050000
0.019579,0.274907,-0.029900
0.019582,0.254806,-0.029900
0.019586,0.274907,-0.029900
0.019589,0.274907,-0.029900
0.019592,0.254806,-0.009799
0.019595,0.274907,-0.029900
0.019598,0.274907,-0.029900
0.019602,0.274907,-0.009799
0.019605,0.274907,-0.009799
0.019608,0.274907,-0.029900
0.019611,0.274907,-0.009799
0.019614,0.274907,-0.009799
0.019618,0.274907,-0.009799
0.019621,0.274907,-0.009799
0.019624,0.274907,-0.009799
0.019627,0.274907,-0.009799
0.019630,0.274907,-0.009799
0.019634,0.274907,0.010301
0.019637,0.295007,-0.009799
0.019640,0.274907,0.010301
0.019643,0.295007,-0.009799
0.019646,0.295007,0.010301
0.019650,0.295007,0.010301
0.019653,0.295007,-0.009799
0.019656,0.274907,-0.009799
0.019659,0.295007,-0.009799
0.019662,0.295007,0.010301
0.019666,0.295007,0.010301
0.019669,0.295007,0.030402
0.019672,0.295007,0.010301
0.019675,0.295007,0.010301
0.019678,0.295007,0.030402
0.019682,0.274907,0.010301
0.019685,0.295007,0.010301
0.019688,0.295007,0.010301
0.019691,0.295007,0.010301
0.019694,0.295007,0.010301
0.019698,0.295007,0.010301
0.019701,0.295007,0.030402
0.019704,0.295007,0.010301
0.019707,0.315108,0.010301
0.019710,0.295007,0.030402
0.019714,0.295007,0.030402
0.019717,0.295007,0.010301
0.019720,0.315108,0.010301
0.019723,0.315108,0.030402
0.019726,0.315108,0.010301
0.019730,0.295007,0.030402
0.019733,0.295007,0.030402
0.019736,0.295007,0.030402
0.019739,0.315108,0.030402
0.019742,0.315108,0.030402
0.019746,0.315108,0.030402
0.019749,0.315108,0.030402
0.019752,0.315108,0.030402
0.019755,0.315108,0.050502
0.019758,0.315108,0.050502
0.019762,0.315108,0.050502
0.019765,0.315108,0.050502
0.019768,0.315108,0.070603
0.019771,0.315108,0.050502
0.019774,0.335209,0.050502
0.019778,0.315108,0.050502
0.019781,0.315108,0.050502
0.019784,0.315108,0.030402
0.019787,0.315108,0.050502
0.019790,0.315108,0.030402
0.019794,0.315108,0.030402
0.019797,0.335209,0.050502
0.019800,0.335209,0.030402
0.019803,0.315108,0.050502
0.019806,0.335209,0.050502
0.019810,0.315108,0.050502
0.019813,0.335209,0.050502
0.019816,0.315108,0.030402
0.019819,0.335209,0.050502
0.019822,0.335209,0.050502
0.019826,0.335209,0.070603
0.019829,0.335209,0.050502
0.019832,0.335209,0.070603
0.019835,0.335209,0.070603
0.019838,0.335209,0.070603
0.019842,0.335209,0.070603
0.019845,0.335209,0.090704
0.019848,0.335209,0.070603
0.019851,0.355309,0.090704
0.019854,0.335209,0.090704
0.019858,0.335209,0.090704
0.019861,0.355309,0.110804
0.019864,0.355309,0.110804
0.019867,0.335209,0.110804
0.019870,0.335209,0.130904
0.019874,0.335209,0.110804
0.019877,0.335209,0.130904
0.019880,0.335209,0.130904
0.019883,0.355309,0.151005
0.019886,0.335209,0.151005
0.019890,0.335209,0.151005
0.019893,0.355309,0.151005
0.019896,0.335209,0.151005
0.019899,0.335209,0.171106
0.019902,0.355309,0.191206
0.019906,0.335209,0.191206
0.019909,0.355309,0.211307
0.019912,0.355309,0.211307
0.019915,0.355309,0.231407
0.019918,0.355309,0.251507
0.019922,0.355309,0.251507
0.019925,0.355309,0.271608
0.019928,0.355309,0.271608
0.019931,0.355309,0.291709
0.019934,0.355309,0.311809
0.019938,0.355309,0.311809
0.019941,0.355309,0.331910
0.019944,0.375410,0.372111
0.019947,0.375410,0.372111
0.019950,0.355309,0.392211
0.019954,0.355309,0.412311
0.019957,0.355309,0.432412
0.019960,0.355309,0.452513
0.019963,0.375410,0.492713
0.019966,0.375410,0.512814
0.019970,0.355309,0.532914
0.019973,0.375410,0.553015
0.019976,0.375410,0.593216
0.019979,0.375410,0.633417
0.019982,0.375410,0.633417
0.019986,0.375410,0.673618
0.019989,0.375410,0.713819
0.019992,0.375410,0.733919
0.019995,0.375410,0.774120
0.019998,0.395510,0.794221
0.020002,0.375410,0.814321
0.020005,0.375410,0.834422
0.020008,0.375410,0.874623
0.020011,0.375410,0.874623
0.020014,0.375410,0.914824
0.020018,0.375410,0.914824
0.020021,0.375410,0.914824
0.020024,0.395510,0.934924
0.020027,0.395510,0.934924
0.020030,0.375410,0.934924
0.020034,0.375410,0.934924
0.020037,0.375410,0.914824
0.020040,0.375410,0.914824
0.020043,0.395510,0.894724
0.020046,0.395510,0.874623
0.020050,0.375410,0.834422
0.020053,0.395510,0.814321
0.020056,0.395510,0.774120
0.020059,0.375410,0.733919
0.020062,0.375410,0.713819
0.020066,0.395510,0.693719
0.020069,0.395510,0.653517
0.020072,0.375410,0.613316
0.020075,0.395510,0.593216
0.020078,0.395510,0.553015
0.020082,0.395510,0.512814
0.020085,0.395510,0.472613
0.020088,0.395510,0.452513
0.020091,0.395510,0.432412
0.020094,0.375410,0.392211
0.020098,0.395510,0.352010
0.020101,0.395510,0.331910
0.020104,0.415610,0.291709
0.020107,0.395510,0.291709
0.020110,0.395510,0.271608
0.020114,0.395510,0.251507
0.020117,0.415610,0.231407
0.020120,0.395510,0.211307
0.020123,0.415610,0.191206
0.020126,0.415610,0.171106
0.020130,0.395510,0.171106
0.020133,0.415610,0.171106
0.020136,0.415610,0.151005
0.020139,0.415610,0.130904
0.020142,0.415610,0.130904
0.020146,0.415610,0.130904
0.020149,0.415610,0.110804
0.020152,0.415610,0.090704
0.020155,0.395510,0.090704
0.020158,0.415610,0.070603
0.020162,0.415610,0.070603
0.020165,0.415610,0.050502
0.020168,0.415610,0.030402
0.020171,0.415610,0.050502
0.020174,0.415610,0.030402
0.020178,0.415610,0.010301
0.020181,0.415610,0.010301
0.020184,0.395510,0.010301
0.020187,0.415610,0.010301
0.020190,0.415610,-0.009799
0.020194,0.435711,-0.029900
0.020197,0.415610,-0.029900
0.020200,0.415610,-0.009799
0.020203,0.415610,-0.050000
0.020206,0.415610,-0.050000
0.020210,0.415610,-0.050000
0.020213,0.415610,-0.070101
0.020216,0.435711,-0.050000
0.020219,0.435711,-0.070101
0.020222,0.435711,-0.050000
0.020226,0.435711,-0.050000
0.020229,0.435711,-0.070101
0.020232,0.435711,-0.070101
0.020235,0.435711,-0.070101
0.020238,0.435711,-0.070101
0.020242,0.435711,-0.070101
0.020245,0.435711,-0.070101
0.020248,0.435711,-0.070101
0.020251,0.435711,-0.070101
0.020254,0.435711,-0.090201
0.020258,0.435711,-0.090201
0.020261,0.435711,-0.090201
0.020264,0.435711,-0.090201
0.020267,0.455811,-0.090201
0.020270,0.435711,-0.090201
0.020274,0.435711,-0.110301
0.020277,0.455811,-0.110301
0.020280,0.455811,-0.110301
0.020283,0.435711,-0.110301
0.020286,0.435711,-0.090201
0.020290,0.455811,-0.110301
0.020293,0.455811,-0.090201
0.020296,0.435711,-0.110301
0.020299,0.435711,-0.090201
0.020302,0.455811,-0.110301
0.020306,0.455811,-0.090201
0.020309,0.455811,-0.110301
0.020312,0.455811,-0.110301
0.020315,0.455811,-0.110301
0.020318,0.455811,-0.090201
0.020322,0.455811,-0.110301
0.020325,0.455811,-0.110301
0.020328,0.455811,-0.090201
0.020331,0.455811,-0.110301
0.020334,0.455811,-0.110301
0.020338,0.455811,-0.110301
0.020341,0.455811,-0.110301
0.020344,0.475912,-0.110301
0.020347,0.455811,-0.110301
0.020350,0.455811,-0.110301
0.020354,0.455811,-0.130402
0.020357,0.475912,-0.110301
0.020360,0.455811,-0.110301
0.020363,0.455811,-0.110301
0.020366,0.475912,-0.110301
0.020370,0.455811,-0.130402
0.020373,0.475912,-0.110301
0.020376,0.475912,-0.110301
0.020379,0.455811,-0.110301
0.020382,0.475912,-0.110301
0.020386,0.455811,-0.130402
0.020389,0.455811,-0.110301
0.020392,0.475912,-0.110301
0.020395,0.475912,-0.090201
0.020398,0.455811,-0.090201
0.020402,0.475912,-0.110301
0.020405,0.475912,-0.110301
0.020408,0.475912,-0.110301
0.020411,0.475912,-0.110301
0.020414,0.475912,-0.130402
0.020418,0.475912,-0.110301
0.020421,0.475912,-0.110301
0.020424,0.475912,-0.110301
0.020427,0.496013,-0.110301
0.020430,0.475912,-0.110301
0.020434,0.475912,-0.110301
0.020437,0.475912,-0.110301
0.020440,0.475912,-0.110301
0.020443,0.475912,-0.110301
0.020446,0.496013,-0.110301
0.020450,0.496013,-0.130402
0.020453,0.496013,-0.110301
0.020456,0.475912,-0.130402
0.020459,0.475912,-0.130402
0.020462,0.496013,-0.130402
0.020466,0.496013,-0.130402
0.020469,0.475912,-0.150502
0.020472,0.496013,-0.130402
0.020475,0.496013,-0.130402
0.020478,0.516113,-0.130402
0.020482,0.496013,-0.130402
0.020485,0.496013,-0.130402
0.020488,0.496013,-0.130402
0.020491,0.496013,-0.130402
0.020494,0.496013,-0.150502
0.020498,0.516113,-0.130402
0.020501,0.496013,-0.130402
0.020504,0.496013,-0.150502
0.020507,0.496013,-0.150502
0.020510,0.516113,-0.150502
0.020514,0.516113,-0.150502
0.020517,0.496013,-0.150502
0.020520,0.496013,-0.150502
0.020523,0.516113,-0.150502
0.020526,0.496013,-0.150502
0.020530,0.496013,-0.150502
0.020533,0.516113,-0.150502
0.020536,0.516113,-0.150502
0.020539,0.516113,-0.130402
0.020542,0.516113,-0.150502
0.020546,0.516113,-0.150502
0.020549,0.516113,-0.150502
0.020552,0.516113,-0.150502
0.020555,0.516113,-0.150502
0.020558,0.516113,-0.150502
0.020562,0.516113,-0.150502
0.020565,0.516113,-0.150502
0.020568,0.516113,-0.150502
0.020571,0.516113,-0.150502
0.020574,0.516113,-0.150502
0.020578,0.516113,-0.150502
0.020581,0.516113,-0.150502
0.020584,0.516113,-0.130402
0.020587,0.516113,-0.150502
0.020590,0.516113,-0.150502
0.020594,0.536214,-0.150502
0.020597,0.536214,-0.130402
0.020600,0.516113,-0.130402
0.020603,0.536214,-0.130402
0.020606,0.516113,-0.110301
0.020610,0.536214,-0.130402
0.020613,0.536214,-0.130402
0.020616,0.516113,-0.110301
0.020619,0.536214,-0.130402
0.020622,0.536214,-0.110301
0.020626,0.536214,-0.110301
0.020629,0.536214,-0.130402
0.020632,0.536214,-0.130402
0.020635,0.536214,-0.130402
0.020638,0.536214,-0.130402
0.020642,0.536214,-0.130402
0.020645,0.536214,-0.130402
0.020648,0.536214,-0.130402
0.020651,0.536214,-0.130402
0.020654,0.536214,-0.130402
0.020658,0.536214,-0.130402
0.020661,0.536214,-0.130402
0.020664,0.536214,-0.110301
0.020667,0.556314,-0.130402
0.020670,0.536214,-0.130402
0.020674,0.556314,-0.110301
0.020677,0.556314,-0.130402
0.020680,0.556314,-0.130402
0.020683,0.536214,-0.130402
0.020686,0.556314,-0.130402
0.020690,0.556314,-0.130402
0.020693,0.556314,-0.130402
0.020696,0.536214,-0.150502
0.020699,0.556314,-0.130402
0.020702,0.556314,-0.150502
0.020706,0.556314,-0.150502
0.020709,0.556314,-0.130402
0.020712,0.556314,-0.130402
0.020715,0.556314,-0.130402
0.020718,0.556314,-0.130402
0.020722,0.576415,-0.130402
0.020725,0.556314,-0.110301
0.020728,0.556314,-0.110301
0.020731,0.556314,-0.110301
0.020734,0.536214,-0.130402
0.020738,0.556314,-0.110301
0.020741,0.556314,-0.130402
0.020744,0.556314,-0.110301
0.020747,0.556314,-0.110301
0.020750,0.576415,-0.110301
0.020754,0.556314,-0.090201
0.020757,0.556314,-0.110301
0.020760,0.556314,-0.110301
0.020763,0.556314,-0.110301
0.020766,0.576415,-0.110301
0.020770,0.576415,-0.090201
0.020773,0.576415,-0.090201
0.020776,0.556314,-0.090201
0.020779,0.576415,-0.090201
0.020782,0.576415,-0.090201
0.020786,0.556314,-0.090201
0.020789,0.576415,-0.110301
0.020792,0.576415,-0.090201
0.020795,0.576415,-0.090201
0.020798,0.576415,-0.090201
0.020802,0.576415,-0.090201
0.020805,0.576415,-0.090201
0.020808,0.576415,-0.090201
0.020811,0.596515,-0.070101
0.020814,0.576415,-0.070101
0.020818,0.596515,-0.090201
0.020821,0.576415,-0.090201
0.020824,0.576415,-0.090201
0.020827,0.576415,-0.090201
0.020830,0.596515,-0.090201
0.020834,0.596515,-0.090201
0.020837,0.576415,-0.090201
0.020840,0.596515,-0.090201
0.020843,0.596515,-0.090201
0.020846,0.596515,-0.090201
0.020850,0.596515,-0.090201
0.020853,0.596515,-0.090201
0.020856,0.596515,-0.110301
0.020859,0.596515,-0.110301
0.020862,0.596515,-0.070101
0.020866,0.596515,-0.090201
0.020869,0.596515,-0.090201
0.020872,0.596515,-0.090201
0.020875,0.596515,-0.090201
0.020878,0.596515,-0.070101
0.020882,0.596515,-0.070101
0.020885,0.596515,-0.070101
0.020888,0.596515,-0.070101
0.020891,0.596515,-0.070101
0.020894,0.596515,-0.090201
0.020898,0.596515,-0.070101
0.020901,0.596515,-0.090201
0.020904,0.596515,-0.070101
0.020907,0.596515,-0.070101
0.020910,0.616616,-0.050000
0.020914,0.616616,-0.070101
0.020917,0.596515,-0.070101
0.020920,0.616616,-0.070101
0.020923,0.596515,-0.070101
0.020926,0.596515,-0.070101
0.020930,0.616616,-0.070101
0.020933,0.596515,-0.070101
0.020936,0.596515,-0.070101
0.020939,0.616616,-0.090201
0.020942,0.616616,-0.070101
0.020946,0.616616,-0.050000
0.020949,0.616616,-0.050000
0.020952,0.616616,-0.050000
0.020955,0.616616,-0.050000
0.020958,0.616616,-0.070101
0.020962,0.616616,-0.050000
0.020965,0.616616,-0.029900
0.020968,0.616616,-0.029900
0.020971,0.616616,-0.029900
0.020974,0.616616,-0.029900
0.020978,0.616616,-0.029900
0.020981,0.616616,-0.029900
0.020984,0.616616,-0.029900
0.020987,0.616616,-0.029900
0.020990,0.616616,-0.029900
0.020994,0.616616,-0.029900
0.020997,0.616616,-0.029900
0.021000,0.616616,-0.009799
0.021003,0.616616,-0.029900
0.021006,0.636716,-0.009799
0.021010,0.636716,-0.029900
0.021013,0.636716,-0.029900
0.021016,0.616616,-0.029900
0.021019,0.616616,-0.029900
0.021022,0.616616,-0.009799
0.021026,0.636716,-0.029900
0.021029,0.636716,-0.029900
0.021032,0.616616,-0.050000
0.021035,0.636716,-0.050000
0.021038,0.616616,-0.029900
0.021042,0.636716,-0.050000
0.021045,0.636716,-0.050000
0.021048,0.636716,-0.050000
0.021051,0.636716,-0.050000
0.021054,0.636716,-0.070101
0.021058,0.636716,-0.050000
0.021061,0.636716,-0.050000
0.021064,0.616616,-0.050000
0.021067,0.636716,-0.050000
0.021070,0.636716,-0.050000
0.021074,0.636716,-0.070101
0.021077,0.636716,-0.070101
0.021080,0.636716,-0.070101
0.021083,0.636716,-0.070101
0.021086,0.636716,-0.070101
0.021090,0.636716,-0.070101
0.021093,0.636716,-0.070101
0.021096,0.636716,-0.070101
0.021099,0.656817,-0.070101
0.021102,0.656817,-0.070101
0.021106,0.636716,-0.070101
0.021109,0.636716,-0.050000
0.021112,0.636716,-0.050000
0.021115,0.656817,-0.050000
0.021118,0.656817,-0.070101
0.021122,0.656817,-0.070101
0.021125,0.656817,-0.050000
0.021128,0.656817,-0.050000
0.021131,0.656817,-0.050000
0.021134,0.656817,-0.029900
0.021138,0.656817,-0.050000
0.021141,0.656817,-0.050000
0.021144,0.656817,-0.029900
0.021147,0.656817,-0.029900
0.021150,0.656817,-0.029900
0.021154,0.656817,-0.029900
0.021157,0.656817,-0.029900
0.021160,0.656817,-0.029900
0.021163,0.656817,-0.050000
0.021166,0.656817,-0.050000
0.021170,0.656817,-0.070101
0.021173,0.656817,-0.050000
0.021176,0.656817,-0.070101
0.021179,0.656817,-0.070101
0.021182,0.656817,-0.070101
0.021186,0.656817,-0.070101
0.021189,0.656817,-0.070101
0.021192,0.656817,-0.070101
0.021195,0.656817,-0.070101
0.021198,0.676917,-0.070101
0.021202,0.656817,-0.070101
0.021205,0.656817,-0.070101
0.021208,0.676917,-0.070101
0.021211,0.676917,-0.070101
0.021214,0.676917,-0.070101
0.021218,0.676917,-0.070101
0.021221,0.676917,-0.070101
0.021224,0.676917,-0.070101
0.021227,0.676917,-0.070101
0.021230,0.676917,-0.050000
0.021234,0.676917,-0.070101
0.021237,0.676917,-0.050000
0.021240,0.676917,-0.050000
0.021243,0.676917,-0.070101
0.021246,0.676917,-0.070101
0.021250,0.676917,-0.050000
0.021253,0.676917,-0.050000
0.021256,0.676917,-0.050000
0.021259,0.676917,-0.029900
0.021262,0.697018,-0.029900
0.021266,0.697018,-0.029900
0.021269,0.676917,-0.050000
0.021272,0.676917,-0.029900
0.021275,0.676917,-0.050000
0.021278,0.676917,-0.050000
0.021282,0.676917,-0.050000
0.021285,0.697018,-0.050000
0.021288,0.697018,-0.050000
0.021291,0.697018,-0.029900
0.021294,0.697018,-0.070101
0.021298,0.676917,-0.050000
0.021301,0.676917,-0.050000
0.021304,0.676917,-0.050000
0.021307,0.697018,-0.050000
0.021310,0.697018,-0.029900
0.021314,0.697018,-0.070101
0.021317,0.697018,-0.070101
0.021320,0.697018,-0.050000
0.021323,0.697018,-0.070101
0.021326,0.676917,-0.050000
0.021330,0.697018,-0.050000
0.021333,0.697018,-0.070101
0.021336,0.697018,-0.050000
0.021339,0.697018,-0.050000
0.021342,0.717118,-0.050000
0.021346,0.697018,-0.050000
0.021349,0.697018,-0.050000
0.021352,0.717118,-0.050000
0.021355,0.697018,-0.050000
0.021358,0.697018,-0.050000
0.021362,0.697018,-0.050000
0.021365,0.717118,-0.050000
0.021368,0.717118,-0.029900
0.021371,0.697018,-0.029900
0.021374,0.697018,-0.029900
0.021378,0.717118,-0.029900
0.021381,0.697018,-0.050000
0.021384,0.717118,-0.050000
0.021387,0.697018,-0.029900
0.021390,0.717118,-0.050000
0.021394,0.717118,-0.029900
0.021397,0.717118,-0.029900
0.021400,0.717118,-0.029900
0.021403,0.717118,-0.050000
0.021406,0.697018,-0.029900
0.021410,0.717118,-0.029900
0.021413,0.717118,-0.029900
0.021416,0.717118,-0.050000
0.021419,0.697018,-0.029900
0.021422,0.717118,-0.050000
0.021426,0.717118,-0.050000
0.021429,0.717118,-0.050000
0.021432,0.717118,-0.050000
0.021435,0.717118,-0.050000
0.021438,0.717118,-0.050000
0.021442,0.717118,-0.050000
0.021445,0.717118,-0.050000
0.021448,0.717118,-0.050000
0.021451,0.717118,-0.050000
0.021454,0.717118,-0.050000
0.021458,0.717118,-0.070101
0.021461,0.717118,-0.070101
0.021464,0.717118,-0.070101
0.021467,0.717118,-0.070101
0.021470,0.717118,-0.050000
0.021474,0.737219,-0.050000
0.021477,0.717118,-0.070101
0.021480,0.737219,-0.070101
0.021483,0.717118,-0.070101
0.021486,0.717118,-0.070101
0.021490,0.737219,-0.050000
0.021493,0.737219,-0.070101
0.021496,0.737219,-0.090201
0.021499,0.717118,-0.070101
0.021502,0.737219,-0.070101
0.021506,0.737219,-0.070101
0.021509,0.737219,-0.050000
0.021512,0.737219,-0.050000
0.021515,0.737219,-0.070101
0.021518,0.737219,-0.070101
0.021522,0.717118,-0.050000
0.021525,0.737219,-0.050000
0.021528,0.737219,-0.050000
0.021531,0.737219,-0.050000
0.021534,0.737219,-0.050000
0.021538,0.737219,-0.050000
0.021541,0.737219,-0.050000
0.021544,0.737219,-0.050000
0.021547,0.737219,-0.050000
0.021550,0.737219,-0.050000
0.021554,0.737219,-0.029900
0.021557,0.757319,-0.029900
0.021560,0.737219,-0.029900
0.021563,0.757319,-0.029900
0.021566,0.737219,-0.029900
0.021570,0.737219,-0.029900
0.021573,0.737219,-0.029900
0.021576,0.737219,-0.029900
0.021579,0.737219,-0.029900
0.021582,0.757319,-0.029900
0.021586,0.737219,-0.050000
0.021589,0.737219,-0.050000
0.021592,0.737219,-0.050000
0.021595,0.757319,-0.029900
0.021598,0.757319,-0.050000
0.021602,0.757319,-0.029900
0.021605,0.757319,-0.050000
0.021608,0.737219,-0.050000
0.021611,0.757319,-0.050000
0.021614,0.757319,-0.050000
0.021618,0.737219,-0.029900
0.021621,0.757319,-0.029900
0.021624,0.757319,-0.050000
0.021627,0.757319,-0.050000
0.021630,0.757319,-0.050000
0.021634,0.757319,-0.050000
0.021637,0.737219,-0.029900
0.021640,0.757319,-0.029900
0.021643,0.757319,-0.029900
0.021646,0.757319,-0.050000
0.021650,0.757319,-0.050000
0.021653,0.757319,-0.050000
0.021656,0.757319,-0.050000
0.021659,0.757319,-0.050000
0.021662,0.757319,-0.050000
0.021666,0.757319,-0.029900
0.021669,0.757319,-0.050000
0.021672,0.757319,-0.050000
0.021675,0.757319,-0.050000
0.021678,0.757319,-0.070101
0.021682,0.757319,-0.070101
0.021685,0.777420,-0.050000
0.021688,0.757319,-0.050000
0.021691,0.757319,-0.070101
0.021694,0.757319,-0.050000
0.021698,0.757319,-0.050000
0.021701,0.777420,-0.050000
0.021704,0.777420,-0.050000
0.021707,0.757319,-0.050000
0.021710,0.777420,-0.029900
0.021714,0.757319,-0.029900
0.021717,0.757319,-0.009799
0.021720,0.757319,-0.029900
0.021723,0.757319,-0.029900
0.021726,0.757319,-0.029900
0.021730,0.757319,-0.029900
0.021733,0.777420,-0.029900
0.021736,0.757319,-0.029900
0.021739,0.777420,-0.050000
0.021742,0.757319,-0.050000
0.021746,0.757319,-0.050000
0.021749,0.757319,-0.029900
0.021752,0.757319,-0.029900
0.021755,0.777420,-0.029900
0.021758,0.757319,-0.029900
0.021762,0.777420,-0.029900
0.021765,0.777420,-0.029900
0.021768,0.777420,-0.029900
0.021771,0.777420,-0.029900
0.021774,0.777420,-0.029900
0.021778,0.777420,-0.029900
0.021781,0.797520,-0.050000
0.021784,0.777420,-0.029900
0.021787,0.777420,-0.050000
0.021790,0.777420,-0.050000
0.021794,0.777420,-0.050000
0.021797,0.777420,-0.050000
0.021800,0.777420,-0.070101
0.021803,0.777420,-0.029900
0.021806,0.777420,-0.029900
0.021810,0.777420,-0.029900
0.021813,0.797520,-0.050000
0.021816,0.777420,-0.029900
0.021819,0.777420,-0.029900
0.021822,0.777420,-0.029900
0.021826,0.777420,-0.050000
0.021829,0.777420,-0.050000
0.021832,0.777420,-0.029900
0.021835,0.777420,-0.029900
0.021838,0.797520,-0.050000
0.021842,0.777420,-0.029900
0.021845,0.777420,-0.029900
0.021848,0.797520,-0.029900
0.021851,0.777420,-0.050000
0.021854,0.777420,-0.050000
0.021858,0.797520,-0.029900
0.021861,0.777420,-0.029900
0.021864,0.797520,-0.029900
0.021867,0.777420,-0.050000
0.021870,0.777420,-0.029900
0.021874,0.797520,-0.029900
0.021877,0.797520,-0.050000
0.021880,0.797520,-0.029900
0.021883,0.797520,-0.029900
0.021886,0.797520,-0.050000
0.021890,0.797520,-0.029900
0.021893,0.797520,-0.029900
0.021896,0.777420,-0.029900
0.021899,0.777420,-0.029900
0.021902,0.797520,-0.029900
0.021906,0.797520,-0.029900
0.021909,0.797520,-0.029900
0.021912,0.797520,-0.029900
0.021915,0.797520,-0.029900
0.021918,0.797520,-0.050000
0.021922,0.797520,-0.029900
0.021925,0.797520,-0.029900
0.021928,0.797520,-0.050000
0.021931,0.797520,-0.029900
0.021934,0.797520,-0.029900
0.021938,0.797520,-0.029900
0.021941,0.797520,-0.050000
0.021944,0.817621,-0.029900
0.021947,0.797520,-0.050000
0.021950,0.817621,-0.050000
0.021954,0.797520,-0.050000
0.021957,0.797520,-0.050000
0.021960,0.797520,-0.050000
0.021963,0.797520,-0.050000
0.021966,0.817621,-0.050000
0.021970,0.797520,-0.050000
0.021973,0.797520,-0.050000
0.021976,0.797520,-0.050000
0.021979,0.797520,-0.029900
0.021982,0.797520,-0.050000
0.021986,0.797520,-0.029900
0.021989,0.797520,-0.029900
0.021992,0.817621,-0.029900
0.021995,0.817621,-0.029900
0.021998,0.817621,-0.029900
0.022002,0.817621,-0.029900
0.022005,0.797520,-0.029900
0.022008,0.817621,-0.050000
0.022011,0.797520,-0.050000
0.022014,0.797520,-0.029900
0.022018,0.817621,-0.050000
0.022021,0.817621,-0.029900
0.022024,0.797520,-0.050000
0.022027,0.797520,-0.050000
0.022030,0.817621,-0.029900
0.022034,0.817621,-0.050000
0.022037,0.817621,-0.050000
0.022040,0.817621,-0.029900
0.022043,0.797520,-0.029900
0.022046,0.817621,-0.029900
0.022050,0.817621,-0.029900
0.022053,0.797520,-0.009799
0.022056,0.797520,-0.009799
0.022059,0.817621,-0.009799
0.022062,0.797520,-0.009799
0.022066,0.817621,-0.009799
0.022069,0.817621,-0.009799
0.022072,0.817621,-0.029900
0.022075,0.817621,-0.029900
0.022078,0.797520,-0.009799
0.022082,0.817621,-0.029900
0.022085,0.817621,-0.029900
0.022088,0.817621,-0.029900
0.022091,0.817621,-0.029900
0.022094,0.817621,-0.050000
0.022098,0.817621,-0.029900
0.022101,0.817621,-0.029900
0.022104,0.817621,-0.029900
0.022107,0.817621,-0.050000
0.022110,0.797520,-0.050000
0.022114,0.817621,-0.050000
0.022117,0.817621,-0.050000
0.022120,0.817621,-0.050000
0.022123,0.817621,-0.050000
0.022126,0.817621,-0.070101
0.022130,0.817621,-0.050000
0.022133,0.837721,-0.070101
0.022136,0.817621,-0.070101
0.022139,0.817621,-0.050000
0.022142,0.817621,-0.070101
0.022146,0.817621,-0.050000
0.022149,0.817621,-0.050000
0.022152,0.837721,-0.029900
0.022155,0.837721,-0.050000
0.022158,0.817621,-0.029900
0.022162,0.837721,-0.029900
0.022165,0.817621,-0.029900
0.022168,0.817621,-0.029900
0.022171,0.817621,-0.029900
0.022174,0.837721,-0.029900
0.022178,0.817621,-0.050000
0.022181,0.837721,-0.029900
0.022184,0.837721,-0.029900
0.022187,0.817621,-0.029900
0.022190,0.837721,-0.009799
0.022194,0.837721,-0.009799
0.022197,0.837721,-0.029900
0.022200,0.817621,-0.029900
0.022203,0.817621,-0.029900
0.022206,0.837721,-0.009799
0.022210,0.837721,-0.009799
0.022213,0.837721,-0.009799
0.022216,0.837721,-0.029900
0.022219,0.817621,-0.009799
0.022222,0.837721,-0.009799
0.022226,0.837721,-0.029900
0.022229,0.837721,-0.029900
0.022232,0.837721,-0.029900
0.022235,0.837721,-0.009799
0.022238,0.837721,-0.009799
0.022242,0.837721,-0.009799
0.022245,0.817621,-0.009799
0.022248,0.837721,0.010301
0.022251,0.837721,-0.009799
0.022254,0.817621,-0.009799
0.022258,0.837721,-0.009799
0.022261,0.837721,-0.009799
0.022264,0.837721,0.010301
0.022267,0.837721,-0.009799
0.022270,0.837721,-0.009799
0.022274,0.837721,-0.009799
0.022277,0.837721,-0.009799
0.022280,0.837721,-0.009799
0.022283,0.837721,-0.009799
0.022286,0.837721,-0.009799
0.022290,0.837721,-0.009799
0.022293,0.837721,-0.009799
0.022296,0.837721,0.010301
0.022299,0.837721,-0.009799
0.022302,0.837721,-0.009799
0.022306,0.837721,-0.009799
0.022309,0.837721,-0.009799
0.022312,0.837721,-0.009799
0.022315,0.837721,0.010301
0.022318,0.837721,0.010301
0.022322,0.837721,0.010301
0.022325,0.837721,-0.009799
0.022328,0.837721,-0.009799
0.022331,0.857822,-0.009799
0.022334,0.837721,-0.009799
0.022338,0.837721,-0.009799
0.022341,0.837721,-0.009799
0.022344,0.837721,-0.009799
0.022347,0.837721,-0.009799
0.022350,0.837721,-0.009799
0.022354,0.857822,-0.009799
0.022357,0.857822,-0.029900
0.022360,0.837721,-0.009799
0.022363,0.857822,-0.029900
0.022366,0.837721,-0.009799
0.022370,0.857822,-0.009799
0.022373,0.857822,-0.009799
0.022376,0.837721,-0.009799
0.022379,0.837721,-0.029900
0.022382,0.857822,-0.009799
0.022386,0.857822,-0.029900
0.022389,0.837721,-0.029900
0.022392,0.837721,-0.009799
0.022395,0.857822,-0.029900
0.022398,0.857822,-0.029900
0.022402,0.857822,-0.009799
0.022405,0.857822,-0.009799
0.022408,0.857822,-0.029900
0.022411,0.837721,-0.029900
0.022414,0.857822,-0.029900
0.022418,0.857822,-0.029900
0.022421,0.837721,-0.029900
0.022424,0.857822,-0.029900
0.022427,0.837721,-0.050000
0.022430,0.837721,-0.029900
0.022434,0.837721,-0.050000
0.022437,0.857822,-0.029900
0.022440,0.857822,-0.050000
0.022443,0.837721,-0.029900
0.022446,0.857822,-0.029900
0.022450,0.857822,-0.029900
0.022453,0.857822,-0.029900
0.022456,0.857822,-0.029900
0.022459,0.857822,-0.009799
0.022462,0.857822,-0.029900
0.022466,0.837721,-0.009799
0.022469,0.857822,-0.009799
0.022472,0.857822,-0.009799
0.022475,0.857822,-0.009799
0.022478,0.857822,-0.029900
0.022482,0.857822,-0.029900
0.022485,0.857822,-0.029900
0.022488,0.857822,-0.050000
0.022491,0.877922,-0.050000
0.022494,0.857822,-0.050000
0.022498,0.857822,-0.029900
0.022501,0.857822,-0.029900
0.022504,0.857822,-0.029900
0.022507,0.857822,-0.029900
0.022510,0.877922,-0.050000
0.022514,0.857822,-0.050000
0.022517,0.857822,-0.050000
0.022520,0.857822,-0.050000
0.022523,0.857822,-0.050000
0.022526,0.877922,-0.029900
0.022530,0.857822,-0.029900
0.022533,0.877922,-0.029900
0.022536,0.857822,-0.029900
0.022539,0.857822,-0.029900
0.022542,0.857822,-0.029900
0.022546,0.857822,-0.009799
0.022549,0.857822,-0.029900
0.022552,0.857822,-0.029900
0.022555,0.877922,-0.009799
0.022558,0.857822,-0.029900
0.022562,0.857822,-0.029900
0.022565,0.857822,-0.009799
0.022568,0.877922,-0.009799
0.022571,0.877922,-0.009799
0.022574,0.857822,0.010301
0.022578,0.877922,-0.009799
0.022581,0.857822,0.010301
0.022584,0.857822,0.010301
0.022587,0.857822,0.010301
0.022590,0.857822,0.010301
0.022594,0.857822,0.030402
0.022597,0.857822,0.010301
0.022600,0.857822,0.030402
0.022603,0.877922,0.030402
0.022606,0.877922,0.030402
0.022610,0.857822,0.030402
0.022613,0.877922,0.030402
0.022616,0.877922,0.030402
0.022619,0.877922,0.030402
0.022622,0.877922,0.030402
0.022626,0.857822,0.010301
0.022629,0.857822,0.010301
0.022632,0.877922,0.010301
0.022635,0.877922,0.010301
0.022638,0.877922,0.010301
0.022642,0.877922,0.010301
0.022645,0.877922,0.010301
0.022648,0.877922,0.010301
0.022651,0.877922,0.010301
0.022654,0.857822,0.010301
0.022658,0.877922,0.010301
0.022661,0.857822,0.010301
0.022664,0.877922,-0.009799
0.022667,0.877922,0.010301
0.022670,0.857822,-0.009799
0.022674,0.857822,-0.009799
0.022677,0.877922,0.010301
0.022680,0.877922,0.010301
0.022683,0.877922,0.010301
0.022686,0.877922,0.030402
0.022690,0.877922,0.030402
0.022693,0.877922,0.030402
0.022696,0.877922,0.030402
0.022699,0.877922,0.030402
0.022702,0.877922,0.030402
0.022706,0.877922,0.030402
0.022709,0.877922,0.030402
0.022712,0.877922,0.030402
0.022715,0.877922,0.030402
0.022718,0.877922,0.030402
0.022722,0.857822,0.030402
0.022725,0.877922,0.050502
0.022728,0.898023,0.030402
0.022731,0.877922,0.030402
0.022734,0.877922,0.030402
0.022738,0.877922,0.030402
0.022741,0.877922,0.030402
0.022744,0.877922,0.030402
0.022747,0.877922,0.030402
0.022750,0.877922,0.030402
0.022754,0.877922,0.030402
0.022757,0.877922,0.030402
0.022760,0.898023,0.030402
0.022763,0.877922,0.030402
0.022766,0.877922,0.030402
0.022770,0.877922,0.050502
0.022773,0.877922,0.050502
0.022776,0.877922,0.050502
0.022779,0.877922,0.010301
0.022782,0.877922,0.010301
0.022786,0.877922,0.030402
0.022789,0.898023,0.030402
0.022792,0.877922,0.010301
0.022795,0.877922,0.010301
0.022798,0.877922,0.010301
0.022802,0.898023,0.030402
0.022805,0.877922,0.010301
0.022808,0.877922,0.010301
0.022811,0.877922,0.010301
0.022814,0.877922,0.010301
0.022818,0.877922,0.010301
0.022821,0.898023,0.010301
0.022824,0.877922,0.010301
0.022827,0.877922,0.030402
0.022830,0.877922,0.010301
0.022834,0.877922,0.030402
0.022837,0.877922,0.010301
0.022840,0.877922,0.010301
0.022843,0.877922,0.030402
0.022846,0.898023,0.010301
0.022850,0.898023,0.030402
0.022853,0.877922,0.010301
0.022856,0.898023,0.030402
0.022859,0.898023,0.030402
0.022862,0.898023,0.010301
0.022866,0.898023,0.010301
0.022869,0.877922,0.010301
0.022872,0.898023,-0.009799
0.022875,0.898023,-0.009799
0.022878,0.877922,-0.009799
0.022882,0.898023,-0.009799
0.022885,0.877922,-0.009799
0.022888,0.898023,-0.009799
0.022891,0.898023,0.010301
0.022894,0.898023,0.010301
0.022898,0.898023,0.010301
0.022901,0.898023,0.010301
0.022904,0.898023,0.010301
0.022907,0.898023,-0.009799
0.022910,0.877922,0.010301
0.022914,0.898023,0.010301
0.022917,0.898023,0.010301
0.022920,0.898023,0.010301
0.022923,0.898023,0.010301
0.022926,0.898023,-0.009799
0.022930,0.877922,0.010301
0.022933,0.898023,0.010301
0.022936,0.898023,0.010301
0.022939,0.898023,0.010301
0.022942,0.898023,0.010301
0.022946,0.877922,0.010301
0.022949,0.877922,-0.009799
0.022952,0.898023,0.010301
0.022955,0.877922,0.010301
0.022958,0.877922,0.010301
0.022962,0.877922,0.010301
0.022965,0.898023,0.010301
0.022968,0.898023,-0.009799
0.022971,0.898023,0.010301
0.022974,0.898023,-0.009799
0.022978,0.898023,-0.009799
0.022981,0.898023,0.010301
0.022984,0.898023,0.030402
0.022987,0.898023,0.010301
0.022990,0.877922,0.030402
0.022994,0.898023,0.010301
0.022997,0.898023,0.030402
0.023000,0.898023,0.030402
0.023003,0.898023,0.030402
0.023006,0.898023,0.030402
0.023010,0.898023,0.030402
0.023013,0.898023,0.030402
0.023016,0.898023,0.010301
0.023019,0.898023,0.030402
0.023022,0.898023,0.010301
0.023026,0.898023,0.010301
0.023029,0.898023,0.010301
0.023032,0.898023,0.010301
0.023035,0.898023,0.030402
0.023038,0.898023,0.030402
0.023042,0.898023,0.010301
0.023045,0.898023,0.010301
0.023048,0.898023,0.030402
0.023051,0.898023,0.030402
0.023054,0.898023,0.030402
0.023058,0.898023,0.030402
0.023061,0.898023,0.050502
0.023064,0.898023,0.030402
0.023067,0.898023,0.050502
0.023070,0.898023,0.030402
0.023074,0.898023,0.030402
0.023077,0.898023,0.030402
0.023080,0.898023,0.030402
0.023083,0.898023,0.030402
0.023086,0.898023,0.030402
0.023090,0.898023,0.030402
0.023093,0.898023,0.050502
0.023096,0.898023,0.030402
0.023099,0.898023,0.030402
0.023102,0.898023,0.010301
0.023106,0.898023,0.030402
0.023109,0.898023,0.010301
0.023112,0.898023,0.010301
0.023115,0.898023,0.010301
0.023118,0.877922,-0.009799
0.023122,0.898023,-0.009799
0.023125,0.898023,-0.009799
0.023128,0.898023,-0.009799
0.023131,0.898023,-0.009799
0.023134,0.898023,-0.009799
0.023138,0.898023,-0.029900
0.023141,0.898023,-0.029900
0.023144,0.898023,-0.029900
0.023147,0.898023,-0.029900
0.023150,0.898023,-0.029900
0.023154,0.918123,-0.029900
0.023157,0.898023,-0.009799
0.023160,0.898023,-0.009799
0.023163,0.898023,-0.029900
0.023166,0.898023,-0.009799
0.023170,0.898023,-0.009799
0.023173,0.898023,-0.009799
0.023176,0.898023,-0.009799
0.023179,0.898023,-0.009799
0.023182,0.898023,-0.009799
0.023186,0.898023,-0.009799
0.023189,0.898023,-0.009799
0.023192,0.898023,-0.029900
0.023195,0.898023,-0.029900
0.023198,0.898023,-0.029900
0.023202,0.898023,-0.029900
0.023205,0.898023,-0.009799
0.023208,0.898023,-0.029900
0.023211,0.898023,-0.009799
0.023214,0.898023,-0.029900
0.023218,0.898023,-0.009799
0.023221,0.898023,-0.009799
0.023224,0.918123,-0.009799
0.023227,0.898023,-0.009799
0.023230,0.918123,-0.029900
0.023234,0.898023,-0.009799
0.023237,0.918123,-0.009799
0.023240,0.898023,-0.029900
0.023243,0.918123,-0.029900
0.023246,0.918123,-0.009799
0.023250,0.898023,-0.009799
0.023253,0.918123,-0.009799
0.023256,0.918123,-0.009799
0.023259,0.898023,-0.009799
0.023262,0.898023,-0.009799
0.023266,0.898023,-0.029900
0.023269,0.898023,-0.009799
0.023272,0.918123,-0.029900
0.023275,0.918123,-0.029900
0.023278,0.918123,-0.029900
0.023282,0.918123,-0.029900
0.023285,0.898023,-0.009799
0.023288,0.918123,-0.029900
0.023291,0.918123,-0.029900
0.023294,0.918123,-0.029900
0.023298,0.918123,-0.029900
0.023301,0.898023,-0.050000
0.023304,0.898023,-0.029900
0.023307,0.898023,-0.050000
0.023310,0.918123,-0.050000
0.023314,0.898023,-0.050000
0.023317,0.898023,-0.050000
0.023320,0.918123,-0.050000
0.023323,0.898023,-0.050000
0.023326,0.918123,-0.029900
0.023330,0.898023,-0.029900
0.023333,0.918123,-0.029900
0.023336,0.898023,-0.029900
0.023339,0.918123,-0.029900
0.023342,0.898023,-0.029900
0.023346,0.898023,-0.029900
0.023349,0.918123,-0.029900
0.023352,0.918123,-0.029900
0.023355,0.918123,-0.029900
0.023358,0.918123,-0.029900
0.023362,0.918123,-0.029900
0.023365,0.898023,-0.029900
0.023368,0.918123,-0.050000
0.023371,0.918123,-0.009799
0.023374,0.918123,-0.009799
0.023378,0.898023,-0.009799
0.023381,0.918123,-0.009799
0.023384,0.918123,-0.029900
0.023387,0.898023,-0.009799
0.023390,0.898023,-0.009799
0.023394,0.918123,-0.029900
0.023397,0.918123,-0.009799
0.023400,0.898023,-0.029900
0.023403,0.898023,-0.009799
0.023406,0.898023,-0.009799
0.023410,0.918123,-0.029900
0.023413,0.898023,-0.009799
0.023416,0.918123,-0.029900
0.023419,0.898023,-0.009799
0.023422,0.898023,-0.009799
0.023426,0.918123,-0.009799
0.023429,0.898023,-0.009799
0.023432,0.918123,-0.009799
0.023435,0.918123,-0.009799
0.023438,0.918123,-0.009799
0.023442,0.918123,-0.009799
0.023445,0.918123,-0.009799
0.023448,0.918123,-0.009799
0.023451,0.898023,-0.029900
0.023454,0.918123,-0.029900
0.023458,0.918123,-0.029900
0.023461,0.918123,-0.009799
0.023464,0.918123,-0.029900
0.023467,0.918123,-0.029900
0.023470,0.918123,-0.029900
0.023474,0.918123,-0.029900
0.023477,0.918123,-0.029900
0.023480,0.918123,-0.029900
0.023483,0.898023,-0.029900
0.023486,0.918123,-0.029900
0.023490,0.918123,-0.029900
0.023493,0.898023,-0.009799
0.023496,0.898023,-0.009799
0.023499,0.918123,-0.029900
0.023502,0.918123,-0.009799
0.023506,0.918123,-0.009799
0.023509,0.898023,-0.009799
0.023512,0.918123,-0.009799
0.023515,0.918123,-0.009799
0.023518,0.918123,-0.009799
0.023522,0.918123,0.010301
0.023525,0.918123,-0.009799
0.023528,0.918123,-0.009799
0.023531,0.918123,-0.009799
0.023534,0.918123,-0.009799
0.023538,0.918123,0.010301
0.023541,0.918123,-0.009799
0.023544,0.898023,-0.009799
0.023547,0.918123,-0.009799
0.023550,0.918123,-0.009799
0.023554,0.898023,-0.009799
0.023557,0.898023,0.010301
0.023560,0.898023,0.010301
0.023563,0.918123,0.010301
0.023566,0.918123,0.010301
0.023570,0.918123,0.010301
0.023573,0.918123,-0.009799
0.023576,0.918123,0.010301
0.023579,0.918123,0.010301
0.023582,0.918123,0.010301
0.023586,0.898023,0.010301
0.023589,0.918123,-0.009799
0.023592,0.918123,-0.009799
0.023595,0.918123,0.010301
0.023598,0.918123,-0.009799
0.023602,0.898023,-0.009799
0.023605,0.918123,-0.009799
0.023608,0.918123,-0.009799
0.023611,0.898023,-0.009799
0.023614,0.918123,-0.009799
0.023618,0.918123,-0.009799
0.023621,0.898023,0.010301
0.023624,0.918123,0.010301
0.023627,0.918123,-0.009799
0.023630,0.918123,0.010301
0.023634,0.918123,0.010301
0.023637,0.918123,-0.009799
0.023640,0.918123,-0.009799
0.023643,0.918123,-0.009799
0.023646,0.918123,0.010301
0.023650,0.918123,-0.009799
0.023653,0.898023,-0.009799
0.023656,0.918123,-0.009799
0.023659,0.918123,0.010301
0.023662,0.918123,-0.009799
0.023666,0.898023,-0.009799
0.023669,0.898023,-0.009799
0.023672,0.918123,-0.009799
0.023675,0.918123,-0.009799
0.023678,0.918123,-0.009799
0.023682,0.898023,-0.009799
0.023685,0.918123,-0.009799
0.023688,0.918123,0.010301
0.023691,0.898023,0.010301
0.023694,0.898023,-0.009799
0.023698,0.918123,-0.009799
0.023701,0.898023,0.010301
0.023704,0.918123,-0.009799
0.023707,0.898023,0.010301
0.023710,0.918123,0.010301
0.023714,0.898023,-0.009799
0.023717,0.918123,0.010301
0.023720,0.898023,-0.009799
0.023723,0.898023,-0.009799
0.023726,0.918123,-0.009799
0.023730,0.918123,-0.009799
0.023733,0.918123,-0.029900
0.023736,0.898023,-0.009799
0.023739,0.918123,-0.009799
0.023742,0.898023,-0.029900
0.023746,0.918123,-0.009799
0.023749,0.898023,-0.009799
0.023752,0.918123,-0.009799
0.023755,0.918123,-0.009799
0.023758,0.898023,-0.009799
0.023762,0.898023,-0.009799
0.023765,0.918123,-0.009799
0.023768,0.918123,-0.029900
0.023771,0.898023,-0.009799
0.023774,0.898023,-0.009799
0.023778,0.918123,-0.009799
0.023781,0.918123,-0.009799
0.023784,0.918123,-0.029900
0.023787,0.918123,-0.029900
0.023790,0.898023,-0.029900
0.023794,0.918123,-0.029900
0.023797,0.918123,-0.009799
0.023800,0.918123,-0.029900
0.023803,0.918123,-0.029900
0.023806,0.918123,-0.009799
0.023810,0.898023,-0.029900
0.023813,0.898023,-0.029900
0.023816,0.898023,-0.029900
0.023819,0.898023,-0.029900
0.023822,0.918123,-0.029900
0.023826,0.918123,-0.009799
0.023829,0.918123,-0.009799
0.023832,0.898023,-0.009799
0.023835,0.898023,-0.009799
0.023838,0.898023,-0.029900
0.023842,0.918123,-0.029900
0.023845,0.898023,-0.009799
0.023848,0.898023,-0.029900
0.023851,0.918123,-0.009799
0.023854,0.918123,-0.009799
0.023858,0.918123,-0.009799
0.023861,0.918123,-0.009799
0.023864,0.898023,0.010301
0.023867,0.898023,-0.009799
0.023870,0.918123,0.010301
0.023874,0.898023,0.010301
0.023877,0.898023,0.010301
0.023880,0.898023,0.010301
0.023883,0.918123,0.010301
0.023886,0.918123,0.010301
0.023890,0.898023,0.010301
0.023893,0.898023,0.010301
0.023896,0.898023,0.010301
0.023899,0.898023,0.010301
0.023902,0.898023,0.010301
0.023906,0.918123,0.010301
0.023909,0.898023,0.010301
0.023912,0.898023,0.010301
0.023915,0.918123,-0.009799
0.023918,0.898023,0.010301
0.023922,0.898023,-0.009799
0.023925,0.898023,0.010301
0.023928,0.918123,0.010301
0.023931,0.898023,0.010301
0.023934,0.918123,0.010301
0.023938,0.898023,-0.009799
0.023941,0.918123,0.010301
0.023944,0.918123,-0.009799
0.023947,0.918123,-0.009799
0.023950,0.898023,-0.009799
0.023954,0.898023,-0.009799
0.023957,0.898023,-0.009799
0.023960,0.918123,-0.009799
0.023963,0.918123,-0.009799
0.023966,0.898023,-0.009799
0.023970,0.898023,-0.009799
0.023973,0.898023,-0.009799
0.023976,0.898023,-0.009799
0.023979,0.918123,-0.009799
0.023982,0.898023,-0.009799
0.023986,0.918123,-0.029900
0.023989,0.898023,-0.009799
0.023992,0.898023,-0.029900
0.023995,0.898023,-0.029900
0.023998,0.898023,-0.029900
0.024002,0.898023,-0.009799
0.024005,0.898023,-0.029900
0.024008,0.898023,-0.029900
0.024011,0.898023,-0.029900
0.024014,0.898023,-0.029900
0.024018,0.918123,-0.050000
0.024021,0.898023,-0.029900
0.024024,0.918123,-0.050000
0.024027,0.898023,-0.050000
0.024030,0.898023,-0.009799
0.024034,0.898023,-0.029900
0.024037,0.898023,-0.029900
0.024040,0.898023,-0.029900
0.024043,0.898023,-0.029900
0.024046,0.898023,-0.029900
0.024050,0.898023,-0.050000
0.024053,0.898023,-0.029900
0.024056,0.877922,-0.029900
0.024059,0.877922,-0.029900
0.024062,0.898023,-0.029900
0.024066,0.898023,-0.029900
0.024069,0.898023,-0.029900
0.024072,0.898023,-0.029900
0.024075,0.898023,-0.009799
0.024078,0.898023,-0.009799
0.024082,0.898023,-0.009799
0.024085,0.898023,-0.009799
0.024088,0.898023,-0.009799
0.024091,0.898023,-0.009799
0.024094,0.898023,-0.009799
0.024098,0.898023,-0.009799
0.024101,0.898023,-0.009799
0.024104,0.898023,-0.009799
0.024107,0.898023,-0.009799
0.024110,0.898023,-0.009799
0.024114,0.898023,-0.009799
0.024117,0.898023,-0.009799
0.024120,0.898023,-0.009799
0.024123,0.898023,-0.009799
0.024126,0.898023,-0.009799
0.024130,0.898023,-0.009799
0.024133,0.898023,-0.009799
0.024136,0.898023,-0.009799
0.024139,0.898023,0.010301
0.024142,0.898023,0.010301
0.024146,0.898023,-0.009799
0.024149,0.898023,0.010301
0.024152,0.898023,0.010301
0.024155,0.898023,-0.009799
0.024158,0.898023,-0.009799
0.024162,0.898023,-0.009799
0.024165,0.898023,0.010301
0.024168,0.898023,0.010301
0.024171,0.898023,0.010301
0.024174,0.898023,0.010301
0.024178,0.898023,0.010301
0.024181,0.898023,-0.009799
0.024184,0.898023,0.010301
0.024187,0.877922,-0.009799
0.024190,0.898023,-0.009799
0.024194,0.898023,-0.009799
0.024197,0.877922,-0.009799
0.024200,0.898023,0.010301
0.024203,0.898023,-0.009799
0.024206,0.898023,-0.009799
0.024210,0.877922,0.010301
0.024213,0.898023,-0.009799
0.024216,0.898023,-0.009799
0.024219,0.898023,-0.009799
0.024222,0.898023,-0.009799
0.024226,0.898023,0.010301
0.024229,0.898023,-0.009799
0.024232,0.898023,-0.009799
0.024235,0.898023,0.010301
0.024238,0.877922,-0.009799
0.024242,0.898023,0.010301
0.024245,0.877922,0.010301
0.024248,0.898023,-0.009799
0.024251,0.877922,0.010301
0.024254,0.898023,0.010301
0.024258,0.877922,-0.009799
0.024261,0.877922,-0.009799
0.024264,0.877922,-0.009799
0.024267,0.877922,-0.009799
0.024270,0.877922,-0.009799
0.024274,0.898023,-0.009799
0.024277,0.898023,-0.009799
0.024280,0.898023,-0.009799
0.024283,0.898023,-0.009799
0.024286,0.877922,-0.009799
0.024290,0.898023,0.010301
0.024293,0.898023,0.010301
0.024296,0.877922,0.010301
0.024299,0.877922,-0.009799
0.024302,0.898023,-0.009799
0.024306,0.877922,-0.009799
0.024309,0.898023,-0.009799
0.024312,0.877922,-0.009799
0.024315,0.898023,-0.009799
0.024318,0.898023,-0.009799
0.024322,0.877922,-0.009799
0.024325,0.877922,-0.009799
0.024328,0.898023,-0.009799
0.024331,0.898023,-0.009799
0.024334,0.877922,-0.009799
0.024338,0.898023,-0.009799
0.024341,0.877922,-0.009799
0.024344,0.898023,-0.029900
0.024347,0.877922,-0.009799
0.024350,0.877922,-0.029900
0.024354,0.877922,-0.009799
0.024357,0.877922,-0.029900
0.024360,0.877922,-0.029900
0.024363,0.898023,-0.009799
0.024366,0.877922,-0.029900
0.024370,0.898023,-0.029900
0.024373,0.898023,-0.029900
0.024376,0.898023,-0.009799
0.024379,0.877922,-0.009799
0.024382,0.898023,-0.009799
0.024386,0.877922,-0.009799
0.024389,0.877922,-0.029900
0.024392,0.877922,-0.029900
0.024395,0.877922,-0.009799
0.024398,0.877922,-0.029900
0.024402,0.877922,-0.009799
0.024405,0.877922,-0.009799
0.024408,0.877922,-0.009799
0.024411,0.877922,0.010301
0.024414,0.877922,0.010301
0.024418,0.877922,-0.009799
0.024421,0.898023,0.010301
0.024424,0.877922,-0.009799
0.024427,0.877922,-0.009799
0.024430,0.877922,-0.009799
0.024434,0.877922,-0.009799
0.024437,0.898023,-0.009799
0.024440,0.877922,-0.009799
0.024443,0.877922,-0.009799
0.024446,0.877922,-0.009799
0.024450,0.877922,-0.009799
0.024453,0.877922,-0.009799
0.024456,0.877922,-0.009799
0.024459,0.877922,0.010301
0.024462,0.877922,-0.009799
0.024466,0.877922,-0.009799
0.024469,0.877922,-0.009799
0.024472,0.877922,0.010301
0.024475,0.877922,-0.009799
0.024478,0.877922,0.010301
0.024482,0.857822,0.010301
0.024485,0.877922,0.010301
0.024488,0.877922,0.010301
0.024491,0.857822,0.030402
0.024494,0.877922,0.010301
0.024498,0.877922,0.010301
0.024501,0.877922,0.010301
0.024504,0.877922,-0.009799
0.024507,0.877922,0.010301
0.024510,0.877922,0.010301
0.024514,0.877922,0.010301
0.024517,0.877922,-0.009799
0.024520,0.877922,0.010301
0.024523,0.877922,0.010301
0.024526,0.857822,-0.009799
0.024530,0.877922,0.010301
0.024533,0.877922,0.010301
0.024536,0.877922,-0.009799
0.024539,0.877922,-0.009799
0.024542,0.877922,0.010301
0.024546,0.857822,-0.009799
0.024549,0.857822,0.010301
0.024552,0.857822,-0.009799
0.024555,0.877922,-0.009799
0.024558,0.857822,-0.009799
0.024562,0.857822,-0.009799
0.024565,0.877922,-0.009799
0.024568,0.857822,-0.009799
0.024571,0.877922,0.010301
0.024574,0.857822,0.010301
0.024578,0.877922,0.010301
0.024581,0.857822,0.010301
0.024584,0.857822,0.010301
0.024587,0.877922,0.010301
0.024590,0.877922,0.010301
0.024594,0.857822,0.010301
0.024597,0.857822,0.010301
0.024600,0.857822,0.010301
0.024603,0.877922,0.010301
0.024606,0.877922,0.010301
0.024610,0.857822,0.010301
0.024613,0.877922,0.010301
0.024616,0.877922,0.010301
0.024619,0.857822,0.010301
0.024622,0.877922,0.010301
0.024626,0.877922,0.010301
0.024629,0.877922,0.010301
0.024632,0.877922,0.030402
0.024635,0.857822,0.010301
0.024638,0.857822,0.030402
0.024642,0.877922,0.030402
0.024645,0.877922,0.010301
0.024648,0.877922,0.010301
0.024651,0.857822,0.030402
0.024654,0.877922,0.010301
0.024658,0.857822,0.010301
0.024661,0.877922,0.010301
0.024664,0.877922,0.010301
0.024667,0.857822,-0.009799
0.024670,0.857822,0.010301
0.024674,0.877922,0.010301
0.024677,0.857822,-0.009799
0.024680,0.877922,0.010301
0.024683,0.877922,0.010301
0.024686,0.857822,-0.009799
0.024690,0.857822,0.010301
0.024693,0.857822,0.010301
0.024696,0.857822,0.010301
0.024699,0.857822,0.010301
0.024702,0.877922,0.010301
0.024706,0.857822,0.010301
0.024709,0.857822,0.010301
0.024712,0.857822,-0.009799
0.024715,0.857822,0.010301
0.024718,0.857822,-0.009799
0.024722,0.857822,0.010301
0.024725,0.857822,0.010301
0.024728,0.857822,0.010301
0.024731,0.857822,-0.009799
0.024734,0.857822,0.010301
0.024738,0.877922,0.010301
0.024741,0.857822,0.010301
0.024744,0.837721,0.010301
0.024747,0.857822,0.010301
0.024750,0.857822,-0.009799
0.024754,0.857822,-0.009799
0.024757,0.857822,-0.009799
0.024760,0.857822,0.010301
0.024763,0.837721,-0.009799
0.024766,0.837721,-0.009799
0.024770,0.877922,-0.009799
0.024773,0.857822,0.010301
0.024776,0.857822,-0.009799
0.024779,0.857822,0.010301
0.024782,0.857822,0.010301
0.024786,0.877922,-0.009799
0.024789,0.877922,-0.009799
0.024792,0.857822,-0.009799
0.024795,0.857822,0.010301
0.024798,0.857822,-0.009799
0.024802,0.857822,-0.009799
0.024805,0.857822,0.010301
0.024808,0.857822,0.010301
0.024811,0.857822,0.010301
0.024814,0.857822,0.010301
0.024818,0.857822,0.010301
0.024821,0.857822,0.010301
0.024824,0.837721,0.010301
0.024827,0.837721,0.010301
0.024830,0.857822,-0.009799
0.024834,0.857822,-0.009799
0.024837,0.857822,-0.009799
0.024840,0.857822,0.010301
0.024843,0.857822,-0.009799
0.024846,0.857822,-0.009799
0.024850,0.857822,-0.009799
0.024853,0.837721,-0.009799
0.024856,0.857822,0.010301
0.024859,0.857822,0.010301
0.024862,0.837721,0.010301
0.024866,0.837721,0.010301
0.024869,0.837721,0.010301
0.024872,0.857822,0.010301
0.024875,0.837721,0.010301
0.024878,0.857822,0.010301
0.024882,0.857822,0.030402
0.024885,0.857822,0.010301
0.024888,0.837721,0.010301
0.024891,0.857822,0.030402
0.024894,0.837721,0.030402
0.024898,0.837721,0.010301
0.024901,0.857822,0.010301
0.024904,0.857822,0.010301
0.024907,0.857822,0.010301
0.024910,0.837721,0.010301
0.024914,0.837721,0.010301
0.024917,0.837721,-0.009799
0.024920,0.857822,0.010301
0.024923,0.837721,-0.009799
0.024926,0.837721,0.010301
0.024930,0.857822,-0.009799
0.024933,0.837721,-0.009799
0.024936,0.857822,0.010301
0.024939,0.837721,-0.009799
0.024942,0.857822,0.010301
0.024946,0.837721,0.010301
0.024949,0.837721,0.010301
0.024952,0.837721,0.030402
0.024955,0.837721,-0.009799
0.024958,0.837721,0.010301
0.024962,0.837721,0.010301
0.024965,0.837721,0.010301
0.024968,0.837721,0.010301
0.024971,0.837721,-0.009799
0.024974,0.857822,-0.009799
0.024978,0.837721,0.010301
0.024981,0.837721,0.030402
0.024984,0.837721,0.010301
0.024987,0.837721,-0.009799
0.024990,0.837721,0.010301
0.024994,0.837721,0.010301
0.024997,0.837721,0.010301
